name,year,team,AB,R,H,2B,3B,HR,RBI,SB,CS,BB,HBP,SO,GDP,AVG,SLG,OBP,OPS,SBPER
°¡¸£½Ã¾Æ,2010,·Ôµ¥,429,73,108,16,1,26,83,3,0,49,2,123,4,0.252,0.476,0.328,0.804,1
°¡¸£½Ã¾Æ,2011,ÇÑÈ­,268,37,66,12,0,18,61,1,5,24,0,55,5,0.246,0.493,0.308,0.801,0.167
°¡ÄÚ,2011,»ï¼º,189,21,46,8,0,1,28,0,1,22,5,34,12,0.243,0.302,0.332,0.634,0
°­°æÇÐ,2011,ÇÑÈ­,1,0,0,0,0,0,0,0,0,0,0,1,0,0,0,0,0,NA
°­°æÇÐ,2014,ÇÑÈ­,86,11,19,2,3,1,7,0,0,13,2,28,1,0.221,0.349,0.337,0.686,NA
°­±¸¼º,2013,NC,2,0,0,0,0,0,0,0,0,0,0,0,0,0,0,0,0,NA
°­±ÍÅÂ,2010,³Ø¼¾,269,24,62,9,0,3,34,0,2,17,2,31,13,0.23,0.297,0.278,0.575,0
°­±ÍÅÂ,2011,³Ø¼¾,81,4,19,4,1,1,10,1,0,5,0,11,4,0.235,0.346,0.276,0.622,1
°­±ÍÅÂ,2012,³Ø¼¾,19,2,4,0,0,0,1,0,0,0,1,4,0,0.211,0.211,0.25,0.461,NA
°­µ¿¿ì,2010,ÇÑÈ­,309,45,78,8,1,4,22,14,6,43,1,33,10,0.252,0.324,0.343,0.667,0.7
°­µ¿¿ì,2011,ÇÑÈ­,518,83,149,13,3,13,51,17,15,62,2,71,9,0.288,0.4,0.363,0.763,0.531
°­µ¿¿ì,2012,ÇÑÈ­,257,35,65,16,1,2,22,1,2,26,0,21,5,0.253,0.346,0.319,0.665,0.333
°­µ¿¿ì,2013,ÇÑÈ­,52,4,11,1,1,0,3,0,0,7,0,7,1,0.212,0.269,0.3,0.569,NA
°­¸í±¸,2010,»ï¼º,63,17,17,5,0,0,9,7,3,2,1,10,3,0.27,0.349,0.303,0.652,0.7
°­¸í±¸,2011,»ï¼º,58,22,10,1,0,1,5,19,4,5,0,16,0,0.172,0.241,0.234,0.475,0.826
°­¸í±¸,2012,»ï¼º,10,16,1,0,0,0,0,15,3,1,0,1,1,0.1,0.1,0.182,0.282,0.833
°­¸í±¸,2013,»ï¼º,58,22,11,0,1,0,6,11,1,4,1,4,4,0.19,0.224,0.254,0.478,0.917
°­¸í±¸,2014,»ï¼º,4,8,0,0,0,0,0,3,1,0,0,3,0,0,0,0,0,0.75
°­¹Î±¹,2014,NC,3,0,0,0,0,0,0,0,0,0,0,0,0,0,0,0,0,NA
°­¹ÎÈ£,2010,·Ôµ¥,410,66,125,19,1,23,72,2,7,42,8,65,16,0.305,0.524,0.376,0.9,0.222
°­¹ÎÈ£,2011,·Ôµ¥,450,63,130,25,2,19,66,4,6,47,8,81,18,0.289,0.48,0.366,0.846,0.4
°­¹ÎÈ£,2012,·Ôµ¥,400,41,109,21,0,19,66,0,1,44,8,97,9,0.273,0.468,0.355,0.823,0
°­¹ÎÈ£,2013,·Ôµ¥,327,48,77,13,0,11,57,4,1,60,11,87,5,0.235,0.376,0.366,0.742,0.8
°­¹ÎÈ£,2014,·Ôµ¥,310,37,71,14,2,16,40,1,2,33,13,92,6,0.229,0.442,0.325,0.767,0.333
°­º´½Ä,2010,³Ø¼¾,251,32,72,9,1,9,30,2,2,34,11,51,5,0.287,0.438,0.391,0.829,0.5
°­º´½Ä,2011,³Ø¼¾,167,16,29,8,1,2,17,2,0,15,2,53,3,0.174,0.269,0.249,0.518,1
°­º´½Ä,2012,³Ø¼¾,30,4,6,2,0,0,2,1,1,5,1,9,0,0.2,0.267,0.333,0.6,0.5
°­º´¿ì,2010,³Ø¼¾,2,2,1,0,0,0,0,2,2,0,0,0,0,0.5,0.5,0.5,1,0.5
°­ºÀ±Ô,2010,»ï¼º,232,38,55,12,0,4,26,8,0,40,2,44,8,0.237,0.341,0.353,0.694,1
°­ºÀ±Ô,2011,»ï¼º,146,14,39,7,1,1,18,3,1,17,2,24,3,0.267,0.349,0.347,0.696,0.75
°­ºÀ±Ô,2012,»ï¼º,235,30,60,10,1,6,38,5,3,28,2,49,5,0.255,0.383,0.332,0.715,0.625
°­ºÀ±Ô,2013,»ï¼º,82,11,17,5,0,0,5,3,0,14,1,19,5,0.207,0.268,0.327,0.595,1
°­¿µ½Ä,2013,·Ôµ¥,1,0,0,0,0,0,0,0,0,0,0,1,0,0,0,0,0,NA
°­Á¤È£,2010,³Ø¼¾,449,60,135,30,2,12,58,2,2,61,7,87,14,0.301,0.457,0.391,0.848,0.5
°­Á¤È£,2011,³Ø¼¾,444,53,125,22,2,9,63,4,6,43,9,62,12,0.282,0.401,0.353,0.754,0.4
°­Á¤È£,2012,³Ø¼¾,436,77,137,32,0,25,82,21,5,71,6,78,16,0.314,0.56,0.413,0.973,0.808
°­Á¤È£,2013,³Ø¼¾,450,67,131,21,1,22,96,15,8,68,6,109,18,0.291,0.489,0.387,0.876,0.652
°­Á¤È£,2014,³Ø¼¾,418,103,149,36,2,40,117,3,3,68,13,106,8,0.356,0.739,0.459,1.198,0.5
°­Áö±¤,2014,³Ø¼¾,1,0,0,0,0,0,0,0,0,0,0,1,0,0,0,0,0,NA
°­Áø¼º,2013,NC,2,1,1,1,0,0,0,0,0,1,0,0,0,0.5,1,0.667,1.667,NA
°­ÇÑ¿ï,2014,KIA,208,32,55,5,4,0,14,4,2,8,1,44,1,0.264,0.327,0.294,0.621,0.667
°íµµÇö,2013,·Ôµ¥,4,0,1,0,0,0,1,0,0,0,0,2,0,0.25,0.25,0.25,0.5,NA
°íµµÇö,2014,·Ôµ¥,7,0,2,0,0,0,1,0,0,0,0,2,0,0.286,0.286,0.286,0.572,NA
°íµ¿Áø,2011,ÇÑÈ­,195,31,49,9,0,3,19,3,2,15,5,33,5,0.251,0.344,0.319,0.663,0.6
°íµ¿Áø,2012,ÇÑÈ­,281,32,76,12,0,3,29,8,9,38,5,48,10,0.27,0.345,0.367,0.712,0.471
°íµ¿Áø,2013,ÇÑÈ­,312,31,85,14,0,1,31,4,8,34,6,54,11,0.272,0.327,0.35,0.677,0.333
°íµ¿Áø,2014,ÇÑÈ­,187,21,45,5,0,1,14,0,2,18,2,35,2,0.241,0.283,0.31,0.593,0
°í¿µ¹Î,2010,µÎ»ê,293,53,60,10,1,6,35,11,3,34,14,67,4,0.205,0.307,0.316,0.623,0.786
°í¿µ¹Î,2011,µÎ»ê,176,31,37,5,1,3,16,6,6,18,7,50,4,0.21,0.301,0.305,0.606,0.5
°í¿µ¹Î,2012,µÎ»ê,151,33,40,10,1,3,26,7,1,13,3,28,5,0.265,0.404,0.335,0.739,0.875
°í¿µ¹Î,2013,µÎ»ê,14,3,4,1,0,1,1,1,0,3,0,5,1,0.286,0.571,0.412,0.983,1
°í¿µ¹Î,2014,µÎ»ê,94,18,27,2,0,1,7,1,1,11,0,18,3,0.287,0.34,0.355,0.695,0.5
°í¿µ¿ì,2013,KIA,11,7,1,0,0,0,0,2,1,0,0,6,0,0.091,0.091,0.091,0.182,0.667
°í¿µ¿ì,2014,KIA,24,4,2,2,0,0,1,0,0,1,1,6,0,0.083,0.167,0.148,0.315,NA
°íÁ¾¿í,2011,³Ø¼¾,105,12,26,5,4,1,9,7,6,5,0,26,0,0.248,0.4,0.279,0.679,0.538
°íÁ¾¿í,2014,³Ø¼¾,12,2,0,0,0,0,0,1,0,2,0,4,0,0,0,0.143,0.143,1
±¹ÇØ¼º,2012,µÎ»ê,6,0,0,0,0,0,0,0,0,0,0,2,0,0,0,0,0,NA
±Çµµ¿µ,2010,³Ø¼¾,61,7,15,3,0,0,4,0,1,7,0,15,1,0.246,0.295,0.324,0.619,0
±Ç¿µÁØ,2012,·Ôµ¥,13,2,3,0,0,0,0,0,0,0,1,6,0,0.231,0.231,0.286,0.517,NA
±Ç¿µÁø,2012,SK,3,0,0,0,0,0,0,0,0,0,0,0,0,0,0,0,0,NA
±Ç¿ë°ü,2010,SK,154,14,35,6,1,3,21,2,2,14,1,34,2,0.227,0.338,0.292,0.63,0.5
±Ç¿ë°ü,2011,SK,57,8,12,3,1,1,10,0,1,6,1,23,0,0.211,0.351,0.297,0.648,0
±Ç¿ë°ü,2012,SK,5,1,1,0,0,0,0,0,0,0,0,1,0,0.2,0.2,0.2,0.4,NA
±Ç¿ë°ü,2013,LG,104,19,24,6,0,4,13,1,0,12,1,29,1,0.231,0.404,0.316,0.72,1
±Ç¿ë°ü,2014,LG,17,0,2,1,0,0,2,0,0,1,0,5,1,0.118,0.176,0.158,0.334,NA
±ÇÈñµ¿,2013,NC,349,42,71,19,1,15,54,4,1,36,2,75,6,0.203,0.393,0.279,0.672,0.8
±ÇÈñµ¿,2014,NC,221,39,63,10,2,7,36,6,1,25,3,43,4,0.285,0.443,0.363,0.806,0.857
±è°­,2010,ÇÑÈ­,24,2,10,2,0,0,4,0,0,2,0,4,1,0.417,0.5,0.462,0.962,NA
±è°­,2011,ÇÑÈ­,19,0,2,1,0,0,1,0,0,3,1,6,0,0.105,0.158,0.261,0.419,NA
±è°­¹Î,2010,SK,401,74,127,19,2,10,72,23,9,33,2,51,5,0.317,0.449,0.369,0.818,0.719
±è°­¹Î,2011,SK,281,37,79,14,1,8,33,9,4,20,2,56,3,0.281,0.423,0.331,0.754,0.692
±è°­¹Î,2012,SK,427,49,116,20,0,5,31,11,10,29,4,72,7,0.272,0.354,0.322,0.676,0.524
±è°­¹Î,2013,SK,352,39,106,22,3,10,55,10,6,36,4,54,10,0.301,0.466,0.37,0.836,0.625
±è°­¹Î,2014,SK,430,86,130,29,3,16,82,32,5,43,4,91,12,0.302,0.495,0.368,0.863,0.865
±è°­¼®,2010,ÇÑÈ­,2,0,0,0,0,0,0,0,0,0,0,1,0,0,0,0,0,NA
±è°æ±Ù,2013,SK,4,0,0,0,0,0,0,0,0,0,0,2,0,0,0,0,0,NA
±è°æ¸ð,2012,»ï¼º,4,2,0,0,0,0,0,0,1,0,0,1,0,0,0,0,0,0
±è°æ¾ð,2010,ÇÑÈ­,158,19,40,7,2,0,11,8,4,23,0,29,2,0.253,0.323,0.346,0.669,0.667
±è°æ¾ð,2011,ÇÑÈ­,173,22,42,4,0,2,15,5,5,25,1,39,3,0.243,0.301,0.34,0.641,0.5
±è°æ¾ð,2012,ÇÑÈ­,268,25,65,14,2,4,31,7,4,39,1,73,1,0.243,0.354,0.34,0.694,0.636
±è°æ¾ð,2013,ÇÑÈ­,214,24,59,14,1,1,24,2,5,26,3,53,5,0.276,0.364,0.355,0.719,0.286
±è°æ¾ð,2014,ÇÑÈ­,300,43,94,16,3,8,52,1,3,40,4,42,8,0.313,0.467,0.397,0.864,0.25
±è±¤»ï,2012,LG,0,1,0,0,0,0,0,0,0,0,0,0,0,NA,NA,NA,NA,NA
±è±¤¿¬,2013,KIA,8,2,5,0,0,0,0,0,0,0,0,1,1,0.625,0.625,0.625,1.25,NA
±è±¤¿¬,2014,KIA,10,0,0,0,0,0,1,0,0,0,0,3,0,0,0,0,0,NA
±è±¤Çö,2010,SK,1,0,0,0,0,0,0,0,0,0,0,0,0,0,0,0,0,NA
±è³²Çü,2012,³Ø¼¾,5,0,0,0,0,0,0,0,0,0,0,3,0,0,0,0,0,NA
±è´Ù¿ø,2010,KIA,56,9,8,0,0,2,2,1,0,2,2,19,2,0.143,0.25,0.2,0.45,1
±è´Ù¿ø,2011,KIA,9,3,0,0,0,0,0,0,0,1,0,3,1,0,0,0.1,0.1,NA
±è´Ù¿ø,2014,KIA,189,21,51,13,1,5,17,2,2,12,5,53,3,0.27,0.429,0.329,0.758,0.5
±è´ë¿ì,2012,·Ôµ¥,7,1,0,0,0,0,0,0,0,0,0,4,0,0,0,0,0,NA
±è´ë¿ì,2013,·Ôµ¥,180,23,43,15,2,4,27,4,3,33,2,66,4,0.239,0.411,0.361,0.772,0.571
±è´ë¿ì,2014,·Ôµ¥,25,0,6,0,0,0,2,1,0,1,0,12,0,0.24,0.24,0.269,0.509,1
±èµµÇö,2011,³Ø¼¾,8,0,4,0,0,0,1,0,1,2,0,2,0,0.5,0.5,0.6,1.1,0
±èµµÇö,2012,SK,3,0,0,0,0,0,0,0,0,0,0,3,0,0,0,0,0,NA
±èµµÇö,2013,SK,4,0,0,0,0,0,0,0,0,0,0,2,1,0,0,0,0,NA
±èµµÇö,2014,SK,12,0,1,0,0,0,0,0,0,0,1,3,1,0.083,0.083,0.154,0.237,NA
±èµ¿°Ç,2013,NC,16,1,2,0,0,1,1,0,0,1,0,7,0,0.125,0.313,0.176,0.489,NA
±èµ¿±æ,2010,µÎ»ê,5,2,2,1,1,0,1,0,0,0,0,3,0,0.4,1,0.4,1.4,NA
±èµ¿±æ,2011,µÎ»ê,1,0,0,0,0,0,0,0,0,1,0,0,0,0,0,0.5,0.5,NA
±èµ¿¸í,2012,»ï¼º,1,0,0,0,0,0,0,0,0,1,0,0,0,0,0,0.5,0.5,NA
±èµ¿¸í,2013,»ï¼º,2,0,1,0,0,0,0,0,0,0,0,0,0,0.5,0.5,0.5,1,NA
±èµ¿¿µ,2010,ÇÑÈ­,7,0,0,0,0,0,0,0,0,2,0,1,1,0,0,0.222,0.222,NA
±èµ¿ÁÖ,2010,µÎ»ê,387,60,114,22,0,20,67,0,1,67,10,45,15,0.295,0.506,0.407,0.913,0
±èµ¿ÁÖ,2011,µÎ»ê,406,57,116,24,1,17,75,6,1,66,8,54,18,0.286,0.475,0.393,0.868,0.857
±èµ¿ÁÖ,2012,µÎ»ê,223,18,65,5,0,2,27,3,1,16,2,24,7,0.291,0.341,0.339,0.68,0.75
±èµ¿ÁÖ,2013,µÎ»ê,82,6,21,2,0,1,9,1,0,10,5,9,4,0.256,0.317,0.356,0.673,1
±èµ¿ÇÑ,2012,µÎ»ê,8,3,3,0,0,0,0,2,0,0,0,2,0,0.375,0.375,0.375,0.75,1
±èµ¿ÇÑ,2013,µÎ»ê,20,9,7,2,1,1,4,5,0,2,0,2,0,0.35,0.7,0.409,1.109,1
±è¹®È£,2011,·Ôµ¥,26,4,6,1,0,0,1,1,1,3,0,7,0,0.231,0.269,0.31,0.579,0.5
±è¹®È£,2012,·Ôµ¥,79,10,16,3,0,0,2,1,3,11,3,22,1,0.203,0.241,0.323,0.564,0.25
±è¹®È£,2013,·Ôµ¥,137,19,36,10,0,0,10,8,5,21,3,31,1,0.263,0.336,0.373,0.709,0.615
±è¹®È£,2014,·Ôµ¥,192,28,41,11,3,2,27,4,0,19,5,51,2,0.214,0.333,0.301,0.634,1
±è¹Î¼º,2010,³Ø¼¾,180,26,36,4,0,2,12,1,0,18,11,41,6,0.2,0.256,0.31,0.566,1
±è¹Î¼º,2011,³Ø¼¾,314,37,74,10,1,4,23,12,3,26,9,51,4,0.236,0.312,0.311,0.623,0.8
±è¹Î¼º,2012,³Ø¼¾,219,24,62,9,0,4,22,7,2,17,6,58,2,0.283,0.379,0.346,0.725,0.778
±è¹Î¼º,2013,³Ø¼¾,458,60,129,24,2,15,72,7,7,42,16,84,11,0.282,0.441,0.36,0.801,0.5
±è¹Î¼º,2014,³Ø¼¾,438,60,128,29,2,12,77,3,1,30,10,80,10,0.292,0.45,0.349,0.799,0.75
±è¹Î¼ö,2014,ÇÑÈ­,74,5,11,1,0,0,5,0,0,3,0,21,1,0.149,0.162,0.182,0.344,NA
±è¹Î¿ì,2010,³Ø¼¾,447,64,115,20,3,9,44,28,6,61,9,85,11,0.257,0.376,0.356,0.732,0.824
±è¹Î¿ì,2011,³Ø¼¾,466,66,115,22,0,6,31,23,9,48,2,100,7,0.247,0.333,0.319,0.652,0.719
±è¹Î¿ì,2012,³Ø¼¾,197,20,45,6,2,5,25,5,4,22,3,49,2,0.228,0.355,0.313,0.668,0.556
±è¹Î¿ì,2013,³Ø¼¾,48,5,14,1,1,0,11,1,1,5,1,8,1,0.292,0.354,0.364,0.718,0.5
±è¹Î¿ì,2014,KIA,167,34,42,10,0,3,15,7,2,36,1,46,2,0.251,0.365,0.387,0.752,0.778
±è¹ÎÇÏ,2011,·Ôµ¥,2,1,0,0,0,0,0,0,0,0,0,2,0,0,0,0,0,NA
±è¹ÎÇÏ,2014,·Ôµ¥,94,23,25,8,0,2,7,3,1,2,1,34,0,0.266,0.415,0.289,0.704,0.75
±è»çÈÆ,2012,·Ôµ¥,15,0,4,1,0,0,2,0,0,0,0,7,0,0.267,0.333,0.267,0.6,NA
±è»çÈÆ,2013,·Ôµ¥,29,2,3,1,0,0,1,0,0,4,1,8,1,0.103,0.138,0.235,0.373,NA
±è»çÈÆ,2014,·Ôµ¥,3,0,1,0,0,0,1,0,0,0,0,1,0,0.333,0.333,0.333,0.666,NA
±è»ó¼ö,2010,»ï¼º,282,37,69,7,3,0,22,30,6,31,12,45,10,0.245,0.291,0.344,0.635,0.833
±è»ó¼ö,2011,»ï¼º,406,53,113,16,4,2,47,29,7,47,7,61,7,0.278,0.352,0.362,0.714,0.806
±è»ó¼ö,2012,»ï¼º,419,64,115,18,4,2,36,25,11,41,7,56,8,0.274,0.351,0.345,0.696,0.694
±è»ó¼ö,2013,»ï¼º,372,57,111,17,3,7,44,14,5,30,5,44,7,0.298,0.417,0.354,0.771,0.737
±è»ó¼ö,2014,»ï¼º,427,74,123,20,8,5,63,53,6,41,7,77,7,0.288,0.407,0.354,0.761,0.898
±è»óÇö,2010,KIA,288,44,62,5,1,21,53,3,1,33,8,85,10,0.215,0.458,0.312,0.77,0.75
±è»óÇö,2011,KIA,357,38,91,15,0,14,64,8,0,37,9,83,12,0.255,0.415,0.338,0.753,1
±è»óÇö,2012,KIA,116,17,30,9,0,4,17,1,2,6,3,26,3,0.259,0.44,0.312,0.752,0.333
±è»óÇö,2013,SK,322,39,76,17,0,7,37,8,1,29,4,84,17,0.236,0.354,0.304,0.658,0.889
±è»óÇö,2014,SK,80,8,21,3,1,5,20,1,1,5,1,22,2,0.263,0.513,0.31,0.823,0.5
±è»óÈ£,2012,·Ôµ¥,12,1,2,0,0,0,0,0,0,3,0,5,0,0.167,0.167,0.333,0.5,NA
±è»óÈ£,2013,·Ôµ¥,44,5,9,3,0,0,3,0,0,5,0,11,1,0.205,0.273,0.28,0.553,NA
±è»óÈÆ,2010,KIA,300,25,73,11,0,4,39,1,2,34,4,43,11,0.243,0.32,0.326,0.646,0.333
±è»óÈÆ,2011,KIA,123,19,24,3,0,3,16,0,0,24,1,26,2,0.195,0.293,0.329,0.622,NA
±è»óÈÆ,2012,KIA,163,11,28,5,0,2,20,0,0,18,2,39,5,0.172,0.239,0.262,0.501,NA
±è»óÈÆ,2013,KIA,87,7,20,4,0,0,8,0,0,13,1,17,3,0.23,0.276,0.33,0.606,NA
±è»óÈÆ,2014,KIA,10,0,1,0,0,0,0,0,0,2,0,3,0,0.1,0.1,0.25,0.35,NA
±è¼±ºó,2010,KIA,348,40,102,14,2,1,28,23,7,34,6,44,5,0.293,0.353,0.362,0.715,0.767
±è¼±ºó,2011,KIA,335,58,97,12,2,4,47,22,9,50,2,42,8,0.29,0.373,0.38,0.753,0.71
±è¼±ºó,2012,KIA,441,63,124,19,2,5,55,30,12,58,2,48,9,0.281,0.367,0.363,0.73,0.714
±è¼±ºó,2013,KIA,310,51,93,12,0,1,29,28,14,39,2,26,10,0.3,0.348,0.377,0.725,0.667
±è¼±ºó,2014,KIA,93,7,27,4,0,0,9,2,0,3,0,10,3,0.29,0.333,0.313,0.646,1
±è¼º¿í,2013,NC,4,0,1,0,0,0,1,0,0,0,0,2,0,0.25,0.25,0.25,0.5,NA
±è¼º¿í,2014,NC,23,6,4,1,0,1,1,1,0,3,0,9,0,0.174,0.348,0.269,0.617,1
±è¼ºÇö,2010,³Ø¼¾,1,0,0,0,0,0,0,0,0,0,0,1,0,0,0,0,0,NA
±è¼ºÇö,2011,SK,9,3,0,0,0,0,0,1,0,0,0,5,0,0,0,0,0,1
±è¼ºÇö,2012,SK,163,28,39,8,3,2,14,6,2,12,5,26,2,0.239,0.362,0.311,0.673,0.75
±è¼ºÇö,2013,SK,162,27,35,7,1,1,16,2,6,16,1,28,6,0.216,0.29,0.291,0.581,0.25
±è¼ºÇö,2014,SK,398,73,113,20,1,5,43,6,3,55,7,51,7,0.284,0.377,0.376,0.753,0.667
±è½ÂÈ¸,2010,µÎ»ê,1,0,0,0,0,0,0,0,0,0,0,1,0,0,0,0,0,NA
±è¿¬ÈÆ,2010,SK,136,20,33,4,1,0,4,8,4,2,1,14,2,0.243,0.287,0.259,0.546,0.667
±è¿¬ÈÆ,2011,SK,149,15,28,3,0,1,13,2,6,7,6,40,4,0.188,0.228,0.25,0.478,0.25
±è¿µ°ü,2012,LG,13,0,1,0,0,0,2,1,0,1,0,3,0,0.077,0.077,0.143,0.22,1
±è¿µ°ü,2013,LG,1,0,0,0,0,0,0,0,0,0,0,0,0,0,0,0,0,NA
±è¿µ°ü,2014,LG,6,2,1,0,1,0,1,0,0,1,0,4,0,0.167,0.5,0.286,0.786,NA
±è¿µÈÆ,2012,»ï¼º,0,0,0,0,0,0,0,0,0,0,0,0,0,NA,NA,NA,NA,NA
±è¿ë¼·,2011,SK,1,0,0,0,0,0,0,0,0,0,0,1,0,0,0,0,0,NA
±è¿ëÀÇ,2012,LG,194,22,48,4,0,2,21,5,4,17,0,50,1,0.247,0.299,0.304,0.603,0.556
±è¿ëÀÇ,2013,LG,301,42,83,6,5,5,34,21,7,34,0,58,6,0.276,0.379,0.346,0.725,0.75
±è¿ëÀÇ,2014,LG,183,31,44,7,1,0,22,9,7,19,2,46,2,0.24,0.29,0.317,0.607,0.563
±è¿ëÈ£,2011,ÇÑÈ­,8,0,0,0,0,0,0,0,0,0,0,3,0,0,0,0,0,NA
±è¿ø¼·,2010,KIA,353,43,84,16,3,5,28,15,6,56,2,63,5,0.238,0.343,0.345,0.688,0.714
±è¿ø¼·,2011,KIA,269,36,73,18,2,2,30,1,3,32,0,28,4,0.271,0.375,0.343,0.718,0.25
±è¿ø¼·,2012,KIA,386,60,117,21,4,3,61,8,4,69,2,54,12,0.303,0.402,0.409,0.811,0.667
±è¿ø¼·,2013,KIA,96,12,18,8,0,1,12,1,0,23,0,20,0,0.188,0.302,0.345,0.647,1
±è¿ø¼·,2014,KIA,80,21,18,4,1,0,13,3,1,17,0,13,2,0.225,0.3,0.354,0.654,0.75
±èÀÀ¹Î,2014,µÎ»ê,10,0,2,0,0,0,3,0,0,0,2,1,0,0.2,0.2,0.333,0.533,NA
±èÀÏ°æ,2010,³Ø¼¾,195,30,49,13,1,4,21,21,6,8,4,42,2,0.251,0.39,0.293,0.683,0.778
±èÀÏ°æ,2011,³Ø¼¾,47,11,12,0,0,0,0,9,7,1,0,13,1,0.255,0.255,0.271,0.526,0.563
±èÀÏ°æ,2012,LG,82,10,18,2,0,1,12,4,1,9,0,18,2,0.22,0.28,0.297,0.577,0.8
±èÀç¹Î,2013,LG,8,0,1,0,0,0,0,0,0,0,0,3,1,0.125,0.125,0.125,0.25,NA
±èÀç¹Î,2014,LG,16,0,1,0,0,0,0,0,0,2,0,4,1,0.063,0.063,0.167,0.23,NA
±èÀç¿ì,2010,ÇÑÈ­,5,3,1,0,0,0,0,0,0,0,0,2,0,0.2,0.2,0.2,0.4,NA
±èÀçÀ²,2011,LG,24,2,6,2,0,0,4,0,0,4,0,7,2,0.25,0.333,0.357,0.69,NA
±èÀçÀ²,2012,LG,36,3,3,0,0,1,5,0,0,4,0,10,1,0.083,0.167,0.171,0.338,NA
±èÀçÇö,2010,SK,267,41,77,17,0,10,48,7,5,52,2,42,10,0.288,0.464,0.404,0.868,0.583
±èÀçÇö,2012,SK,89,22,19,4,0,0,5,12,5,0,0,18,2,0.213,0.258,0.213,0.471,0.706
±èÀçÇö,2013,SK,36,12,10,2,1,0,6,11,2,4,0,8,1,0.278,0.389,0.341,0.73,0.846
±èÀçÇö,2014,SK,25,12,5,1,0,0,6,8,1,0,2,10,0,0.2,0.24,0.25,0.49,0.889
±èÀçÇö,2014,»ï¼º,7,0,1,0,0,0,1,0,0,0,1,4,1,0.143,0.143,0.25,0.393,NA
±èÀçÈ£,2010,µÎ»ê,85,11,19,3,1,0,8,5,1,14,1,15,3,0.224,0.282,0.34,0.622,0.833
±èÀçÈ£,2011,µÎ»ê,109,6,20,5,1,0,9,1,1,7,2,15,4,0.183,0.248,0.242,0.49,0.5
±èÀçÈ£,2012,µÎ»ê,177,23,38,2,2,0,11,3,3,16,2,31,5,0.215,0.249,0.287,0.536,0.5
±èÀçÈ£,2013,µÎ»ê,248,42,78,10,3,1,32,9,6,26,0,24,7,0.315,0.391,0.377,0.768,0.6
±èÀçÈ£,2014,µÎ»ê,341,50,86,14,1,3,54,2,8,54,2,59,14,0.252,0.326,0.348,0.674,0.2
±èÀçÈ¯,2011,µÎ»ê,54,4,10,3,0,2,8,1,1,1,1,14,2,0.185,0.352,0.214,0.566,0.5
±èÀçÈ¯,2012,µÎ»ê,39,7,5,1,0,1,1,0,0,4,0,9,0,0.128,0.231,0.209,0.44,NA
±èÀçÈ¯,2014,µÎ»ê,85,12,26,6,0,3,13,1,0,11,0,12,3,0.306,0.482,0.385,0.867,1
±èÁ¤³²,2011,SK,0,0,0,0,0,0,0,0,0,0,0,0,0,NA,NA,NA,NA,NA
±èÁ¤Çõ,2011,»ï¼º,2,0,0,0,0,0,0,0,0,0,0,1,0,0,0,0,0,NA
±èÁ¤Çõ,2014,»ï¼º,5,2,0,0,0,0,0,0,0,0,0,1,1,0,0,0,0,NA
±èÁ¤ÈÆ,2011,SK,2,0,1,0,0,0,1,0,0,0,0,1,0,0.5,0.5,0.5,1,NA
±èÁ¤ÈÆ,2013,SK,3,2,2,0,0,0,0,0,0,0,0,1,0,0.667,0.667,0.667,1.334,NA
±èÁ¤ÈÆ,2014,SK,0,0,0,0,0,0,0,0,0,0,0,0,0,NA,NA,NA,NA,NA
±èÁ¾Âù,2013,NC,7,0,1,0,0,0,0,0,0,0,0,3,0,0.143,0.143,0.143,0.286,NA
±èÁ¾È£,2011,»ï¼º,1,0,0,0,0,0,0,0,0,0,0,0,0,0,0,0,0,NA
±èÁ¾È£,2012,»ï¼º,12,3,3,0,0,0,0,1,0,1,1,3,0,0.25,0.25,0.357,0.607,1
±èÁ¾È£,2013,NC,465,72,129,12,7,0,22,50,14,57,17,100,11,0.277,0.333,0.376,0.709,0.781
±èÁ¾È£,2014,NC,317,58,83,11,4,2,25,22,7,19,6,55,4,0.262,0.341,0.316,0.657,0.759
±èÁÖÂù,2010,·Ôµ¥,485,89,134,18,4,9,40,65,19,31,5,65,5,0.276,0.386,0.324,0.71,0.774
±èÁÖÂù,2011,·Ôµ¥,321,58,100,12,3,6,40,25,10,27,7,38,4,0.312,0.424,0.373,0.797,0.714
±èÁÖÂù,2012,·Ôµ¥,435,62,128,27,3,5,39,32,13,30,7,48,7,0.294,0.405,0.346,0.751,0.711
±èÁÖÂù,2013,KIA,168,24,51,9,4,0,28,23,3,15,4,18,4,0.304,0.405,0.372,0.777,0.885
±èÁÖÂù,2014,KIA,399,72,138,32,4,9,46,22,10,31,4,48,11,0.346,0.514,0.397,0.911,0.688
±èÁÖÇö,2014,·Ôµ¥,12,2,2,1,0,0,1,0,0,0,0,4,0,0.167,0.25,0.167,0.417,NA
±èÁÖÇü,2011,KIA,271,23,54,14,0,9,40,1,0,17,4,71,6,0.199,0.351,0.256,0.607,1
±èÁÖÇü,2012,KIA,117,8,18,2,0,3,12,0,0,6,1,35,0,0.154,0.248,0.198,0.446,NA
±èÁÖÇü,2013,KIA,249,27,60,8,0,9,34,1,0,23,3,54,7,0.241,0.382,0.308,0.69,1
±èÁÖÇü,2014,KIA,151,16,37,4,0,7,26,0,3,17,2,19,3,0.245,0.411,0.326,0.737,0
±èÁØ¿Ï,2013,NC,5,0,0,0,0,0,0,0,0,0,0,3,0,0,0,0,0,NA
±èÁØ¿Ï,2014,NC,4,1,2,0,0,0,0,1,0,1,0,1,0,0.5,0.5,0.6,1.1,1
±èÁØÅÂ,2013,·Ôµ¥,6,0,2,0,0,0,1,0,0,0,0,2,0,0.333,0.333,0.333,0.666,NA
±èÁØÈ£,2010,LG,45,4,10,1,1,0,3,0,0,2,0,14,1,0.222,0.289,0.255,0.544,NA
±èÁØÈ£,2011,ÇÑÈ­,6,0,1,0,0,0,0,0,0,0,0,2,1,0.167,0.167,0.167,0.334,NA
±èÁö¼ö,2010,³Ø¼¾,5,1,0,0,0,0,0,0,0,1,0,0,2,0,0,0.167,0.167,NA
±èÁö¼ö,2013,³Ø¼¾,48,9,13,2,0,0,3,1,0,7,0,9,1,0.271,0.313,0.357,0.67,1
±èÁö¼ö,2014,³Ø¼¾,23,2,4,0,0,0,3,1,0,4,0,2,1,0.174,0.174,0.296,0.47,1
±èÁøÇü,2014,µÎ»ê,38,5,9,1,0,0,5,0,0,3,0,7,0,0.237,0.263,0.293,0.556,NA
±èÅÂ±º,2010,LG,51,2,13,1,0,0,6,0,0,2,1,9,1,0.255,0.275,0.296,0.571,NA
±èÅÂ±º,2011,LG,47,4,11,0,0,0,1,0,0,4,0,4,2,0.234,0.234,0.294,0.528,NA
±èÅÂ±º,2012,LG,149,7,30,2,0,0,14,0,0,8,5,24,6,0.201,0.215,0.265,0.48,NA
±èÅÂ±º,2013,NC,277,21,59,5,0,4,28,0,2,19,7,57,10,0.213,0.274,0.28,0.554,0
±èÅÂ±º,2014,NC,294,28,77,13,0,0,23,0,1,12,4,47,9,0.262,0.306,0.297,0.603,0
±èÅÂ±Õ,2012,ÇÑÈ­,416,61,151,24,0,16,80,3,1,81,11,69,11,0.363,0.536,0.474,1.01,0.75
±èÅÂ±Õ,2013,ÇÑÈ­,345,41,110,24,0,10,52,0,3,73,8,67,14,0.319,0.475,0.444,0.919,0
±èÅÂ±Õ,2014,ÇÑÈ­,422,66,154,30,0,18,84,0,2,70,11,73,18,0.365,0.564,0.463,1.027,0
±èÅÂ¿Ï,2010,LG,142,21,36,11,0,4,19,0,2,13,2,34,1,0.254,0.415,0.321,0.736,0
±èÅÂ¿Ï,2010,ÇÑÈ­,370,62,98,13,0,15,62,7,6,86,13,99,9,0.265,0.422,0.418,0.84,0.538
±èÅÂ¿Ï,2011,LG,202,26,51,12,0,6,29,4,1,31,2,37,7,0.252,0.401,0.356,0.757,0.8
±èÅÂ¿Ï,2012,LG,141,16,31,5,0,2,14,0,1,17,2,21,4,0.22,0.298,0.311,0.609,0
±èÅÂ¿Ï,2013,»ï¼º,162,19,44,10,0,6,19,1,1,22,2,31,5,0.272,0.444,0.36,0.804,0.5
±èÅÂ¿Ï,2013,ÇÑÈ­,279,24,64,13,0,3,23,1,2,33,7,78,8,0.229,0.308,0.324,0.632,0.333
±èÅÂ¿Ï,2014,»ï¼º,95,14,33,7,0,2,15,0,0,8,4,17,4,0.347,0.484,0.421,0.905,NA
±èÅÂ¿Ï,2014,ÇÑÈ­,186,26,48,8,0,7,39,0,0,24,3,51,10,0.258,0.414,0.35,0.764,NA
±èÅÂ¿ì,2013,NC,13,1,0,0,0,0,0,0,0,1,0,5,0,0,0,0.071,0.071,NA
±èÅÂ¿ì,2014,NC,5,0,1,1,0,0,0,0,0,0,0,3,0,0.2,0.4,0.2,0.6,NA
±èÅÂÈÆ,2011,KIA,5,0,0,0,0,0,0,0,0,0,0,1,2,0,0,0,0,NA
±èÇÏ¼º,2014,³Ø¼¾,48,17,9,2,1,2,7,4,3,8,0,13,2,0.188,0.396,0.298,0.694,0.571
±èÇå°ï,2011,»ï¼º,12,0,1,0,0,0,0,0,0,0,0,6,0,0.083,0.083,0.083,0.166,NA
±èÇå°ï,2012,»ï¼º,18,1,2,1,0,0,3,0,0,0,0,3,0,0.111,0.167,0.111,0.278,NA
±èÇå°ï,2013,»ï¼º,3,0,0,0,0,0,0,0,0,0,0,2,0,0,0,0,0,NA
±èÇå°ï,2014,»ï¼º,123,17,32,5,3,3,20,2,2,13,6,20,1,0.26,0.423,0.359,0.782,0.5
±èÇö¼ö,2010,µÎ»ê,473,88,150,29,0,24,89,4,8,78,6,64,9,0.317,0.531,0.414,0.945,0.333
±èÇö¼ö,2011,µÎ»ê,475,71,143,25,2,13,91,5,3,71,6,63,15,0.301,0.444,0.392,0.836,0.625
±èÇö¼ö,2012,µÎ»ê,437,47,127,17,1,7,65,6,3,46,3,50,9,0.291,0.382,0.358,0.74,0.667
±èÇö¼ö,2013,µÎ»ê,434,63,131,23,1,16,90,2,4,62,2,71,6,0.302,0.47,0.382,0.852,0.333
±èÇö¼ö,2014,µÎ»ê,463,75,149,26,0,17,90,2,0,53,7,45,10,0.322,0.488,0.396,0.884,1
±èÇüÃ¶,2010,KIA,9,1,1,0,0,0,0,0,0,0,0,3,0,0.111,0.111,0.111,0.222,NA
±èÈ¸¼º,2010,ÇÑÈ­,17,0,0,0,0,0,0,0,0,2,0,7,1,0,0,0.105,0.105,NA
±èÈ¸¼º,2011,ÇÑÈ­,49,5,7,3,0,2,6,0,0,5,3,19,2,0.143,0.327,0.259,0.586,NA
±èÈ¸¼º,2014,ÇÑÈ­,140,21,33,8,1,6,18,0,0,14,4,45,4,0.236,0.436,0.321,0.757,NA
±èÈñ¼®,2014,»ï¼º,0,0,0,0,0,0,0,0,0,0,0,0,0,NA,NA,NA,NA,NA
³ª¼º¹ü,2013,NC,404,55,98,18,5,14,64,12,2,33,15,95,7,0.243,0.416,0.319,0.735,0.857
³ª¼º¹ü,2014,NC,477,88,157,28,5,30,101,14,5,42,15,128,4,0.329,0.597,0.4,0.997,0.737
³ª¼º¿ë,2011,ÇÑÈ­,38,4,9,3,0,2,7,0,0,4,0,15,1,0.237,0.474,0.31,0.784,NA
³ªÁö¿Ï,2010,KIA,316,42,68,11,0,15,53,3,2,45,18,82,9,0.215,0.392,0.343,0.735,0.6
³ªÁÖÈ¯,2010,SK,305,49,82,13,2,7,42,14,6,25,5,74,3,0.269,0.393,0.332,0.725,0.7
³ªÁö¿Ï,2011,KIA,291,41,88,9,0,18,66,0,1,35,4,63,4,0.302,0.519,0.384,0.903,0
³ªÁö¿Ï,2012,KIA,398,40,109,17,1,11,56,7,3,56,13,93,9,0.274,0.405,0.377,0.782,0.7
³ªÁö¿Ï,2013,KIA,435,57,125,18,0,21,96,7,3,62,18,111,12,0.287,0.474,0.394,0.868,0.7
³ªÁÖÈ¯,2013,SK,23,0,2,0,0,0,0,0,0,0,0,8,0,0.087,0.087,0.087,0.174,NA
³ªÁö¿Ï,2014,KIA,398,64,124,22,0,19,79,3,3,54,12,97,9,0.312,0.51,0.404,0.914,0.5
³ªÁÖÈ¯,2014,SK,422,64,115,25,0,7,51,10,3,36,3,101,8,0.273,0.382,0.332,0.714,0.769
³ë¼ö±¤,2014,ÇÑÈ­,1,0,0,0,0,0,0,0,0,0,0,1,0,0,0,0,0,NA
³ëÁøÇõ,2013,NC,327,32,73,19,2,3,27,1,3,26,1,83,5,0.223,0.321,0.282,0.603,0.25
³ëÁøÇõ,2014,NC,16,3,3,0,0,1,2,0,1,0,0,7,0,0.188,0.375,0.188,0.563,0
·ÎÆ¼³ë,2014,³Ø¼¾,216,30,66,18,0,2,22,2,0,29,1,22,7,0.306,0.417,0.389,0.806,1
·ùÀºÀç,2011,KIA,13,3,4,1,1,2,7,0,0,1,0,5,0,0.308,1,0.357,1.357,NA
·ùÁöÇõ,2012,µÎ»ê,1,0,1,0,0,0,0,0,0,0,0,0,0,1,1,1,2,NA
¸¶³«±æ,2013,NC,29,5,9,1,0,0,0,2,2,1,0,5,0,0.31,0.345,0.333,0.678,0.5
¸¶³«±æ,2014,NC,1,1,0,0,0,0,0,0,0,1,0,0,0,0,0,0.5,0.5,NA
¸ð»ó±â,2011,»ï¼º,74,7,14,3,0,4,11,0,0,10,0,29,2,0.189,0.392,0.282,0.674,NA
¸ð»ó±â,2012,»ï¼º,16,0,1,0,0,0,0,0,0,0,1,8,0,0.063,0.063,0.118,0.181,NA
¸ð»ó±â,2013,»ï¼º,8,0,1,0,0,0,0,1,1,2,0,3,0,0.125,0.125,0.3,0.425,0.5
¸ðÃ¢¹Î,2010,SK,60,14,11,2,0,1,2,5,3,5,0,15,4,0.183,0.267,0.246,0.513,0.625
¸ðÃ¢¹Î,2012,SK,32,7,8,2,0,1,2,2,1,2,0,7,0,0.25,0.406,0.294,0.7,0.667
¸ðÃ¢¹Î,2013,NC,395,57,109,24,3,12,51,16,3,37,1,68,11,0.276,0.443,0.339,0.782,0.842
¸ðÃ¢¹Î,2014,NC,419,62,110,15,0,16,72,14,3,37,0,82,13,0.263,0.413,0.32,0.733,0.824
¹®±ÔÇö,2010,·Ôµ¥,173,18,41,8,0,3,16,2,1,15,4,40,3,0.237,0.335,0.308,0.643,0.667
¹®±ÔÇö,2011,·Ôµ¥,327,40,79,13,3,2,39,5,2,28,7,60,4,0.242,0.318,0.312,0.63,0.714
¹®±ÔÇö,2012,·Ôµ¥,244,17,50,10,0,0,17,0,2,13,4,50,3,0.205,0.246,0.255,0.501,0
¹®±ÔÇö,2013,·Ôµ¥,101,10,24,2,0,0,6,2,0,11,0,23,1,0.238,0.257,0.307,0.564,1
¹®±ÔÇö,2014,·Ôµ¥,235,33,66,16,0,2,27,5,2,26,0,30,7,0.281,0.374,0.35,0.724,0.714
¹®¼±¿±,2014,»ï¼º,2,0,0,0,0,0,0,0,0,0,0,1,0,0,0,0,0,NA
¹®¼±Àç,2010,LG,5,0,0,0,0,0,1,0,0,0,0,4,0,0,0,0,0,NA
¹®¼±Àç,2013,LG,217,31,58,10,1,4,25,8,5,13,3,71,1,0.267,0.378,0.316,0.694,0.615
¹®¼±Àç,2014,LG,20,4,3,1,0,0,4,3,0,3,0,5,0,0.15,0.2,0.25,0.45,1
¹®¿ì¶÷,2012,³Ø¼¾,65,4,15,4,0,0,3,0,0,4,1,13,0,0.231,0.292,0.282,0.574,NA
¹®¿ì¶÷,2013,³Ø¼¾,256,41,78,19,0,4,28,2,2,25,4,43,1,0.305,0.426,0.373,0.799,0.5
¹®¿ì¶÷,2014,³Ø¼¾,324,46,92,24,4,6,43,5,3,33,2,54,10,0.284,0.438,0.352,0.79,0.625
¹Îº´Çå,2010,µÎ»ê,70,23,20,2,1,0,4,11,4,9,0,14,0,0.286,0.343,0.367,0.71,0.733
¹Îº´Çå,2012,µÎ»ê,8,1,0,0,0,0,0,0,0,1,0,1,0,0,0,0.111,0.111,NA
¹Îº´Çå,2013,µÎ»ê,383,71,122,21,7,9,65,27,8,40,7,62,7,0.319,0.48,0.387,0.867,0.771
¹Îº´Çå,2014,µÎ»ê,470,85,162,31,3,12,79,16,8,37,6,63,11,0.345,0.5,0.395,0.895,0.667
¹ÙÆ¼½ºÅ¸,2012,ÇÑÈ­,1,0,0,0,0,0,0,0,0,0,0,1,0,0,0,0,0,NA
¹Ú°Ç¿ì,2013,µÎ»ê,48,12,13,1,0,1,7,2,3,1,1,11,4,0.271,0.354,0.3,0.654,0.4
¹Ú°Ç¿ì,2014,µÎ»ê,61,7,11,4,1,0,3,1,0,4,0,13,0,0.18,0.279,0.231,0.51,1
¹Ú°æ¼ö,2010,LG,231,33,60,21,0,3,21,10,2,30,16,52,3,0.26,0.39,0.381,0.771,0.833
¹Ú°æ¼ö,2011,LG,317,36,72,11,1,4,26,10,8,48,7,66,7,0.227,0.306,0.338,0.644,0.556
¹Ú°æ¼ö,2014,LG,162,33,37,6,1,2,19,7,1,25,5,33,6,0.228,0.315,0.344,0.659,0.875
¹Ú°æ¿Ï,2010,SK,381,51,100,20,0,14,67,1,1,46,27,88,11,0.262,0.425,0.379,0.804,0.5
¹Ú°æ¿Ï,2011,SK,15,0,2,0,0,0,1,0,0,1,0,6,2,0.133,0.133,0.188,0.321,NA
¹Ú°æ¿Ï,2012,SK,20,0,2,0,0,0,0,0,0,1,0,6,2,0.1,0.1,0.143,0.243,NA
¹Ú°æ¿Ï,2013,SK,19,1,2,0,0,1,1,0,0,0,1,5,1,0.105,0.263,0.15,0.413,NA
¹Ú°èÇö,2014,SK,129,23,44,9,0,0,13,7,3,8,0,24,2,0.341,0.411,0.371,0.782,0.7
¹Ú±â³²,2010,KIA,147,26,40,6,0,3,24,3,3,18,3,27,1,0.272,0.374,0.361,0.735,0.5
¹Ú±â³²,2011,KIA,152,23,34,9,0,3,16,4,2,20,4,31,7,0.224,0.342,0.33,0.672,0.667
¹Ú±â³²,2012,KIA,225,28,57,16,0,2,25,1,0,27,5,34,1,0.253,0.351,0.341,0.692,1
¹Ú±â³²,2013,KIA,174,35,50,11,0,4,21,2,0,25,2,28,4,0.287,0.42,0.379,0.799,1
¹Ú±â³²,2014,KIA,171,21,49,9,0,3,21,2,5,22,2,25,5,0.287,0.392,0.371,0.763,0.286
¹Ú±âÇõ,2010,·Ôµ¥,153,10,33,3,0,0,13,2,0,6,1,18,5,0.216,0.235,0.248,0.483,1
¹Ú±âÇõ,2013,·Ôµ¥,60,4,12,2,0,0,9,1,3,9,0,11,3,0.2,0.233,0.304,0.537,0.25
¹Ú±âÇõ,2014,·Ôµ¥,51,8,8,2,0,0,2,0,1,10,0,11,1,0.157,0.196,0.295,0.491,0
¹Ú³ë¹Î,2010,ÇÑÈ­,37,3,7,3,0,1,2,0,0,1,1,16,1,0.189,0.351,0.231,0.582,NA
¹Ú³ë¹Î,2011,ÇÑÈ­,72,10,18,3,0,2,11,1,0,6,1,16,1,0.25,0.375,0.316,0.691,1
¹Ú³ë¹Î,2012,ÇÑÈ­,41,1,7,1,0,0,2,0,0,6,0,13,1,0.171,0.195,0.277,0.472,NA
¹Ú³ë¹Î,2013,ÇÑÈ­,64,4,14,4,0,0,7,1,0,2,0,23,2,0.219,0.281,0.242,0.523,1
¹Ú³ë¹Î,2014,ÇÑÈ­,2,0,0,0,0,0,0,0,0,0,0,0,0,0,0,0,0,NA
¹Úµ¿¿ø,2010,³Ø¼¾,2,0,0,0,0,0,0,0,0,0,0,1,0,0,0,0,0,NA
¹Úµ¿¿ø,2013,³Ø¼¾,98,5,19,6,0,1,6,1,0,7,1,28,6,0.194,0.286,0.255,0.541,1
¹Úµ¿¿ø,2014,³Ø¼¾,174,32,44,7,2,6,26,0,0,13,5,41,7,0.253,0.42,0.321,0.741,NA
¹Ú¸íÈ¯,2014,NC,1,0,0,0,0,0,0,0,0,0,0,1,0,0,0,0,0,NA
¹Ú¹Î¿ì,2013,NC,41,10,11,1,0,0,6,9,2,5,0,6,3,0.268,0.293,0.34,0.633,0.818
¹Ú¹Î¿ì,2014,NC,416,87,124,21,9,1,40,50,10,56,11,89,5,0.298,0.399,0.392,0.791,0.833
¹Úº´È£,2010,LG,160,25,30,4,0,7,22,5,1,26,2,55,5,0.188,0.344,0.305,0.649,0.833
¹Úº´È£,2011,³Ø¼¾,201,31,51,11,2,13,31,2,0,26,2,76,5,0.254,0.522,0.343,0.865,1
¹Úº´È£,2012,³Ø¼¾,469,76,136,34,0,31,105,20,9,73,11,111,6,0.29,0.561,0.393,0.954,0.69
¹Úº´È£,2013,³Ø¼¾,450,91,143,17,0,37,117,10,2,92,8,96,7,0.318,0.602,0.437,1.039,0.833
¹Úº´È£,2014,³Ø¼¾,459,126,139,16,2,52,124,8,3,96,12,142,13,0.303,0.686,0.433,1.119,0.727
¹Ú»ó±Ô,2013,ÇÑÈ­,6,0,1,0,0,0,1,0,0,1,0,2,0,0.167,0.167,0.286,0.453,NA
¹Ú»óÇõ,2013,NC,15,0,2,0,0,0,0,0,0,0,0,5,0,0.133,0.133,0.133,0.266,NA
¹Ú»óÇö,2010,SK,0,0,0,0,0,0,0,0,0,0,0,0,0,NA,NA,NA,NA,NA
¹Ú¼®¹Î,2010,»ï¼º,356,58,108,18,0,15,64,3,2,76,15,84,14,0.303,0.48,0.44,0.92,0.6
¹Ú¼®¹Î,2011,»ï¼º,457,74,127,24,3,15,86,3,1,59,13,105,13,0.278,0.442,0.374,0.816,0.75
¹Ú¼®¹Î,2012,»ï¼º,443,79,138,19,3,23,91,2,3,72,27,83,8,0.312,0.524,0.433,0.957,0.4
¹Ú¼®¹Î,2013,»ï¼º,396,61,126,24,0,18,76,4,2,54,21,73,13,0.318,0.515,0.425,0.94,0.667
¹Ú¼®¹Î,2014,»ï¼º,356,77,112,21,0,27,72,0,1,54,12,62,12,0.315,0.601,0.419,1.02,0
¹Ú¼¼Çõ,2012,µÎ»ê,6,1,2,1,0,0,1,0,0,0,0,0,0,0.333,0.5,0.333,0.833,NA
¹Ú¼¼Çõ,2013,µÎ»ê,26,4,6,3,0,0,2,0,0,3,1,6,0,0.231,0.346,0.333,0.679,NA
¹Ú½Â¿í,2012,SK,2,0,0,0,0,0,0,0,0,0,0,1,0,0,0,0,0,NA
¹Ú½Â¿í,2013,SK,25,6,5,0,0,0,1,1,0,3,0,9,0,0.2,0.2,0.286,0.486,1
¹Ú¿ë±Ù,2010,LG,99,17,26,2,2,2,19,8,2,7,2,20,2,0.263,0.384,0.324,0.708,0.8
¹Ú¿ë±Ù,2014,LG,19,8,4,2,0,0,0,1,0,6,0,6,1,0.211,0.316,0.4,0.716,1
¹Ú¿ëÅÃ,2010,LG,370,62,111,21,0,9,45,19,4,38,5,64,6,0.3,0.43,0.372,0.802,0.826
¹Ú¿ëÅÃ,2011,LG,414,57,125,21,1,15,64,13,3,26,5,71,8,0.302,0.466,0.347,0.813,0.813
¹Ú¿ëÅÃ,2012,LG,499,82,152,34,3,11,76,30,8,42,7,66,9,0.305,0.451,0.362,0.813,0.789
¹Ú¿ëÅÃ,2013,LG,476,79,156,22,4,7,67,13,8,52,4,71,5,0.328,0.435,0.393,0.828,0.619
¹Ú¿ëÅÃ,2014,LG,464,71,159,24,2,9,73,11,9,75,1,65,15,0.343,0.461,0.43,0.891,0.55
¹ÚÀ±,2011,SK,15,3,3,0,0,0,0,0,0,2,0,4,0,0.2,0.2,0.294,0.494,NA
¹ÚÀ±,2012,SK,17,0,3,1,0,0,2,0,0,0,0,3,0,0.176,0.235,0.167,0.402,NA
¹ÚÀ±,2014,SK,15,0,4,0,0,0,2,0,0,0,0,5,0,0.267,0.267,0.267,0.534,NA
¹ÚÀ¸¶ä,2013,NC,27,6,5,1,0,0,2,1,0,3,1,8,0,0.185,0.222,0.29,0.512,1
¹ÚÀÎ¼º,2010,SK,321,57,82,19,1,6,42,9,6,38,7,63,2,0.255,0.377,0.342,0.719,0.6
¹ÚÀÎ¼º,2011,SK,301,37,77,17,4,4,39,13,5,33,5,54,7,0.256,0.379,0.337,0.716,0.722
¹ÚÀÎ¼º,2012,SK,269,37,58,12,0,4,23,6,9,34,1,60,8,0.216,0.305,0.304,0.609,0.4
¹ÚÀÎ¼º,2013,SK,262,37,69,9,2,8,36,14,1,25,3,50,4,0.263,0.405,0.331,0.736,0.933
¹ÚÀÎ¼º,2014,SK,63,9,12,2,1,1,6,2,1,9,2,13,1,0.19,0.302,0.311,0.613,0.667
¹ÚÀçÈ«,2010,SK,191,22,42,7,0,8,27,1,2,23,1,34,6,0.22,0.382,0.306,0.688,0.333
¹ÚÀçÈ«,2011,SK,161,11,30,8,0,1,12,4,1,15,0,36,2,0.186,0.255,0.25,0.505,0.8
¹ÚÀçÈ«,2012,SK,104,16,26,5,0,5,18,0,1,14,1,25,3,0.25,0.442,0.342,0.784,0
¹ÚÁ¤±Ç,2010,SK,431,76,132,19,4,18,76,17,5,63,5,89,7,0.306,0.494,0.398,0.892,0.773
¹ÚÁ¤±Ç,2011,SK,453,54,114,21,2,13,53,9,3,42,3,103,9,0.252,0.393,0.317,0.71,0.75
¹ÚÁ¤±Ç,2012,SK,416,61,106,18,1,12,59,4,6,43,4,80,7,0.255,0.389,0.328,0.717,0.4
¹ÚÁ¤±Ç,2013,SK,363,56,106,20,1,18,70,4,4,64,1,79,5,0.292,0.501,0.394,0.895,0.5
¹ÚÁ¤±Ç,2014,SK,452,81,140,33,2,27,109,7,9,41,2,106,6,0.31,0.571,0.367,0.938,0.438
¹ÚÁ¤ÁØ,2010,·Ôµ¥,1,0,0,0,0,0,0,0,0,0,0,0,0,0,0,0,0,NA
¹ÚÁ¤ÁØ,2011,³Ø¼¾,92,6,19,7,0,0,5,0,1,14,1,24,4,0.207,0.283,0.318,0.601,0
¹ÚÁ¤ÁØ,2012,³Ø¼¾,27,3,5,1,1,0,0,0,0,1,0,8,0,0.185,0.296,0.214,0.51,NA
¹ÚÁ¤ÁØ,2013,NC,166,24,41,6,0,4,21,5,2,23,1,44,3,0.247,0.355,0.337,0.692,0.714
¹ÚÁ¤ÁØ,2014,NC,54,8,13,1,0,1,5,0,0,5,0,9,2,0.241,0.315,0.305,0.62,NA
¹ÚÁ¤È¯,2010,SK,92,15,28,9,0,1,10,0,2,7,1,18,2,0.304,0.435,0.36,0.795,0
¹ÚÁ¤È¯,2011,SK,9,1,2,1,0,0,2,0,0,2,0,5,0,0.222,0.333,0.364,0.697,NA
¹ÚÁ¾À±,2010,·Ôµ¥,307,32,79,17,2,8,51,5,4,10,2,49,12,0.257,0.404,0.283,0.687,0.556
¹ÚÁ¾À±,2011,·Ôµ¥,149,24,42,7,0,2,29,3,2,7,0,27,3,0.282,0.369,0.306,0.675,0.6
¹ÚÁ¾À±,2012,·Ôµ¥,416,41,107,19,4,9,47,5,2,22,5,64,10,0.257,0.387,0.302,0.689,0.714
¹ÚÁ¾À±,2013,·Ôµ¥,381,37,97,24,2,7,58,4,2,21,5,56,9,0.255,0.383,0.298,0.681,0.667
¹ÚÁ¾À±,2014,·Ôµ¥,440,59,136,31,4,7,73,0,2,22,4,65,10,0.309,0.445,0.343,0.788,0
¹ÚÁØ¼­,2010,·Ôµ¥,49,4,6,2,0,0,1,1,0,3,1,10,1,0.122,0.163,0.189,0.352,1
¹ÚÁØ¼­,2011,·Ôµ¥,20,2,2,1,0,0,2,0,0,2,0,4,0,0.1,0.15,0.182,0.332,NA
¹ÚÁØ¼­,2012,·Ôµ¥,182,21,50,9,3,2,12,5,1,11,1,33,2,0.275,0.39,0.318,0.708,0.833
¹ÚÁØ¼­,2013,·Ôµ¥,124,15,37,6,1,2,32,2,0,13,2,23,5,0.298,0.411,0.374,0.785,1
¹ÚÁØ¼­,2014,·Ôµ¥,99,9,23,9,1,0,13,0,0,14,1,24,1,0.232,0.343,0.325,0.668,NA
¹ÚÁØÅÂ,2014,KIA,42,6,11,0,0,0,2,2,0,8,5,18,1,0.262,0.262,0.436,0.698,1
¹ÚÁØÇõ,2014,ÇÑÈ­,2,0,0,0,0,0,0,0,0,0,0,2,0,0,0,0,0,NA
¹ÚÁø¸¸,2010,»ï¼º,131,14,31,5,1,1,14,1,2,24,1,27,1,0.237,0.313,0.354,0.667,0.333
¹ÚÁø¸¸,2011,SK,282,42,79,18,0,6,39,6,5,34,5,44,6,0.28,0.408,0.363,0.771,0.545
¹ÚÁø¸¸,2012,SK,138,12,29,7,1,5,19,3,1,14,0,27,2,0.21,0.384,0.281,0.665,0.75
¹ÚÁø¸¸,2013,SK,276,25,69,14,1,3,24,3,4,37,5,47,6,0.25,0.341,0.346,0.687,0.429
¹ÚÁø¸¸,2014,SK,32,3,8,1,0,0,2,0,1,2,0,8,0,0.25,0.281,0.294,0.575,0
¹ÚÁø¿ø,2011,SK,11,0,1,0,0,0,0,1,0,0,0,2,0,0.091,0.091,0.091,0.182,1
¹ÚÁøÈ¯,2011,·Ôµ¥,25,2,2,1,0,0,2,0,0,0,0,6,0,0.08,0.12,0.08,0.2,NA
¹ÚÂùµµ,2013,»ï¼º,1,1,0,0,0,0,1,0,0,0,1,0,0,0,0,0.5,0.5,NA
¹ÚÂùµµ,2014,»ï¼º,8,8,4,0,0,0,3,6,2,0,0,2,0,0.5,0.5,0.5,1,0.75
¹ÚÂùÈ£,2014,KIA,22,3,2,1,0,0,0,0,0,1,0,10,0,0.091,0.136,0.13,0.266,NA
¹ÚÇÑÀÌ,2010,»ï¼º,379,64,114,21,2,11,63,5,4,73,3,54,10,0.301,0.454,0.413,0.867,0.556
¹ÚÇÑÀÌ,2011,»ï¼º,429,77,110,19,2,4,30,8,2,60,5,88,7,0.256,0.338,0.353,0.691,0.8
¹ÚÇÑÀÌ,2012,»ï¼º,388,61,118,19,4,1,51,4,6,58,1,72,8,0.304,0.381,0.393,0.774,0.4
¹ÚÇÑÀÌ,2013,»ï¼º,394,56,112,12,3,6,55,4,4,51,1,74,5,0.284,0.376,0.366,0.742,0.5
¹ÚÇÑÀÌ,2014,»ï¼º,472,83,156,22,2,9,80,7,6,61,5,74,9,0.331,0.443,0.409,0.852,0.538
¹ÚÇØ¹Î,2013,»ï¼º,0,0,0,0,0,0,0,0,0,0,0,0,0,NA,NA,NA,NA,NA
¹ÚÇØ¹Î,2014,»ï¼º,310,65,92,11,4,1,31,36,8,37,6,45,4,0.297,0.368,0.381,0.749,0.818
¹ÚÇåµµ,2011,³Ø¼¾,10,0,0,0,0,0,0,0,0,1,0,4,1,0,0,0.091,0.091,NA
¹ÚÇåµµ,2012,³Ø¼¾,34,3,6,0,0,0,1,0,0,7,0,12,0,0.176,0.176,0.31,0.486,NA
¹ÚÇåµµ,2013,³Ø¼¾,12,0,1,1,0,0,0,0,0,1,0,6,0,0.083,0.167,0.154,0.321,NA
¹ÚÇåµµ,2014,³Ø¼¾,94,12,23,2,0,4,14,2,0,9,4,19,0,0.245,0.394,0.327,0.721,1
¹ÚÇå¿í,2013,NC,0,0,0,0,0,0,0,0,0,0,0,0,0,NA,NA,NA,NA,NA
¹è¿µ¼·,2010,»ï¼º,24,5,7,2,0,0,3,1,0,2,0,6,1,0.292,0.375,0.346,0.721,1
¹è¿µ¼·,2011,»ï¼º,340,51,100,15,0,2,24,33,8,29,9,47,9,0.294,0.356,0.363,0.719,0.805
¹è¿µ¼·,2012,»ï¼º,412,64,101,15,2,2,34,27,6,48,9,69,4,0.245,0.306,0.335,0.641,0.818
¹è¿µ¼·,2013,»ï¼º,393,66,116,16,4,2,38,23,10,52,20,62,9,0.295,0.372,0.402,0.774,0.697
¹é¹Î±â,2013,·Ôµ¥,18,7,2,0,0,0,0,4,2,0,0,8,0,0.111,0.111,0.111,0.222,0.667
¹é¹Î±â,2014,·Ôµ¥,1,1,0,0,0,0,0,0,1,0,0,0,0,0,0,0,0,0
¹é»ó¿ø,2013,»ï¼º,4,1,2,1,0,0,1,0,0,0,0,1,0,0.5,0.75,0.5,1.25,NA
¹é»ó¿ø,2014,»ï¼º,22,7,4,0,0,0,2,0,0,3,0,3,0,0.182,0.182,0.269,0.451,NA
¹é½Â·æ,2011,ÇÑÈ­,51,7,9,2,0,0,3,1,1,7,2,13,1,0.176,0.216,0.3,0.516,0.5
¹é½Â·æ,2012,ÇÑÈ­,52,3,12,1,0,0,3,3,0,6,3,20,0,0.231,0.25,0.344,0.594,1
¹é½Â·æ,2013,ÇÑÈ­,0,0,0,0,0,0,0,0,0,0,0,0,0,NA,NA,NA,NA,NA
¹é¿ëÈ¯,2013,KIA,52,4,9,4,0,0,3,0,0,6,0,16,3,0.173,0.25,0.259,0.509,NA
¹é¿ëÈ¯,2014,KIA,79,8,14,2,0,4,10,0,0,5,0,28,1,0.177,0.354,0.226,0.58,NA
¹éÃ¢¼ö,2010,LG,12,3,0,0,0,0,0,0,0,3,0,3,1,0,0,0.2,0.2,NA
¹éÃ¢¼ö,2011,LG,36,4,7,1,1,0,3,1,0,4,0,9,0,0.194,0.278,0.275,0.553,1
¹éÃ¢¼ö,2014,LG,84,15,17,2,0,1,10,3,4,10,0,17,2,0.202,0.262,0.284,0.546,0.429
º¯¿ë¼±,2010,·Ôµ¥,3,1,1,0,0,0,1,0,0,0,0,1,0,0.333,0.333,0.333,0.666,NA
º¯¿ë¼±,2012,·Ôµ¥,5,0,0,0,0,0,0,0,0,0,0,2,0,0,0,0,0,NA
º¯Áø¼ö,2012,µÎ»ê,1,0,0,0,0,0,0,0,0,0,0,0,0,0,0,0,0,NA
ºÀÁß±Ù,2013,LG,1,0,0,0,0,0,0,0,0,0,0,1,0,0,0,0,0,NA
¼­°ÇÃ¢,2012,³Ø¼¾,433,70,115,21,10,1,40,39,12,45,7,43,4,0.266,0.367,0.342,0.709,0.765
¼­°ÇÃ¢,2013,³Ø¼¾,316,53,84,13,2,0,18,26,7,33,11,29,3,0.266,0.32,0.352,0.672,0.788
¼­°ÇÃ¢,2014,³Ø¼¾,543,135,201,41,17,7,67,48,17,59,8,47,1,0.37,0.547,0.438,0.985,0.738
¼­µ¿¿í,2010,LG,45,5,11,1,0,2,4,0,0,2,0,15,1,0.244,0.4,0.277,0.677,NA
¼­µ¿¿í,2011,LG,303,42,81,11,1,7,37,7,1,33,8,90,4,0.267,0.38,0.352,0.732,0.875
¼­µ¿¿í,2012,LG,273,32,59,9,3,0,17,3,2,32,7,78,7,0.216,0.271,0.312,0.583,0.6
¼­µ¿¿í,2013,³Ø¼¾,218,27,57,12,1,6,21,4,2,30,3,52,4,0.261,0.408,0.356,0.764,0.667
¼­µ¿¿í,2014,³Ø¼¾,34,2,5,1,0,0,0,1,0,3,1,12,1,0.147,0.176,0.237,0.413,1
¼­»ó¿ì,2012,LG,9,0,0,0,0,0,0,0,0,0,0,5,1,0,0,0,0,NA
¼­¼ºÁ¾,2010,LG,2,0,0,0,0,0,0,0,0,0,0,0,0,0,0,0,0,NA
¼­¿ëÁÖ,2013,KIA,1,0,0,0,0,0,0,0,0,0,0,1,0,0,0,0,0,NA
¼ºÀÇÁØ,2012,»ï¼º,2,0,0,0,0,0,0,0,0,0,0,1,0,0,0,0,0,NA
¼ºÀÇÁØ,2013,»ï¼º,15,3,4,2,0,0,4,0,1,1,0,6,0,0.267,0.4,0.313,0.713,0
¼Õ¹ÎÇÑ,2013,NC,1,0,0,0,0,0,0,0,0,0,0,1,0,0,0,0,0,NA
¼Õ½ÃÇå,2010,µÎ»ê,433,51,118,19,1,8,62,0,2,46,7,64,12,0.273,0.376,0.35,0.726,0
¼Õ½ÃÇå,2011,µÎ»ê,298,39,84,10,1,4,28,2,1,37,9,44,9,0.282,0.362,0.378,0.74,0.667
¼Õ½ÃÇå,2012,µÎ»ê,272,24,67,11,1,5,31,4,2,21,4,40,12,0.246,0.349,0.306,0.655,0.667
¼Õ½ÃÇå,2013,µÎ»ê,234,35,59,14,1,1,26,3,1,21,6,38,5,0.252,0.333,0.328,0.661,0.75
¼Õ½ÃÇå,2014,NC,307,39,90,20,1,5,39,2,1,34,7,53,10,0.293,0.414,0.368,0.782,0.667
¼Õ¾Æ¼·,2010,·Ôµ¥,422,85,129,23,0,11,47,6,2,50,1,82,2,0.306,0.438,0.377,0.815,0.75
¼Õ¾Æ¼·,2011,·Ôµ¥,442,79,144,25,5,15,83,13,4,43,2,80,6,0.326,0.507,0.385,0.892,0.765
¼Õ¾Æ¼·,2012,·Ôµ¥,503,61,158,26,0,5,58,10,5,41,6,79,7,0.314,0.396,0.37,0.766,0.667
¼Õ¾Æ¼·,2013,·Ôµ¥,498,83,172,23,4,11,69,36,7,64,3,88,9,0.345,0.474,0.421,0.895,0.837
¼Õ¾Æ¼·,2014,·Ôµ¥,483,105,175,25,3,18,80,10,3,80,5,78,7,0.362,0.538,0.456,0.994,0.769
¼Õ¿ë¼®,2011,·Ôµ¥,57,11,15,3,1,0,12,1,0,10,1,9,1,0.263,0.351,0.377,0.728,1
¼Õ¿ë¼®,2012,·Ôµ¥,64,3,17,2,0,0,5,0,0,5,1,13,1,0.266,0.297,0.329,0.626,NA
¼Õ¿ë¼®,2013,·Ôµ¥,6,0,0,0,0,0,0,0,0,0,0,3,1,0,0,0,0,NA
¼Õ¿ë¼®,2014,·Ôµ¥,4,1,1,0,0,0,0,0,0,0,0,1,0,0.25,0.25,0.25,0.5,NA
¼ÕÀÎÈ£,2010,LG,62,6,20,4,0,2,12,1,0,5,0,14,1,0.323,0.484,0.362,0.846,1
¼ÕÀÎÈ£,2011,LG,47,6,12,2,0,2,9,0,0,2,0,7,1,0.255,0.426,0.28,0.706,NA
¼ÕÀÎÈ£,2012,LG,8,0,0,0,0,0,0,0,0,0,0,4,0,0,0,0,0,NA
¼ÕÁÖÀÎ,2010,»ï¼º,26,2,5,3,0,0,3,0,1,3,1,4,0,0.192,0.308,0.3,0.608,0
¼ÕÁÖÀÎ,2011,»ï¼º,113,9,30,5,0,1,8,0,1,1,2,19,5,0.265,0.336,0.282,0.618,0
¼ÕÁÖÀÎ,2012,»ï¼º,146,11,36,6,2,0,17,1,1,10,3,15,3,0.247,0.315,0.306,0.621,0.5
¼ÕÁÖÀÎ,2013,LG,351,42,93,17,3,3,41,9,6,40,6,63,8,0.265,0.356,0.345,0.701,0.6
¼ÕÁÖÀÎ,2014,LG,341,50,99,11,0,5,30,4,2,30,8,42,8,0.29,0.367,0.358,0.725,0.667
¼ÕÁöÈ¯,2010,ÇÑÈ­,59,6,13,3,0,1,3,0,2,2,3,5,1,0.22,0.322,0.281,0.603,0
¼ÕÇüÁØ,2012,»ï¼º,3,1,0,0,0,0,0,0,0,0,0,1,0,0,0,0,0,NA
¼Û±¤¹Î,2010,ÇÑÈ­,263,30,68,11,0,6,34,4,4,21,2,68,5,0.259,0.369,0.316,0.685,0.5
¼Û±¤¹Î,2013,ÇÑÈ­,245,33,64,13,0,7,33,1,1,18,4,62,8,0.261,0.4,0.322,0.722,0.5
¼Û±¤¹Î,2014,ÇÑÈ­,389,52,123,22,2,11,58,3,2,26,0,73,15,0.316,0.468,0.357,0.825,0.6
¼Û»ê,2012,KIA,80,6,13,2,0,0,11,0,0,5,1,25,5,0.163,0.188,0.221,0.409,NA
¼Û½ÂÁØ,2013,·Ôµ¥,1,0,0,0,0,0,0,0,0,0,0,1,0,0,0,0,0,NA
¼Û½ÂÁØ,2014,·Ôµ¥,1,0,0,0,0,0,0,0,0,0,0,1,0,0,0,0,0,NA
¼ÛÁÖÈ£,2013,ÇÑÈ­,31,5,4,0,0,0,0,0,2,2,0,8,0,0.129,0.129,0.182,0.311,0
¼ÛÁÖÈ£,2014,ÇÑÈ­,22,5,3,0,0,0,2,1,0,4,0,7,0,0.136,0.136,0.269,0.405,1
¼ÛÁö¸¸,2010,³Ø¼¾,375,52,109,15,1,17,63,5,2,41,8,85,5,0.291,0.472,0.367,0.839,0.714
¼ÛÁö¸¸,2011,³Ø¼¾,301,43,80,8,1,9,43,9,1,38,3,78,5,0.266,0.389,0.351,0.74,0.9
¼ÛÁö¸¸,2012,³Ø¼¾,40,2,7,0,0,0,4,2,0,4,1,9,3,0.175,0.175,0.261,0.436,1
¼ÛÁö¸¸,2013,³Ø¼¾,51,6,14,1,0,2,8,0,0,4,1,14,1,0.275,0.412,0.339,0.751,NA
¼ÛÃ¢½Ä,2012,ÇÑÈ­,1,0,0,0,0,0,0,0,0,0,0,1,0,0,0,0,0,NA
½º³ªÀÌ´õ,2014,LG,100,17,21,7,0,4,17,0,2,9,3,31,0,0.21,0.4,0.292,0.692,0
½ºÄ±,2014,SK,105,17,28,7,0,6,17,0,0,20,3,18,1,0.267,0.505,0.392,0.897,NA
½Å°æÇö,2010,ÇÑÈ­,253,29,63,13,0,10,40,6,5,27,0,54,10,0.249,0.419,0.318,0.737,0.545
½Å°æÇö,2011,ÇÑÈ­,233,18,62,9,0,1,27,5,4,23,2,50,7,0.266,0.318,0.335,0.653,0.556
½Å°æÇö,2012,ÇÑÈ­,149,10,27,0,0,0,9,1,0,13,2,25,4,0.181,0.181,0.253,0.434,1
½Åµ¿ÈÆ,2012,LG,1,0,0,0,0,0,0,0,0,0,0,1,0,0,0,0,0,NA
½Å¸íÃ¶,2010,»ï¼º,397,56,111,22,1,9,57,20,9,56,4,82,14,0.28,0.408,0.369,0.777,0.69
½Å¸íÃ¶,2011,»ï¼º,331,38,69,11,2,2,39,13,10,38,3,68,10,0.208,0.272,0.294,0.566,0.565
½Å¸íÃ¶,2012,»ï¼º,100,9,21,2,1,2,7,1,2,8,0,18,2,0.21,0.31,0.269,0.579,0.333
½Å¸íÃ¶,2013,»ï¼º,72,10,17,1,0,0,5,3,2,9,0,20,4,0.236,0.25,0.317,0.567,0.6
½Åº»±â,2012,·Ôµ¥,57,9,6,0,0,0,3,1,1,9,1,17,3,0.105,0.105,0.239,0.344,0.5
½Åº»±â,2013,·Ôµ¥,240,27,55,11,0,1,25,6,3,24,5,55,2,0.229,0.288,0.312,0.6,0.667
½Åº»±â,2014,·Ôµ¥,113,20,26,6,1,4,13,1,1,5,4,25,0,0.23,0.407,0.282,0.689,0.5
½ÅÀç¿õ,2013,LG,0,0,0,0,0,0,0,0,0,0,0,0,0,NA,NA,NA,NA,NA
½ÅÁ¾±æ,2010,KIA,131,22,42,6,3,1,18,16,2,4,4,25,1,0.321,0.435,0.36,0.795,0.889
½ÅÁ¾±æ,2011,KIA,281,40,62,12,1,5,35,23,6,27,5,59,5,0.221,0.324,0.299,0.623,0.793
½ÅÁ¾±æ,2012,KIA,83,10,13,2,2,1,2,5,5,5,0,26,0,0.157,0.265,0.202,0.467,0.5
½ÅÁ¾±æ,2013,KIA,377,55,117,22,5,4,50,29,6,30,5,86,3,0.31,0.427,0.365,0.792,0.829
½ÅÁ¾±æ,2014,KIA,360,60,105,24,6,9,51,20,7,29,2,92,2,0.292,0.467,0.345,0.812,0.741
½ÅÇöÃ¶,2011,³Ø¼¾,9,1,0,0,0,0,0,0,0,2,1,4,0,0,0,0.25,0.25,NA
½ÅÇöÃ¶,2012,³Ø¼¾,26,2,6,2,0,0,3,0,0,0,0,5,0,0.231,0.308,0.231,0.539,NA
½ÅÇöÃ¶,2013,³Ø¼¾,9,2,1,0,0,0,0,0,0,2,0,3,1,0.111,0.111,0.273,0.384,NA
½ÅÇöÃ¶,2014,SK,65,10,17,3,0,1,3,1,0,8,0,16,3,0.262,0.354,0.342,0.696,1
½É±¤È£,2011,LG,35,1,4,1,0,0,1,0,0,1,2,15,1,0.114,0.143,0.184,0.327,NA
½É±¤È£,2012,LG,73,4,15,3,0,0,6,1,1,3,1,19,1,0.205,0.247,0.244,0.491,0.5
¾È°æÇö,2010,SK,13,2,2,0,0,1,2,0,0,1,0,2,0,0.154,0.385,0.214,0.599,NA
¾Èµ¿Çö,2011,µÎ»ê,2,0,0,0,0,0,0,0,0,0,0,2,0,0,0,0,0,NA
¾ÈÁ¤±¤,2011,SK,18,1,4,0,0,0,3,0,0,2,0,5,0,0.222,0.222,0.3,0.522,NA
¾ÈÁ¤±¤,2012,SK,15,1,4,1,0,0,0,0,1,1,0,4,0,0.267,0.333,0.313,0.646,0
¾ÈÁ¤±¤,2014,SK,29,4,6,1,0,0,4,1,1,3,0,9,0,0.207,0.241,0.281,0.522,0.5
¾ÈÄ¡¿ë,2010,SK,48,3,15,1,0,1,4,2,1,8,1,10,2,0.313,0.396,0.414,0.81,0.667
¾ÈÄ¡¿ë,2011,SK,219,45,68,8,0,12,42,3,0,44,1,56,2,0.311,0.511,0.426,0.937,1
¾ÈÄ¡¿ë,2012,SK,198,23,44,10,1,6,23,3,0,31,1,66,3,0.222,0.374,0.33,0.704,1
¾ÈÄ¡¿ë,2013,SK,41,2,10,0,0,1,5,1,0,4,0,17,0,0.244,0.317,0.311,0.628,1
¾ÈÄ¡È«,2010,KIA,461,79,134,21,3,8,50,18,5,49,7,96,12,0.291,0.401,0.365,0.766,0.783
¾ÈÄ¡È«,2011,KIA,378,54,119,21,4,5,46,9,4,33,3,55,13,0.315,0.431,0.373,0.804,0.692
¾ÈÄ¡È«,2012,KIA,489,60,141,31,2,3,64,20,3,42,6,74,12,0.288,0.378,0.347,0.725,0.87
¾ÈÄ¡È«,2013,KIA,414,56,103,15,0,3,39,16,1,52,6,74,13,0.249,0.307,0.338,0.645,0.941
¾ÈÄ¡È«,2014,KIA,434,65,147,31,2,18,88,19,6,33,6,65,11,0.339,0.544,0.39,0.934,0.76
¾ÈÅÂ¿µ,2013,³Ø¼¾,34,3,12,2,0,1,3,0,0,1,2,14,0,0.353,0.5,0.405,0.905,NA
¾ÈÅÂ¿µ,2014,³Ø¼¾,63,12,17,6,0,1,9,1,0,7,10,21,3,0.27,0.413,0.425,0.838,1
¾Ëµå¸®Áö,2011,³Ø¼¾,414,55,98,20,1,20,73,6,2,59,2,139,5,0.237,0.435,0.331,0.766,0.75
¾Ø¼­´Ï,2013,KIA,1,0,0,0,0,0,0,0,0,0,0,1,0,0,0,0,0,NA
¾ç¼º¿ì,2012,ÇÑÈ­,87,12,17,3,0,0,3,6,1,15,1,27,1,0.195,0.23,0.32,0.55,0.857
¾ç¼º¿ì,2013,ÇÑÈ­,2,0,0,0,0,0,0,0,0,0,0,1,0,0,0,0,0,NA
¾ç¿µµ¿,2011,LG,70,9,11,2,0,0,2,4,1,12,1,20,1,0.157,0.186,0.289,0.475,0.8
¾ç¿µµ¿,2012,LG,71,23,14,2,1,0,4,12,0,7,1,14,1,0.197,0.254,0.278,0.532,1
¾ç¿µµ¿,2013,LG,39,12,9,1,0,0,2,4,4,3,0,13,0,0.231,0.256,0.286,0.542,0.5
¾çÀÇÁö,2010,µÎ»ê,374,48,100,14,1,20,68,4,1,40,8,68,12,0.267,0.471,0.348,0.819,0.8
¾çÀÇÁö,2011,µÎ»ê,376,43,113,14,3,4,46,3,3,44,3,58,12,0.301,0.386,0.375,0.761,0.5
¾çÀÇÁö,2012,µÎ»ê,359,39,100,22,1,5,27,1,2,37,10,51,17,0.279,0.387,0.361,0.748,0.333
¾çÀÇÁö,2013,µÎ»ê,311,37,77,19,0,7,57,6,1,36,8,50,11,0.248,0.376,0.338,0.714,0.857
¾çÀÇÁö,2014,µÎ»ê,296,40,87,23,1,10,46,4,3,24,9,34,8,0.294,0.48,0.36,0.84,0.571
¾çÁ¾¹Î,2010,·Ôµ¥,9,0,1,1,0,0,3,0,0,1,0,3,0,0.111,0.222,0.2,0.422,NA
¾çÁ¾¹Î,2011,·Ôµ¥,55,11,13,2,0,0,5,0,3,5,0,21,1,0.236,0.273,0.3,0.573,0
¾çÁ¾¹Î,2012,·Ôµ¥,4,0,1,0,0,0,1,1,0,0,0,1,0,0.25,0.25,0.25,0.5,1
¾çÁ¾¹Î,2013,·Ôµ¥,0,1,0,0,0,0,0,0,0,0,0,0,0,NA,NA,NA,NA,NA
¾çÁ¾¹Î,2014,µÎ»ê,4,0,0,0,0,0,0,0,0,0,0,2,0,0,0,0,0,NA
¾çÁØÇõ,2010,»ï¼º,142,10,34,6,0,1,20,0,1,28,3,20,3,0.239,0.303,0.371,0.674,0
¾öÅÂ¿ë,2013,ÇÑÈ­,64,2,15,4,0,0,5,1,0,2,0,19,1,0.234,0.297,0.258,0.555,1
¾öÅÂ¿ë,2014,ÇÑÈ­,17,2,3,1,0,0,2,0,0,0,0,5,0,0.176,0.235,0.176,0.411,NA
¿¬°æÈì,2012,ÇÑÈ­,62,3,11,2,0,1,5,0,0,9,0,16,2,0.177,0.258,0.282,0.54,NA
¿¬°æÈì,2013,ÇÑÈ­,6,1,0,0,0,0,0,0,0,0,0,3,0,0,0,0,0,NA
¿À³Ú¸®,2011,ÇÑÈ­,1,0,0,0,0,0,0,0,0,0,0,0,0,0,0,0,0,NA
¿ÀµÎÃ¶,2014,KIA,0,0,0,0,0,0,0,0,0,0,0,0,0,NA,NA,NA,NA,NA
¿À¼±Áø,2010,ÇÑÈ­,221,24,44,5,0,0,14,7,2,12,2,57,7,0.199,0.222,0.247,0.469,0.778
¿À¼±Áø,2011,ÇÑÈ­,107,15,22,3,0,0,7,3,3,5,4,21,3,0.206,0.234,0.265,0.499,0.5
¿À¼±Áø,2012,ÇÑÈ­,399,33,105,18,3,3,41,14,9,25,7,65,7,0.263,0.346,0.316,0.662,0.609
¿À¼±Áø,2013,ÇÑÈ­,256,31,59,8,2,2,26,5,2,23,10,49,12,0.23,0.301,0.315,0.616,0.714
¿À½ÂÅÃ,2011,·Ôµ¥,1,0,0,0,0,0,0,0,0,0,0,0,0,0,0,0,0,NA
¿À½ÂÅÃ,2014,·Ôµ¥,45,10,11,3,0,1,5,2,1,5,0,18,0,0.244,0.378,0.32,0.698,0.667
¿ÀÀ±,2010,³Ø¼¾,61,6,11,3,0,1,4,0,1,8,0,16,2,0.18,0.279,0.275,0.554,0
¿ÀÀ±,2011,³Ø¼¾,130,12,32,7,1,2,18,1,1,15,2,34,5,0.246,0.362,0.333,0.695,0.5
¿ÀÀ±,2012,³Ø¼¾,173,16,40,3,1,3,20,5,2,29,3,41,7,0.231,0.312,0.351,0.663,0.714
¿ÀÀ±,2013,³Ø¼¾,117,14,34,5,0,0,17,0,0,20,3,29,3,0.291,0.333,0.401,0.734,NA
¿ÀÀ±,2014,³Ø¼¾,6,1,0,0,0,0,0,0,0,1,0,3,0,0,0,0.143,0.143,NA
¿ÀÀåÈÆ,2012,µÎ»ê,18,0,2,1,0,0,0,0,0,1,0,6,2,0.111,0.167,0.158,0.325,NA
¿ÀÀåÈÆ,2014,µÎ»ê,5,0,1,0,0,0,0,0,0,0,0,3,1,0.2,0.2,0.2,0.4,NA
¿ÀÀç¿ø,2010,µÎ»ê,384,59,106,17,3,0,37,35,10,29,4,76,5,0.276,0.336,0.332,0.668,0.778
¿ÀÀç¿ø,2011,µÎ»ê,466,73,129,18,4,6,46,46,7,39,9,62,6,0.277,0.371,0.342,0.713,0.868
¿ÀÀç¿ø,2012,µÎ»ê,188,29,53,7,3,0,17,14,2,17,0,43,4,0.282,0.351,0.338,0.689,0.875
¿ÀÀç¿ø,2013,µÎ»ê,308,54,80,14,7,7,44,33,11,49,6,62,6,0.26,0.419,0.367,0.786,0.75
¿ÀÀç¿ø,2014,µÎ»ê,359,60,114,21,6,5,40,33,7,50,2,61,7,0.318,0.451,0.404,0.855,0.825
¿ÀÀçÀÏ,2010,³Ø¼¾,60,1,8,4,0,1,9,0,0,4,1,16,6,0.133,0.25,0.2,0.45,NA
¿ÀÀçÀÏ,2011,³Ø¼¾,100,13,23,5,0,1,11,2,0,15,1,24,2,0.23,0.31,0.333,0.643,1
¿ÀÀçÀÏ,2012,µÎ»ê,212,16,43,8,0,8,25,0,0,10,0,58,3,0.203,0.354,0.235,0.589,NA
¿ÀÀçÀÏ,2013,µÎ»ê,117,16,35,12,0,3,28,0,1,20,3,28,0,0.299,0.479,0.406,0.885,0
¿ÀÀçÀÏ,2014,µÎ»ê,132,10,32,7,0,3,18,1,1,20,1,39,1,0.242,0.364,0.342,0.706,0.5
¿ÀÀçÇÊ,2011,ÇÑÈ­,86,14,19,3,1,2,14,8,1,6,3,36,1,0.221,0.349,0.295,0.644,0.889
¿ÀÀçÇÊ,2012,ÇÑÈ­,70,10,15,1,0,1,5,6,1,9,1,26,0,0.214,0.271,0.313,0.584,0.857
¿ÀÀçÇÊ,2013,ÇÑÈ­,16,0,2,0,0,0,0,0,0,0,1,10,0,0.125,0.125,0.176,0.301,NA
¿ÀÁ¤º¹,2010,»ï¼º,221,39,60,10,1,7,36,1,4,25,4,40,4,0.271,0.421,0.35,0.771,0.2
¿ÀÁ¤º¹,2011,»ï¼º,26,4,5,1,0,0,3,0,0,1,0,6,0,0.192,0.231,0.222,0.453,NA
¿ÀÁ¤º¹,2014,NC,69,9,16,4,0,0,7,2,0,7,1,9,2,0.232,0.29,0.304,0.594,1
¿ÀÁØÇõ,2011,ÇÑÈ­,3,0,0,0,0,0,0,0,0,0,0,2,0,0,0,0,0,NA
¿ÀÁØÇõ,2012,ÇÑÈ­,15,1,2,0,0,0,2,0,0,0,1,3,1,0.133,0.133,0.188,0.321,NA
¿ÀÁöÈ¯,2010,LG,352,59,85,13,6,13,61,13,2,44,7,137,1,0.241,0.423,0.332,0.755,0.867
¿ÀÁöÈ¯,2011,LG,156,17,33,7,0,2,15,5,2,19,1,57,2,0.212,0.295,0.299,0.594,0.714
¿ÀÁöÈ¯,2012,LG,462,66,115,22,2,12,53,23,14,55,6,122,6,0.249,0.383,0.331,0.714,0.622
¿ÀÁöÈ¯,2013,LG,441,81,113,20,8,9,47,30,7,54,9,113,7,0.256,0.399,0.347,0.746,0.811
¿ÀÁöÈ¯,2014,LG,397,72,104,20,8,8,56,28,12,51,7,102,8,0.262,0.413,0.354,0.767,0.7
¿ÀÇö±Ù,2010,µÎ»ê,2,1,0,0,0,0,0,0,0,0,0,0,0,0,0,0,0,NA
¿ÀÇö±Ù,2013,µÎ»ê,4,0,1,0,0,0,0,0,0,0,0,0,0,0.25,0.25,0.25,0.5,NA
¿ë´öÇÑ,2010,µÎ»ê,44,7,6,2,0,0,0,0,0,3,3,12,1,0.136,0.182,0.24,0.422,NA
¿ë´öÇÑ,2011,µÎ»ê,47,3,7,2,0,0,2,0,0,0,2,8,1,0.149,0.191,0.184,0.375,NA
¿ë´öÇÑ,2012,·Ôµ¥,72,9,17,1,0,1,6,3,0,4,1,10,0,0.236,0.292,0.286,0.578,1
¿ë´öÇÑ,2013,·Ôµ¥,88,6,13,1,0,1,4,1,0,7,0,24,2,0.148,0.193,0.208,0.401,1
¿ë´öÇÑ,2014,·Ôµ¥,82,13,25,5,0,1,11,0,1,3,1,22,4,0.305,0.402,0.326,0.728,0
¿ìµ¿±Õ,2012,»ï¼º,48,6,9,3,0,1,5,1,0,7,0,12,1,0.188,0.313,0.286,0.599,1
¿ìµ¿±Õ,2013,»ï¼º,80,9,18,6,0,1,15,3,1,11,1,16,0,0.225,0.338,0.323,0.661,0.75
¿ìµ¿±Õ,2014,»ï¼º,39,2,9,1,0,0,7,0,0,4,0,8,1,0.231,0.256,0.302,0.558,NA
À¯°­³²,2011,LG,3,0,0,0,0,0,0,0,0,0,0,0,0,0,0,0,0,NA
À¯°­³²,2012,LG,24,1,3,0,0,0,1,0,0,0,1,5,0,0.125,0.125,0.154,0.279,NA
À¯¼±Á¤,2010,³Ø¼¾,135,16,34,6,0,0,14,2,1,17,1,30,4,0.252,0.296,0.333,0.629,0.667
À¯¼±Á¤,2011,³Ø¼¾,39,1,3,0,1,0,1,0,0,10,0,11,0,0.077,0.128,0.265,0.393,NA
À¯Àç½Å,2012,³Ø¼¾,85,14,20,2,2,0,7,5,2,6,0,20,0,0.235,0.306,0.283,0.589,0.714
À¯Àç½Å,2013,³Ø¼¾,20,22,4,0,0,0,2,7,8,2,1,9,1,0.2,0.2,0.304,0.504,0.467
À¯Àç½Å,2014,³Ø¼¾,2,8,0,0,0,0,0,6,2,0,0,0,0,0,0,0,0,0.75
À¯Àç¿õ,2010,µÎ»ê,97,17,25,6,0,7,25,0,0,6,1,27,0,0.258,0.536,0.308,0.844,NA
À¯Àç¿õ,2011,µÎ»ê,13,3,2,1,0,0,0,0,0,2,1,5,3,0.154,0.231,0.313,0.544,NA
À¯Àç¿õ,2012,SK,13,1,2,0,0,0,1,0,0,1,0,3,0,0.154,0.154,0.214,0.368,NA
À¯ÀçÇõ,2013,KIA,11,3,1,0,0,0,1,1,0,3,0,5,0,0.091,0.091,0.267,0.358,1
À¯ÇÑÁØ,2010,³Ø¼¾,481,52,140,27,0,9,79,2,2,49,1,81,17,0.291,0.403,0.355,0.758,0.5
À¯ÇÑÁØ,2011,³Ø¼¾,447,64,129,23,2,3,54,4,3,52,4,63,11,0.289,0.369,0.365,0.734,0.571
À¯ÇÑÁØ,2012,³Ø¼¾,246,22,59,11,1,3,25,3,1,19,2,36,11,0.24,0.329,0.299,0.628,0.75
À¯ÇÑÁØ,2013,³Ø¼¾,298,37,81,13,0,7,40,4,3,37,4,48,7,0.272,0.386,0.358,0.744,0.571
À¯ÇÑÁØ,2014,³Ø¼¾,405,71,128,31,0,20,91,2,1,46,3,53,9,0.316,0.541,0.384,0.925,0.667
À±±Ù¿µ,2013,ÇÑÈ­,1,0,1,0,0,0,0,0,0,0,0,0,0,1,1,1,2,NA
À±¼®¹Î,2011,µÎ»ê,167,18,48,8,0,4,19,0,2,17,2,30,6,0.287,0.407,0.36,0.767,0
À±¼®¹Î,2012,µÎ»ê,289,25,84,9,2,10,48,2,1,18,2,54,12,0.291,0.439,0.328,0.767,0.667
À±¼®¹Î,2013,µÎ»ê,68,12,20,5,0,2,8,2,0,4,1,14,1,0.294,0.456,0.342,0.798,1
À±¼®¹Î,2014,³Ø¼¾,281,30,75,12,0,10,43,0,0,18,2,47,11,0.267,0.416,0.314,0.73,NA
À±¿©¿î,2012,·Ôµ¥,6,0,1,1,0,0,0,0,0,0,0,5,0,0.167,0.333,0.167,0.5,NA
À±¿ÏÁÖ,2012,KIA,90,17,24,2,0,0,6,5,3,6,2,22,2,0.267,0.289,0.327,0.616,0.625
À±¿ÏÁÖ,2013,KIA,54,11,8,1,0,0,4,3,2,2,1,15,1,0.148,0.167,0.193,0.36,0.6
À±¿ÏÁÖ,2014,KIA,2,0,2,0,0,0,0,0,0,1,0,0,0,1,1,1,2,NA
À±¿ä¼·,2010,LG,51,4,15,0,0,0,9,1,0,2,2,16,0,0.294,0.294,0.339,0.633,1
À±¿ä¼·,2011,LG,77,8,17,3,0,5,18,0,0,13,0,22,4,0.221,0.455,0.33,0.785,NA
À±¿ä¼·,2012,LG,171,17,51,7,0,2,19,3,2,16,6,35,9,0.298,0.374,0.374,0.748,0.6
À±¿ä¼·,2013,LG,186,20,38,8,1,1,30,2,3,23,6,32,6,0.204,0.274,0.306,0.58,0.4
À±¿ä¼·,2014,LG,68,4,15,4,0,0,2,0,0,2,1,15,1,0.221,0.279,0.25,0.529,NA
À±Á¤¿ì,2011,KIA,16,4,1,1,0,0,0,3,0,1,0,9,0,0.063,0.125,0.118,0.243,1
À±Á¤¿ì,2012,LG,21,4,2,0,0,0,0,4,1,0,0,7,1,0.095,0.095,0.095,0.19,0.8
À±ÁßÈ¯,2011,SK,2,0,0,0,0,0,0,0,0,0,0,0,0,0,0,0,0,NA
À±ÁøÈ£,2010,LG,6,1,0,0,0,0,0,0,0,0,0,2,1,0,0,0,0,NA
À±ÁøÈ£,2011,LG,88,11,14,4,0,0,2,2,1,6,0,26,3,0.159,0.205,0.213,0.418,0.667
À±ÁøÈ£,2012,LG,12,3,1,0,0,0,0,1,1,1,0,4,0,0.083,0.083,0.154,0.237,0.5
À±È¿¼·,2010,KIA,2,0,0,0,0,0,0,0,0,0,0,0,0,0,0,0,0,NA
ÀÌ´ë¼ö,2010,ÇÑÈ­,375,33,87,13,1,7,37,2,4,26,6,57,4,0.232,0.328,0.29,0.618,0.333
ÀÌ´ë¼ö,2011,ÇÑÈ­,366,46,110,16,3,8,50,8,8,31,5,64,5,0.301,0.426,0.36,0.786,0.5
ÀÌ´ë¼ö,2012,ÇÑÈ­,376,36,105,23,4,4,48,5,1,27,3,57,9,0.279,0.394,0.328,0.722,0.833
ÀÌ´ë¼ö,2013,ÇÑÈ­,390,54,100,23,2,4,42,11,4,38,6,88,10,0.256,0.356,0.33,0.686,0.733
ÀÌ´ë¼ö,2014,SK,25,1,4,0,0,0,2,0,0,2,1,5,2,0.16,0.16,0.25,0.41,NA
ÀÌ´ëÇü,2010,LG,494,73,129,14,2,1,43,66,21,58,2,76,3,0.261,0.304,0.341,0.645,0.759
ÀÌ´ëÇü,2011,LG,354,56,88,11,5,1,24,34,17,30,2,78,0,0.249,0.316,0.31,0.626,0.667
ÀÌ´ëÇü,2012,LG,258,32,46,4,4,1,19,25,3,25,1,53,5,0.178,0.236,0.253,0.489,0.893
ÀÌ´ëÇü,2013,LG,177,36,42,5,1,1,10,13,9,19,1,45,1,0.237,0.294,0.312,0.606,0.591
ÀÌ´ëÇü,2014,KIA,461,75,149,15,9,1,40,22,15,35,2,57,5,0.323,0.401,0.372,0.773,0.595
ÀÌ´ëÈ£,2010,·Ôµ¥,478,99,174,13,0,44,133,0,2,61,10,77,15,0.364,0.667,0.444,1.111,0
ÀÌ´ëÈ£,2011,·Ôµ¥,493,76,176,26,1,27,113,2,0,63,8,60,22,0.357,0.578,0.433,1.011,1
ÀÌµµÇü,2010,ÇÑÈ­,86,8,25,2,0,4,13,0,0,7,2,11,0,0.291,0.453,0.354,0.807,NA
ÀÌµ¿ÈÆ,2013,KIA,24,3,4,0,0,0,2,0,0,5,0,7,0,0.167,0.167,0.31,0.477,NA
ÀÌµÎÈ¯,2010,µÎ»ê,25,2,8,1,0,1,6,1,0,2,1,7,0,0.32,0.48,0.367,0.847,1
ÀÌ¸í±â,2010,SK,4,1,1,0,0,0,0,0,0,0,1,0,0,0.25,0.25,0.4,0.65,NA
ÀÌ¸í±â,2013,SK,100,21,34,3,2,1,11,6,4,9,0,22,1,0.34,0.44,0.391,0.831,0.6
ÀÌ¸í±â,2014,SK,285,54,105,13,2,4,28,8,6,21,1,47,7,0.368,0.47,0.414,0.884,0.571
ÀÌ¸íÈ¯,2013,NC,9,0,1,0,0,0,0,0,0,0,0,2,1,0.111,0.111,0.111,0.222,NA
ÀÌ¹ÎÀç,2012,LG,14,0,1,0,0,0,0,0,0,0,0,4,0,0.071,0.071,0.071,0.142,NA
ÀÌ¹üÈ£,2011,KIA,318,63,96,21,0,17,77,2,0,75,7,56,8,0.302,0.528,0.44,0.968,1
ÀÌ¹üÈ£,2012,KIA,140,13,41,7,0,2,19,1,0,27,1,23,3,0.293,0.386,0.404,0.79,1
ÀÌ¹üÈ£,2013,KIA,436,56,108,17,0,24,73,0,2,62,9,79,18,0.248,0.452,0.35,0.802,0
ÀÌ¹üÈ£,2014,KIA,350,47,94,23,0,19,82,2,2,41,11,89,9,0.269,0.497,0.36,0.857,0.5
ÀÌº´±ÔO,2011,LG,485,64,164,24,0,16,75,2,1,28,2,47,10,0.338,0.487,0.375,0.862,0.667
ÀÌº´±ÔO,2012,LG,420,52,126,25,1,5,41,5,7,22,2,58,18,0.3,0.4,0.333,0.733,0.417
ÀÌº´±ÔO,2013,LG,374,39,130,19,3,5,74,2,2,22,2,40,10,0.348,0.455,0.384,0.839,0.5
ÀÌº´±ÔO,2014,LG,195,23,49,6,0,2,25,1,1,8,2,21,5,0.251,0.313,0.288,0.601,0.5
ÀÌº´±ÔY,2010,LG,307,57,92,17,1,12,53,5,3,44,3,58,4,0.3,0.479,0.389,0.868,0.625
ÀÌº´±ÔY,2011,LG,88,13,22,3,0,4,14,1,1,20,1,32,2,0.25,0.42,0.387,0.807,0.5
ÀÌº´±ÔY,2012,LG,223,23,71,17,0,2,21,8,3,43,3,54,2,0.318,0.422,0.435,0.857,0.727
ÀÌº´±ÔY,2013,LG,172,24,50,6,1,2,26,1,1,26,3,47,0,0.291,0.372,0.393,0.765,0.5
ÀÌº´±ÔY,2014,LG,360,66,110,28,3,16,87,5,10,74,5,78,7,0.306,0.533,0.423,0.956,0.333
ÀÌºê·£µå,2013,ÇÑÈ­,1,0,0,0,0,0,0,0,0,0,0,1,0,0,0,0,0,NA
ÀÌ»óÈ£,2013,NC,125,26,31,7,1,0,13,25,4,10,0,21,4,0.248,0.32,0.304,0.624,0.862
ÀÌ»óÈ£,2014,NC,51,30,11,2,0,1,5,11,5,2,0,10,1,0.216,0.314,0.241,0.555,0.688
ÀÌ»óÈÆ,2010,ÇÑÈ­,60,6,10,0,0,0,2,5,1,7,2,11,1,0.167,0.167,0.275,0.442,0.833
ÀÌ»óÈÆ,2012,ÇÑÈ­,25,3,3,0,0,0,0,1,0,1,2,3,1,0.12,0.12,0.214,0.334,1
ÀÌ»óÈÆ,2013,»ï¼º,28,7,10,1,0,2,2,0,0,3,3,6,1,0.357,0.607,0.471,1.078,NA
ÀÌ»óÈÆ,2014,»ï¼º,10,0,0,0,0,0,0,0,0,1,0,2,0,0,0,0.091,0.091,NA
ÀÌ¼º°ï,2014,µÎ»ê,8,1,2,1,0,0,0,0,0,0,0,4,0,0.25,0.375,0.25,0.625,NA
ÀÌ¼º¿­,2010,µÎ»ê,419,77,110,27,1,24,86,6,3,40,13,136,6,0.263,0.504,0.343,0.847,0.667
ÀÌ¼º¿­,2011,µÎ»ê,221,23,56,7,1,7,28,4,6,16,9,76,2,0.253,0.389,0.329,0.718,0.4
ÀÌ¼º¿­,2012,³Ø¼¾,265,24,58,12,0,7,35,5,6,25,6,85,6,0.219,0.343,0.3,0.643,0.455
ÀÌ¼º¿­,2013,³Ø¼¾,284,42,67,12,0,18,48,1,2,23,17,115,2,0.236,0.468,0.328,0.796,0.333
ÀÌ¼º¿­,2014,³Ø¼¾,256,46,66,10,0,14,39,2,3,24,9,80,0,0.258,0.461,0.341,0.802,0.4
ÀÌ¼º¿ì,2010,KIA,16,2,4,0,0,0,0,0,0,0,0,3,0,0.25,0.25,0.25,0.5,NA
ÀÌ¼º¿ì,2011,KIA,9,2,3,0,0,0,0,0,0,0,0,0,1,0.333,0.333,0.333,0.666,NA
ÀÌ¼º¿ì,2012,KIA,8,1,0,0,0,0,1,0,0,1,0,2,1,0,0,0.111,0.111,NA
ÀÌ¼º¿ì,2013,KIA,22,0,3,0,0,0,0,0,0,0,0,7,1,0.136,0.136,0.136,0.272,NA
ÀÌ¼º¿ì,2014,KIA,124,11,29,3,0,1,9,1,0,3,1,18,9,0.234,0.282,0.258,0.54,1
ÀÌ¼ºÈ£,2010,ÇÑÈ­,5,0,0,0,0,0,0,0,0,1,0,2,0,0,0,0.167,0.167,NA
ÀÌ¼þ¿ë,2010,³Ø¼¾,328,37,90,15,0,2,30,5,2,36,3,37,7,0.274,0.338,0.35,0.688,0.714
ÀÌ¼þ¿ë,2011,³Ø¼¾,146,7,37,7,0,0,12,1,0,18,1,18,4,0.253,0.301,0.337,0.638,1
ÀÌ½Â¿±,2012,»ï¼º,488,84,150,28,2,21,85,6,0,59,4,101,10,0.307,0.502,0.384,0.886,1
ÀÌ½Â¿±,2013,»ï¼º,443,62,112,24,0,13,69,3,1,30,2,94,8,0.253,0.395,0.298,0.693,0.75
ÀÌ½Â¿±,2014,»ï¼º,506,83,156,30,0,32,101,5,1,40,0,77,10,0.308,0.557,0.358,0.915,0.833
ÀÌ½ÂÀç,2014,NC,11,1,1,0,1,0,3,0,0,0,0,3,0,0.091,0.273,0.091,0.364,NA
ÀÌ½ÂÁÖ,2011,³Ø¼¾,11,0,2,0,0,0,0,0,0,1,0,3,0,0.182,0.182,0.25,0.432,NA
ÀÌ½ÃÂù,2010,LG,23,3,4,2,0,0,2,5,0,3,0,4,0,0.174,0.261,0.269,0.53,1
ÀÌ½ÃÂù,2011,LG,19,6,2,0,1,0,2,4,3,2,0,4,0,0.105,0.211,0.182,0.393,0.571
ÀÌ½ÃÂù,2012,ÇÑÈ­,41,16,8,1,0,0,4,9,2,3,0,8,1,0.195,0.22,0.244,0.464,0.818
ÀÌ½ÃÂù,2013,ÇÑÈ­,165,20,33,4,0,1,13,16,3,9,2,29,7,0.2,0.242,0.25,0.492,0.842
ÀÌ½ÃÂù,2014,ÇÑÈ­,105,14,30,4,0,0,9,4,1,10,0,19,3,0.286,0.324,0.345,0.669,0.8
ÀÌ¾ç±â,2010,ÇÑÈ­,44,4,6,1,0,1,3,3,0,7,5,10,1,0.136,0.227,0.321,0.548,1
ÀÌ¾ç±â,2011,ÇÑÈ­,147,9,41,13,0,0,17,3,0,9,6,31,5,0.279,0.367,0.346,0.713,1
ÀÌ¾ç±â,2012,ÇÑÈ­,49,8,11,2,0,0,6,0,0,2,3,11,1,0.224,0.265,0.296,0.561,NA
ÀÌ¾ç±â,2013,ÇÑÈ­,185,16,57,8,1,3,30,0,0,17,5,25,10,0.308,0.411,0.38,0.791,NA
ÀÌ¾ç±â,2014,ÇÑÈ­,125,13,33,5,0,0,6,1,0,10,2,19,3,0.264,0.304,0.326,0.63,1
ÀÌ¿©»ó,2010,ÇÑÈ­,14,0,3,1,0,0,3,0,0,1,0,6,0,0.214,0.286,0.267,0.553,NA
ÀÌ¿©»ó,2011,ÇÑÈ­,320,31,71,15,2,3,38,15,4,24,4,67,11,0.222,0.309,0.28,0.589,0.789
ÀÌ¿©»ó,2012,ÇÑÈ­,182,18,43,7,0,3,19,7,2,15,2,40,5,0.236,0.324,0.302,0.626,0.778
ÀÌ¿©»ó,2013,ÇÑÈ­,22,1,1,0,0,0,0,0,0,0,0,9,0,0.045,0.045,0.045,0.09,NA
ÀÌ¿µ¼ö,2010,KIA,73,9,18,6,0,2,13,0,0,10,4,11,4,0.247,0.411,0.368,0.779,NA
ÀÌ¿µ¿ì,2010,ÇÑÈ­,21,0,2,0,0,0,0,0,1,0,0,2,0,0.095,0.095,0.095,0.19,0
ÀÌ¿µ¿í,2010,»ï¼º,408,68,111,19,2,4,42,30,8,51,7,86,4,0.272,0.358,0.36,0.718,0.789
ÀÌ¿µ¿í,2011,»ï¼º,203,37,47,9,3,3,20,14,6,21,4,68,1,0.232,0.35,0.312,0.662,0.7
ÀÌ¿µ¿í,2014,»ï¼º,53,16,11,3,0,0,6,6,1,7,2,16,0,0.208,0.264,0.323,0.587,0.857
ÀÌ¿ë±Ô,2010,KIA,472,74,145,19,1,3,51,25,12,64,9,50,10,0.307,0.371,0.398,0.769,0.676
ÀÌ¿ë±Ô,2011,KIA,421,84,140,16,2,3,33,30,6,63,9,33,5,0.333,0.401,0.427,0.828,0.833
ÀÌ¿ë±Ô,2012,KIA,491,86,139,14,2,2,37,44,12,66,10,38,9,0.283,0.332,0.377,0.709,0.786
ÀÌ¿ë±Ô,2013,KIA,390,74,115,20,1,2,22,21,9,44,7,37,4,0.295,0.367,0.375,0.742,0.7
ÀÌ¿ë±Ô,2014,ÇÑÈ­,358,62,103,12,4,0,20,12,11,52,5,46,5,0.288,0.344,0.385,0.729,0.522
ÀÌ¿ëÂù,2010,µÎ»ê,1,0,0,0,0,0,0,0,0,0,0,1,0,0,0,0,0,NA
ÀÌ¿ì¹Î,2010,·Ôµ¥,82,13,20,4,1,0,9,2,1,2,4,16,0,0.244,0.317,0.295,0.612,0.667
ÀÌ¿ì¹Î,2011,·Ôµ¥,75,12,9,1,1,0,3,3,1,10,2,26,0,0.12,0.16,0.239,0.399,0.75
ÀÌ¿ì¹Î,2012,·Ôµ¥,84,12,18,2,0,1,5,1,2,12,0,21,0,0.214,0.274,0.313,0.587,0.333
ÀÌ¿ì¹Î,2013,·Ôµ¥,217,30,55,5,0,0,16,5,5,15,8,47,2,0.253,0.276,0.322,0.598,0.5
ÀÌ¿ì¹Î,2014,·Ôµ¥,80,14,18,0,0,0,10,0,3,14,2,22,1,0.225,0.225,0.351,0.576,0
ÀÌ¿ø¼®,2010,µÎ»ê,291,36,78,14,4,8,49,1,4,26,4,44,5,0.268,0.426,0.334,0.76,0.2
ÀÌ¿ø¼®,2011,µÎ»ê,264,36,57,11,0,8,35,1,0,29,3,58,7,0.216,0.348,0.298,0.646,1
ÀÌ¿ø¼®,2012,µÎ»ê,325,36,87,13,2,8,42,1,1,30,5,35,16,0.268,0.394,0.337,0.731,0.5
ÀÌ¿ø¼®,2013,µÎ»ê,264,40,83,12,0,10,39,6,4,29,3,49,7,0.314,0.473,0.385,0.858,0.6
ÀÌ¿ø¼®,2014,µÎ»ê,231,29,58,8,2,5,25,0,0,19,1,53,2,0.251,0.368,0.308,0.676,NA
ÀÌÀÎ±¸,2010,·Ôµ¥,2,1,0,0,0,0,0,0,0,0,0,1,0,0,0,0,0,NA
ÀÌÀÎ±¸,2011,·Ôµ¥,161,26,43,5,2,2,14,6,1,17,3,22,4,0.267,0.36,0.348,0.708,0.857
ÀÌÀÎ±¸,2012,·Ôµ¥,12,1,2,0,0,0,0,0,0,0,0,4,0,0.167,0.167,0.167,0.334,NA
ÀÌÀÎ±¸,2013,·Ôµ¥,2,0,0,0,0,0,0,0,0,0,0,0,1,0,0,0,0,NA
ÀÌÀç¿ø,2010,SK,70,8,18,5,0,1,7,0,0,5,2,8,4,0.257,0.371,0.321,0.692,NA
ÀÌÀç¿ø,2012,SK,28,3,9,0,0,2,7,0,0,4,1,4,1,0.321,0.536,0.424,0.96,NA
ÀÌÀç¿ø,2013,SK,226,27,57,10,1,8,41,2,1,17,4,32,8,0.252,0.412,0.313,0.725,0.667
ÀÌÀç¿ø,2014,SK,412,48,139,30,2,12,83,3,0,49,12,66,14,0.337,0.507,0.413,0.92,1
ÀÌÁ¤½Ä,2010,»ï¼º,93,12,24,3,0,1,7,2,0,6,0,22,4,0.258,0.323,0.303,0.626,1
ÀÌÁ¤½Ä,2011,»ï¼º,5,0,2,0,0,0,0,0,0,0,0,3,0,0.4,0.4,0.4,0.8,NA
ÀÌÁ¤½Ä,2012,»ï¼º,53,4,8,0,0,0,1,0,1,7,1,19,0,0.151,0.151,0.262,0.413,0
ÀÌÁ¤½Ä,2013,»ï¼º,17,3,4,0,0,1,4,1,0,0,0,4,1,0.235,0.412,0.235,0.647,1
ÀÌÁ¤½Ä,2014,»ï¼º,4,0,0,0,0,0,0,0,0,1,0,1,0,0,0,0.2,0.2,NA
ÀÌÁ¾¹ü,2010,KIA,265,36,65,16,1,4,29,2,2,15,3,33,5,0.245,0.358,0.293,0.651,0.5
ÀÌÁ¾¹ü,2011,KIA,235,27,65,15,1,3,24,3,2,22,1,35,6,0.277,0.387,0.337,0.724,0.6
ÀÌÁ¾¿í,2010,µÎ»ê,413,66,129,16,2,5,45,30,13,45,4,46,3,0.312,0.397,0.383,0.78,0.698
ÀÌÁ¾¿í,2011,µÎ»ê,436,64,132,11,5,5,44,20,15,49,5,51,6,0.303,0.385,0.377,0.762,0.571
ÀÌÁ¾¿í,2012,µÎ»ê,437,57,105,17,1,0,39,21,8,43,3,43,2,0.24,0.284,0.309,0.593,0.724
ÀÌÁ¾¿í,2013,µÎ»ê,401,77,123,23,6,6,52,30,7,38,3,57,6,0.307,0.439,0.369,0.808,0.811
ÀÌÁ¾¿í,2014,NC,438,73,126,28,4,6,78,15,4,40,3,60,5,0.288,0.411,0.342,0.753,0.789
ÀÌÁ¾È¯,2010,KIA,87,8,15,5,1,2,13,0,0,6,0,31,0,0.172,0.322,0.226,0.548,NA
ÀÌÁ¾È¯,2012,KIA,13,2,5,2,0,1,3,0,0,0,0,3,0,0.385,0.769,0.385,1.154,NA
ÀÌÁ¾È¯,2013,KIA,123,6,35,9,0,1,12,1,0,12,0,30,1,0.285,0.382,0.348,0.73,1
ÀÌÁ¾È¯,2014,KIA,122,14,35,9,0,2,23,0,2,11,2,33,1,0.287,0.41,0.353,0.763,0
ÀÌÁØ¼ö,2012,ÇÑÈ­,39,1,6,1,0,0,2,0,0,4,0,16,0,0.154,0.179,0.233,0.412,NA
ÀÌÁØ¼ö,2013,ÇÑÈ­,65,6,13,3,0,0,6,0,0,3,3,21,0,0.2,0.246,0.264,0.51,NA
ÀÌÁØ¼ö,2014,ÇÑÈ­,0,0,0,0,0,0,0,0,0,1,0,0,0,NA,NA,1,1,NA
ÀÌÁØÈ£,2011,KIA,2,0,1,0,0,0,0,0,0,0,0,0,0,0.5,0.5,0.5,1,NA
ÀÌÁØÈ£,2012,KIA,255,25,58,12,4,0,21,4,4,29,0,48,5,0.227,0.306,0.303,0.609,0.5
ÀÌÁØÈ£,2013,KIA,60,4,12,2,0,0,4,0,0,3,1,16,1,0.2,0.233,0.246,0.479,NA
ÀÌÁö¿µ,2012,»ï¼º,135,10,41,3,0,0,13,0,0,4,4,16,4,0.304,0.326,0.343,0.669,NA
ÀÌÁö¿µ,2013,»ï¼º,268,27,64,4,1,0,18,4,0,14,1,38,6,0.239,0.261,0.278,0.539,1
ÀÌÁö¿µ,2014,»ï¼º,266,37,74,10,3,3,32,3,3,14,2,33,5,0.278,0.372,0.315,0.687,0.5
ÀÌÁø¿µ,2010,LG,378,56,125,28,0,7,50,10,4,32,1,40,7,0.331,0.46,0.381,0.841,0.714
ÀÌÁø¿µ,2011,LG,323,43,89,18,1,2,37,3,2,26,2,29,9,0.276,0.356,0.331,0.687,0.6
ÀÌÁø¿µ,2012,LG,365,39,112,18,0,4,55,4,2,44,1,41,8,0.307,0.389,0.381,0.77,0.667
ÀÌÁø¿µ,2013,LG,368,41,121,26,1,3,62,6,2,37,2,42,6,0.329,0.429,0.39,0.819,0.75
ÀÌÁø¿µ,2014,LG,412,53,134,19,2,6,65,4,3,45,0,48,10,0.325,0.425,0.384,0.809,0.571
ÀÌÃ¢¼·,2010,³Ø¼¾,12,1,2,0,0,0,0,0,0,0,0,6,0,0.167,0.167,0.167,0.334,NA
ÀÌÃ¢¼·,2013,NC,5,0,0,0,0,0,0,0,0,0,0,2,0,0,0,0,0,NA
ÀÌÃ¢¼·,2014,NC,0,1,0,0,0,0,0,0,0,0,0,0,0,NA,NA,NA,NA,NA
ÀÌÃ¢¿­,2014,ÇÑÈ­,21,5,4,2,1,0,3,1,0,3,1,6,0,0.19,0.381,0.32,0.701,1
ÀÌÃ¢Áø,2014,·Ôµ¥,2,1,1,1,0,0,0,0,0,0,0,1,0,0.5,1,0.5,1.5,NA
ÀÌÃµ¿õ,2012,LG,14,2,3,0,0,1,2,2,0,3,1,4,0,0.214,0.429,0.389,0.818,1
ÀÌÃµ¿õ,2013,LG,10,0,1,0,0,0,1,0,0,0,0,2,0,0.1,0.1,0.091,0.191,NA
ÀÌÅÂ¿ø,2013,NC,82,5,12,2,0,0,4,0,0,8,3,26,3,0.146,0.171,0.247,0.418,NA
ÀÌÅÂ¿ø,2014,NC,66,5,8,2,0,0,4,0,0,2,0,20,0,0.121,0.152,0.147,0.299,NA
ÀÌÅÃ±Ù,2010,LG,337,66,102,17,1,14,50,14,6,38,4,55,10,0.303,0.484,0.377,0.861,0.7
ÀÌÅÃ±Ù,2011,LG,317,44,94,17,0,4,29,10,6,40,3,45,9,0.297,0.388,0.377,0.765,0.625
ÀÌÅÃ±Ù,2012,³Ø¼¾,345,54,95,20,1,8,55,13,8,31,3,30,10,0.275,0.409,0.335,0.744,0.619
ÀÌÅÃ±Ù,2013,³Ø¼¾,477,73,137,31,1,9,66,29,8,39,7,58,15,0.287,0.413,0.345,0.758,0.784
ÀÌÅÃ±Ù,2014,³Ø¼¾,441,87,135,32,1,21,91,11,8,51,13,43,10,0.306,0.526,0.386,0.912,0.579
ÀÌÇØÃ¢,2011,³Ø¼¾,10,0,1,0,0,0,1,0,1,1,0,5,0,0.1,0.1,0.182,0.282,0
ÀÌÇö°ï,2010,KIA,260,27,68,13,1,2,28,0,2,21,1,38,6,0.262,0.342,0.314,0.656,0
ÀÌÇö°ï,2011,KIA,222,24,59,10,1,1,17,1,1,20,2,38,4,0.266,0.333,0.329,0.662,0.5
ÀÌÇö°ï,2012,KIA,5,0,1,0,0,0,0,0,0,1,0,1,1,0.2,0.2,0.333,0.533,NA
ÀÌÇö°ï,2013,NC,139,10,38,7,0,0,9,2,0,16,3,14,4,0.273,0.324,0.361,0.685,1
ÀÌÇö°ï,2014,NC,11,0,1,0,0,0,0,0,0,0,0,3,1,0.091,0.091,0.091,0.182,NA
ÀÌÈ£½Å,2012,KIA,10,3,1,0,1,0,2,1,0,1,0,4,0,0.1,0.3,0.167,0.467,1
ÀÌÈ£ÁØ,2010,SK,194,19,54,9,0,8,46,1,0,20,1,39,6,0.278,0.448,0.342,0.79,1
ÀÌÈ£ÁØ,2011,SK,368,41,93,12,0,14,62,2,2,44,1,78,10,0.253,0.399,0.333,0.732,0.5
ÀÌÈ£ÁØ,2012,SK,426,55,128,26,0,18,78,3,3,72,5,90,10,0.3,0.488,0.407,0.895,0.5
ÀÌÈ£ÁØ,2013,NC,442,46,123,25,1,20,87,2,3,60,1,109,8,0.278,0.475,0.362,0.837,0.4
ÀÌÈ£ÁØ,2014,NC,424,59,115,20,0,23,78,3,5,67,3,104,15,0.271,0.481,0.371,0.852,0.375
ÀÌÈ«±¸,2013,KIA,89,6,14,1,1,2,9,0,0,5,1,44,1,0.157,0.258,0.211,0.469,NA
ÀÌÈï·Ã,2014,»ï¼º,132,21,30,4,1,1,17,1,0,14,5,24,0,0.227,0.295,0.325,0.62,1
ÀÌÈñ±Ù,2010,ÇÑÈ­,136,14,25,1,0,0,12,2,2,10,6,33,6,0.184,0.191,0.268,0.459,0.5
ÀÌÈñ±Ù,2011,ÇÑÈ­,123,17,29,3,1,1,10,1,0,4,3,26,2,0.236,0.301,0.277,0.578,1
ÀÌÈñ±Ù,2014,ÇÑÈ­,13,2,3,0,1,0,2,0,0,0,1,6,0,0.231,0.385,0.286,0.671,NA
ÀÓ°æÈÆ,2013,ÇÑÈ­,3,1,0,0,0,0,0,0,0,3,0,2,0,0,0,0.5,0.5,NA
ÀÓµµÇö,2013,LG,2,0,0,0,0,0,0,0,0,0,0,1,0,0,0,0,0,NA
ÀÓ¼¼¾÷,2013,ÇÑÈ­,7,0,2,0,0,0,1,0,1,0,0,1,0,0.286,0.286,0.286,0.572,0
ÀÓÀÍÁØ,2010,»ï¼º,63,10,11,0,0,0,5,4,3,0,0,16,3,0.175,0.175,0.172,0.347,0.571
ÀÓÀÍÁØ,2012,ÇÑÈ­,5,1,0,0,0,0,0,1,0,0,0,2,0,0,0,0,0,1
ÀÓÀÍÁØ,2013,ÇÑÈ­,63,6,16,1,0,0,1,1,3,4,0,13,3,0.254,0.27,0.299,0.569,0.25
ÀÓÀÍÁØ,2014,ÇÑÈ­,10,2,3,0,0,0,0,0,0,0,0,3,0,0.3,0.3,0.3,0.6,NA
ÀÓÀçÃ¶,2010,µÎ»ê,130,27,38,5,2,3,18,7,3,31,8,28,2,0.292,0.431,0.453,0.884,0.7
ÀÓÀçÃ¶,2011,µÎ»ê,84,20,27,8,0,2,10,0,2,16,1,16,4,0.321,0.488,0.431,0.919,0
ÀÓÀçÃ¶,2012,µÎ»ê,136,16,33,4,2,2,14,4,2,8,0,25,7,0.243,0.346,0.283,0.629,0.667
ÀÓÀçÃ¶,2013,µÎ»ê,112,19,29,5,1,0,10,2,0,27,4,18,4,0.259,0.321,0.42,0.741,1
ÀÓÀçÃ¶,2014,LG,66,13,16,1,0,0,3,0,0,5,1,16,1,0.242,0.258,0.306,0.564,NA
ÀÓÁ¤¿ì,2013,LG,0,1,0,0,0,0,0,0,0,0,0,0,0,NA,NA,NA,NA,NA
ÀÓÁ¾Çõ,2013,·Ôµ¥,6,4,0,0,0,0,0,2,0,1,0,2,0,0,0,0.143,0.143,1
ÀÓÁ¾Çõ,2014,·Ôµ¥,18,3,4,0,0,0,1,2,2,5,1,8,0,0.222,0.222,0.417,0.639,0.5
ÀÓÅÂÁØ,2014,³Ø¼¾,12,1,1,0,0,0,0,0,0,2,0,6,1,0.083,0.083,0.214,0.297,NA
ÀÓÇÑ¿ë,2010,KIA,2,0,0,0,0,0,0,0,0,0,0,0,0,0,0,0,0,NA
ÀÓÇÑ¿ë,2011,KIA,20,3,3,0,0,0,0,1,0,1,0,6,0,0.15,0.15,0.19,0.34,1
ÀÓÈÆ,2010,SK,172,22,40,8,2,1,14,7,5,20,0,32,1,0.233,0.32,0.308,0.628,0.583
ÀÓÈÆ,2011,SK,229,34,61,9,6,0,24,5,5,33,0,33,4,0.266,0.358,0.355,0.713,0.5
ÀÓÈÆ,2012,SK,314,36,84,8,4,0,26,3,5,18,1,56,7,0.268,0.318,0.308,0.626,0.375
ÀÓÈÆ,2013,SK,81,6,18,1,0,0,5,0,0,4,1,14,4,0.222,0.235,0.267,0.502,NA
ÀÓÈÆ,2014,SK,277,47,87,13,1,2,27,9,2,37,8,61,4,0.314,0.39,0.407,0.797,0.818
Àå¹Î¼®,2010,³Ø¼¾,435,60,123,16,10,1,47,41,14,41,1,74,6,0.283,0.372,0.343,0.715,0.745
Àå¹Î¼®,2011,³Ø¼¾,265,35,64,8,1,3,15,11,7,16,2,54,4,0.242,0.313,0.29,0.603,0.611
Àå¹Î¼®,2012,³Ø¼¾,414,64,102,9,5,8,35,32,10,40,3,67,1,0.246,0.35,0.315,0.665,0.762
Àå¹Î¼®,2013,³Ø¼¾,360,54,87,16,2,2,30,20,11,35,0,63,4,0.242,0.314,0.307,0.621,0.645
Àå¹Î¼®,2014,µÎ»ê,70,16,14,4,1,0,8,5,1,3,1,16,0,0.2,0.286,0.243,0.529,0.833
Àå¼º¿ì,2010,·Ôµ¥,100,5,18,4,0,1,7,0,1,6,0,27,0,0.18,0.25,0.226,0.476,0
Àå¼º¿ì,2011,·Ôµ¥,62,6,16,0,0,0,6,0,0,10,0,17,1,0.258,0.258,0.356,0.614,NA
Àå¼º¿ì,2014,·Ôµ¥,84,10,23,4,0,1,9,0,0,12,1,19,1,0.274,0.357,0.364,0.721,NA
Àå¼ºÈ£,2010,ÇÑÈ­,237,34,58,8,0,4,29,0,2,35,2,35,9,0.245,0.329,0.344,0.673,0
Àå¼ºÈ£,2011,ÇÑÈ­,390,53,95,13,0,8,37,0,6,81,4,66,9,0.244,0.338,0.379,0.717,0
Àå¼ºÈ£,2012,ÇÑÈ­,429,57,113,28,0,9,52,2,3,67,2,63,11,0.263,0.392,0.364,0.756,0.4
Àå¼ºÈ£,2013,·Ôµ¥,241,21,64,10,1,4,27,0,1,35,2,36,5,0.266,0.365,0.363,0.728,0
Àå¼ºÈ£,2014,·Ôµ¥,2,0,0,0,0,0,0,0,0,3,0,0,1,0,0,0.6,0.6,NA
Àå¿µ¼®,2010,³Ø¼¾,138,16,32,6,0,5,19,0,0,12,9,45,3,0.232,0.384,0.331,0.715,NA
Àå¿µ¼®,2011,³Ø¼¾,78,7,14,2,1,0,7,0,0,5,4,22,2,0.179,0.231,0.261,0.492,NA
Àå¿µ¼®,2012,³Ø¼¾,12,0,0,0,0,0,0,0,0,1,0,3,1,0,0,0.077,0.077,NA
Àå¿îÈ£,2013,ÇÑÈ­,20,1,6,3,0,0,4,0,1,1,0,6,1,0.3,0.45,0.333,0.783,0
Àå¿îÈ£,2014,ÇÑÈ­,64,7,17,1,0,1,7,1,1,1,1,10,1,0.266,0.328,0.288,0.616,0.5
Àå¿øÁØ,2014,·Ôµ¥,1,0,0,0,0,0,0,0,0,0,0,1,0,0,0,0,0,NA
ÀåÁ¾´ö,2010,³Ø¼¾,3,0,0,0,0,0,0,0,0,0,0,3,0,0,0,0,0,NA
ÀåÅÂ¼º,2010,KIA,1,0,1,0,0,0,1,0,0,0,0,0,0,1,1,1,2,NA
Àü±ÙÇ¥,2010,ÇÑÈ­,88,12,20,3,0,1,7,1,1,12,0,26,2,0.227,0.295,0.32,0.615,0.5
ÀüÁØ¿ì,2010,·Ôµ¥,350,56,101,14,2,19,57,16,7,26,8,89,7,0.289,0.503,0.347,0.85,0.696
ÀüÁØ¿ì,2011,·Ôµ¥,539,97,162,38,5,11,64,23,9,50,7,101,14,0.301,0.451,0.366,0.817,0.719
ÀüÁØ¿ì,2012,·Ôµ¥,459,63,116,22,4,7,38,21,8,45,7,103,16,0.253,0.364,0.327,0.691,0.724
ÀüÁØ¿ì,2013,·Ôµ¥,455,65,125,25,1,7,66,19,8,65,5,77,15,0.275,0.38,0.367,0.747,0.704
ÀüÁØ¿ì,2014,·Ôµ¥,415,69,121,23,2,14,66,7,4,34,9,71,10,0.292,0.458,0.356,0.814,0.636
ÀüÇöÅÂ,2010,ÇÑÈ­,156,34,32,3,0,5,21,25,8,26,0,52,0,0.205,0.321,0.317,0.638,0.758
ÀüÇöÅÂ,2011,ÇÑÈ­,69,26,13,1,0,2,11,7,4,13,2,27,0,0.188,0.29,0.329,0.619,0.636
ÀüÇöÅÂ,2012,ÇÑÈ­,4,1,0,0,0,0,0,1,0,1,0,1,0,0,0,0.2,0.2,1
ÀüÇöÅÂ,2013,ÇÑÈ­,33,4,5,1,1,1,3,0,0,4,2,14,0,0.152,0.333,0.282,0.615,NA
ÀüÇöÅÂ,2014,ÇÑÈ­,10,2,1,0,0,0,0,0,0,0,0,3,0,0.1,0.1,0.1,0.2,NA
Á¤±ÔÃ¢,2013,SK,4,0,0,0,0,0,1,0,0,0,0,1,0,0,0,0,0,NA
Á¤±Ù¿ì,2010,SK,485,75,148,25,2,2,48,33,13,47,8,51,9,0.305,0.377,0.375,0.752,0.717
Á¤±Ù¿ì,2011,SK,326,60,100,19,0,6,40,20,9,38,4,37,10,0.307,0.42,0.384,0.804,0.69
Á¤±Ù¿ì,2012,SK,467,53,124,13,4,8,46,22,12,47,6,33,10,0.266,0.362,0.339,0.701,0.647
Á¤±Ù¿ì,2013,SK,407,64,114,19,3,9,35,28,11,50,7,48,6,0.28,0.408,0.368,0.776,0.718
Á¤±Ù¿ì,2014,ÇÑÈ­,464,91,137,28,5,6,44,32,3,66,9,56,11,0.295,0.416,0.391,0.807,0.914
Á¤¹ü¸ð,2012,ÇÑÈ­,170,17,30,10,0,3,13,7,5,13,1,55,6,0.176,0.288,0.238,0.526,0.583
Á¤¹ü¸ð,2013,ÇÑÈ­,178,14,44,12,0,1,17,2,1,15,2,43,2,0.247,0.331,0.313,0.644,0.667
Á¤¹ü¸ð,2014,ÇÑÈ­,186,18,47,10,0,6,23,1,0,17,1,39,8,0.253,0.403,0.314,0.717,1
Á¤¹ü¼ö,2011,³Ø¼¾,7,0,0,0,0,0,0,0,0,1,0,2,0,0,0,0.125,0.125,NA
Á¤º´°ï,2011,LG,20,1,4,0,1,0,2,0,0,0,0,7,0,0.2,0.3,0.2,0.5,NA
Á¤º´°ï,2013,»ï¼º,61,12,13,1,0,0,5,0,0,3,1,15,2,0.213,0.23,0.258,0.488,NA
Á¤º¸¸í,2010,·Ôµ¥,76,6,22,5,1,0,9,0,1,8,0,15,1,0.289,0.382,0.353,0.735,0
Á¤º¸¸í,2011,·Ôµ¥,16,2,2,2,0,0,3,0,0,1,1,6,0,0.125,0.25,0.222,0.472,NA
Á¤º¸¸í,2012,·Ôµ¥,31,2,5,0,0,0,2,0,0,3,0,9,0,0.161,0.161,0.235,0.396,NA
Á¤º¸¸í,2013,·Ôµ¥,19,1,3,1,0,0,0,0,0,4,0,2,3,0.158,0.211,0.304,0.515,NA
Á¤»ó±³,2011,KIA,4,0,1,0,0,0,0,0,0,0,0,0,0,0.25,0.25,0.25,0.5,NA
Á¤»ó±³,2012,KIA,1,0,0,0,0,0,0,0,0,0,0,0,0,0,0,0,0,NA
Á¤»óÈ£,2010,SK,62,14,20,4,0,6,14,0,0,2,2,19,2,0.323,0.677,0.364,1.041,NA
Á¤»óÈ£,2011,SK,366,40,95,19,0,11,50,0,2,22,8,96,10,0.26,0.402,0.314,0.716,0
Á¤»óÈ£,2012,SK,176,13,38,12,0,4,24,0,2,15,4,61,3,0.216,0.352,0.288,0.64,0
Á¤»óÈ£,2013,SK,201,26,58,11,0,6,26,1,0,20,4,47,7,0.289,0.433,0.36,0.793,1
Á¤»óÈ£,2014,SK,235,36,56,13,1,9,39,0,1,18,5,67,3,0.238,0.417,0.305,0.722,0
Á¤¼ºÈÆ,2010,LG,365,52,96,20,1,4,38,3,1,41,4,58,14,0.263,0.356,0.342,0.698,0.75
Á¤¼ºÈÆ,2011,LG,422,61,123,18,1,10,57,9,2,49,5,69,16,0.291,0.41,0.366,0.776,0.818
Á¤¼ºÈÆ,2012,LG,365,50,113,27,3,12,53,3,3,65,1,62,13,0.31,0.499,0.411,0.91,0.5
Á¤¼ºÈÆ,2013,LG,407,64,127,22,1,9,62,13,6,59,7,58,12,0.312,0.437,0.405,0.842,0.684
Á¤¼ºÈÆ,2014,LG,383,71,126,25,1,13,59,10,2,59,7,56,13,0.329,0.501,0.424,0.925,0.833
Á¤¼öºó,2010,µÎ»ê,143,35,46,8,6,1,19,13,3,10,0,25,2,0.322,0.483,0.361,0.844,0.813
Á¤¼öºó,2011,µÎ»ê,414,66,118,17,8,1,38,31,8,40,11,77,5,0.285,0.372,0.361,0.733,0.795
Á¤¼öºó,2012,µÎ»ê,315,46,74,11,7,0,32,24,6,18,3,46,5,0.235,0.314,0.281,0.595,0.8
Á¤¼öºó,2013,µÎ»ê,228,57,63,2,8,2,29,23,8,16,6,29,1,0.276,0.382,0.337,0.719,0.742
Á¤¼öºó,2014,µÎ»ê,431,79,132,18,7,6,49,32,5,41,11,68,8,0.306,0.422,0.379,0.801,0.865
Á¤¼ö¼º,2010,³Ø¼¾,21,3,5,0,0,0,0,1,0,1,0,8,0,0.238,0.238,0.273,0.511,1
Á¤¼ö¼º,2012,³Ø¼¾,203,37,44,7,3,2,9,19,9,29,5,42,1,0.217,0.31,0.328,0.638,0.679
Á¤¼ö¼º,2013,³Ø¼¾,18,8,2,1,0,0,0,3,2,1,0,7,0,0.111,0.167,0.158,0.325,0.6
Á¤¿ì¶÷,2012,SK,1,0,0,0,0,0,0,0,0,0,0,0,1,0,0,0,0,NA
Á¤¿ø¼®,2010,ÇÑÈ­,353,39,106,20,3,7,42,14,9,40,16,73,12,0.3,0.433,0.388,0.821,0.609
Á¤¿ø¼®,2011,ÇÑÈ­,248,23,62,11,0,4,26,3,3,32,6,58,7,0.25,0.343,0.35,0.693,0.5
Á¤¿ø¼®,2012,ÇÑÈ­,2,1,0,0,0,0,0,0,0,3,0,2,0,0,0,0.6,0.6,NA
Á¤ÀÇÀ±,2011,LG,242,13,62,9,0,0,23,3,2,17,4,32,7,0.256,0.293,0.312,0.605,0.6
Á¤ÀÇÀ±,2012,LG,233,19,66,18,1,2,27,2,2,13,3,34,4,0.283,0.395,0.324,0.719,0.5
Á¤ÀÇÀ±,2013,LG,367,42,100,15,5,5,47,5,4,26,8,45,10,0.272,0.381,0.332,0.713,0.556
Á¤ÀÇÀ±,2014,LG,261,29,69,14,0,7,38,5,4,21,5,40,9,0.264,0.398,0.328,0.726,0.556
Á¤ÁÖÇö,2010,LG,9,0,2,0,0,0,2,1,1,1,0,4,0,0.222,0.222,0.273,0.495,0.5
Á¤ÁÖÇö,2011,LG,18,6,3,0,0,0,2,2,0,3,0,4,1,0.167,0.167,0.286,0.453,1
Á¤ÁÖÇö,2012,LG,23,5,4,0,0,0,1,4,1,2,0,9,0,0.174,0.174,0.24,0.414,0.8
Á¤ÁÖÇö,2013,LG,83,21,18,4,2,0,15,10,4,16,0,19,1,0.217,0.313,0.34,0.653,0.714
Á¤Áø±â,2011,SK,1,0,0,0,0,0,0,0,0,1,1,1,0,0,0,0.667,0.667,NA
Á¤Áø±â,2012,SK,8,1,1,0,0,0,0,0,0,2,0,3,0,0.125,0.125,0.3,0.425,NA
Á¤Áø±â,2013,SK,8,2,1,0,0,0,0,0,0,0,0,2,0,0.125,0.125,0.125,0.25,NA
Á¤ÁøÈ£,2011,µÎ»ê,35,7,4,1,0,0,3,4,0,2,0,6,1,0.114,0.143,0.162,0.305,1
Á¤ÁøÈ£,2012,µÎ»ê,75,14,17,2,0,0,5,8,3,6,1,13,1,0.227,0.253,0.289,0.542,0.727
Á¤Çö,2013,»ï¼º,21,3,4,1,0,1,2,0,0,0,0,5,1,0.19,0.381,0.19,0.571,NA
Á¤Çö,2014,»ï¼º,3,0,0,0,0,0,0,0,0,0,0,2,0,0,0,0,0,NA
Á¤Çö¼®,2010,ÇÑÈ­,202,20,53,10,0,4,24,3,3,15,3,28,4,0.262,0.371,0.321,0.692,0.5
Á¤Çö¼®,2013,ÇÑÈ­,356,47,102,15,1,4,27,4,5,37,7,64,14,0.287,0.368,0.365,0.733,0.444
Á¤Çö¼®,2014,ÇÑÈ­,102,15,23,3,0,3,6,0,2,11,3,21,6,0.225,0.343,0.319,0.662,0
Á¤Çü½Ä,2010,»ï¼º,2,3,0,0,0,0,0,0,1,1,0,2,0,0,0,0.333,0.333,0
Á¤Çü½Ä,2011,»ï¼º,74,9,17,3,0,1,5,4,3,12,0,15,0,0.23,0.311,0.337,0.648,0.571
Á¤Çü½Ä,2012,»ï¼º,274,44,65,11,3,4,19,22,4,30,6,48,5,0.237,0.343,0.323,0.666,0.846
Á¤Çü½Ä,2013,»ï¼º,278,49,76,20,5,3,43,7,9,31,12,58,4,0.273,0.414,0.37,0.784,0.438
Á¤Çü½Ä,2014,»ï¼º,106,9,18,2,0,1,6,4,2,12,1,24,2,0.17,0.217,0.258,0.475,0.667
Á¤ÈÆ,2010,·Ôµ¥,45,6,7,1,0,1,2,0,0,1,2,18,0,0.156,0.244,0.208,0.452,NA
Á¤ÈÆ,2011,·Ôµ¥,33,6,10,0,0,3,8,0,1,3,2,9,1,0.303,0.576,0.385,0.961,0
Á¤ÈÆ,2012,·Ôµ¥,125,12,25,4,1,2,12,1,0,3,0,42,2,0.2,0.296,0.217,0.513,1
Á¤ÈÆ,2013,·Ôµ¥,341,50,88,15,3,5,37,7,3,30,8,54,8,0.258,0.364,0.328,0.692,0.7
Á¤ÈÆ,2014,·Ôµ¥,477,89,140,27,7,3,58,8,4,62,11,105,10,0.294,0.398,0.386,0.784,0.667
Á¤Èñ»ó,2010,ÇÑÈ­,64,7,17,2,1,0,6,3,0,9,0,22,0,0.266,0.328,0.356,0.684,1
Á¶µ¿Âù,2010,»ï¼º,332,61,97,20,2,9,51,33,5,28,7,75,3,0.292,0.446,0.359,0.805,0.868
Á¶µ¿Âù,2011,»ï¼º,208,27,45,7,0,4,25,18,1,19,2,47,4,0.216,0.308,0.284,0.592,0.947
Á¶µ¿Âù,2012,»ï¼º,270,40,77,15,2,6,39,12,3,28,6,68,3,0.285,0.422,0.363,0.785,0.8
Á¶µ¿Âù,2013,»ï¼º,221,36,53,15,0,7,25,7,2,25,4,54,4,0.24,0.403,0.327,0.73,0.778
Á¶µ¿Âù,2014,»ï¼º,74,8,20,4,0,1,6,5,2,10,1,21,5,0.27,0.365,0.36,0.725,0.714
Á¶µ¿È­,2010,SK,250,38,61,7,1,3,27,15,2,27,7,56,1,0.244,0.316,0.332,0.648,0.882
Á¶µ¿È­,2011,SK,296,42,70,9,2,0,16,10,6,27,1,51,1,0.236,0.28,0.302,0.582,0.625
Á¶µ¿È­,2012,SK,62,6,15,2,0,0,3,3,3,7,0,16,0,0.242,0.274,0.314,0.588,0.5
Á¶µ¿È­,2013,SK,332,52,85,11,3,0,19,24,9,46,8,76,3,0.256,0.307,0.357,0.664,0.727
Á¶µ¿È­,2014,SK,443,74,116,12,5,2,52,37,7,43,4,72,8,0.262,0.325,0.33,0.655,0.841
Á¶¼º¿ì,2013,SK,98,17,20,0,0,4,11,6,1,10,0,23,0,0.204,0.327,0.275,0.602,0.857
Á¶¼º¿ì,2014,SK,2,1,0,0,0,0,0,0,0,0,0,0,0,0,0,0,0,NA
Á¶¼ºÈ¯,2010,·Ôµ¥,414,83,139,31,0,8,52,8,2,35,4,58,8,0.336,0.469,0.39,0.859,0.8
Á¶¼ºÈ¯,2011,·Ôµ¥,407,45,99,19,0,6,36,9,6,37,3,87,11,0.243,0.334,0.31,0.644,0.6
Á¶¼ºÈ¯,2012,·Ôµ¥,345,40,96,14,0,3,33,5,2,28,1,58,7,0.278,0.345,0.332,0.677,0.714
Á¶¼ºÈ¯,2013,·Ôµ¥,167,15,40,6,0,1,12,3,1,17,2,23,0,0.24,0.293,0.312,0.605,0.75
Á¶¼ºÈ¯,2014,·Ôµ¥,7,1,0,0,0,0,0,0,0,1,0,2,1,0,0,0.125,0.125,NA
Á¶½¬º§,2014,LG,240,33,64,8,1,10,39,3,0,30,1,56,10,0.267,0.433,0.345,0.778,1
Á¶¿µÈÆ,2010,»ï¼º,138,22,38,6,1,6,17,6,2,15,1,36,1,0.275,0.464,0.346,0.81,0.75
Á¶¿µÈÆ,2011,»ï¼º,245,33,60,11,0,6,34,7,2,27,5,76,1,0.245,0.363,0.329,0.692,0.778
Á¶¿µÈÆ,2012,KIA,230,30,46,7,1,6,36,1,2,23,1,64,1,0.2,0.317,0.272,0.589,0.333
Á¶¿µÈÆ,2013,NC,380,38,107,26,3,6,39,4,5,39,2,56,6,0.282,0.413,0.35,0.763,0.444
Á¶¿µÈÆ,2014,NC,111,15,29,4,0,6,22,1,1,10,1,26,1,0.261,0.459,0.325,0.784,0.5
Á¶À±ÁØ,2012,LG,46,2,9,1,0,0,4,0,0,0,0,12,1,0.196,0.217,0.196,0.413,NA
Á¶À±ÁØ,2013,LG,30,3,6,0,1,0,5,0,0,0,1,9,1,0.2,0.267,0.226,0.493,NA
Á¶À±ÁØ,2014,LG,7,1,1,0,0,0,0,0,0,1,0,1,0,0.143,0.143,0.25,0.393,NA
Á¶ÀÎ¼º,2010,LG,457,69,145,24,1,28,107,2,0,41,3,83,19,0.317,0.558,0.374,0.932,1
Á¶ÀÎ¼º,2011,LG,390,46,104,14,2,15,59,2,1,44,3,70,10,0.267,0.428,0.345,0.773,0.667
Á¶ÀÎ¼º,2012,SK,284,32,77,13,0,9,40,0,1,16,2,60,5,0.271,0.412,0.313,0.725,0
Á¶ÀÎ¼º,2013,SK,207,16,44,10,0,7,29,0,1,7,2,65,4,0.213,0.362,0.244,0.606,0
Á¶ÀÎ¼º,2014,ÇÑÈ­,164,16,37,7,0,7,34,0,0,14,2,40,5,0.226,0.396,0.29,0.686,NA
Á¶ÀçÈ£,2010,³Ø¼¾,33,6,4,0,0,0,4,0,0,2,1,9,0,0.121,0.121,0.194,0.315,NA
Á¶ÀçÈ£,2011,SK,4,1,3,0,0,0,0,0,2,1,0,1,0,0.75,0.75,0.8,1.55,0
Á¶ÀçÈ£,2012,SK,3,2,1,1,0,0,2,0,0,0,0,1,0,0.333,0.667,0.333,1,NA
Á¶Á¤¿ø,2013,ÇÑÈ­,47,5,9,0,0,0,2,4,1,8,0,14,1,0.191,0.191,0.309,0.5,0.8
Á¶Á¤¿ø,2014,ÇÑÈ­,56,2,7,1,1,0,6,0,0,0,0,10,2,0.125,0.179,0.123,0.302,NA
Á¶Áß±Ù,2010,³Ø¼¾,29,2,6,0,0,0,3,0,0,2,0,6,1,0.207,0.207,0.258,0.465,NA
Á¶Áß±Ù,2011,³Ø¼¾,98,14,32,5,2,3,16,2,1,12,1,22,2,0.327,0.51,0.405,0.915,0.667
Á¶Áß±Ù,2012,³Ø¼¾,95,3,13,0,0,1,5,1,2,10,1,31,2,0.137,0.168,0.222,0.39,0.333
Á¶Áß±Ù,2013,³Ø¼¾,10,0,3,0,0,0,2,0,0,0,0,0,1,0.3,0.3,0.3,0.6,NA
Á¶ÆòÈ£,2011,³Ø¼¾,5,0,0,0,0,0,0,0,0,0,0,3,0,0,0,0,0,NA
Á¶ÆòÈ£,2013,NC,79,12,21,6,0,2,7,1,0,6,0,24,1,0.266,0.418,0.318,0.736,1
Á¶ÆòÈ£,2014,NC,2,0,0,0,0,0,0,0,0,0,0,0,0,0,0,0,0,NA
Á¶È«¼®,2013,·Ôµ¥,64,5,16,6,1,0,4,2,3,8,4,24,0,0.25,0.375,0.368,0.743,0.4
Á¶È«¼®,2014,·Ôµ¥,4,0,0,0,0,0,0,0,0,0,0,2,0,0,0,0,0,NA
Áö¼®ÈÆ,2011,³Ø¼¾,109,9,24,6,1,2,8,1,3,12,1,29,5,0.22,0.349,0.301,0.65,0.25
Áö¼®ÈÆ,2012,³Ø¼¾,104,11,18,4,1,1,11,1,1,10,4,24,3,0.173,0.26,0.271,0.531,0.5
Áö¼®ÈÆ,2013,NC,309,25,68,21,2,3,35,2,1,31,7,82,7,0.22,0.33,0.302,0.632,0.667
Áö¼®ÈÆ,2014,NC,212,26,58,14,4,6,34,1,1,16,6,46,8,0.274,0.462,0.34,0.802,0.5
ÁöÀç¿Á,2012,³Ø¼¾,50,3,6,1,0,1,3,1,0,10,2,10,2,0.12,0.2,0.29,0.49,1
ÁöÀç¿Á,2013,³Ø¼¾,10,1,0,0,0,0,0,0,0,2,0,5,0,0,0,0.167,0.167,NA
Áø°©¿ë,2010,»ï¼º,259,36,68,8,0,10,28,0,0,45,2,57,7,0.263,0.409,0.375,0.784,NA
Áø°©¿ë,2011,»ï¼º,286,26,78,7,0,10,42,1,0,35,3,53,10,0.273,0.402,0.357,0.759,1
Áø°©¿ë,2012,»ï¼º,313,27,96,15,1,6,57,0,0,17,7,46,6,0.307,0.419,0.354,0.773,NA
Áø°©¿ë,2013,»ï¼º,181,22,49,9,0,6,36,0,0,12,5,28,5,0.271,0.42,0.33,0.75,NA
Áø°©¿ë,2014,»ï¼º,17,2,7,0,0,0,4,0,0,0,0,1,0,0.412,0.412,0.412,0.824,NA
Â÷ÀÏ¸ñ,2010,KIA,198,30,51,11,0,7,35,1,1,39,6,53,8,0.258,0.419,0.39,0.809,0.5
Â÷ÀÏ¸ñ,2011,KIA,304,31,73,8,0,7,37,3,3,49,5,52,12,0.24,0.336,0.353,0.689,0.5
Â÷ÀÏ¸ñ,2012,KIA,207,25,53,5,0,0,15,2,2,29,3,34,12,0.256,0.28,0.353,0.633,0.5
Â÷ÀÏ¸ñ,2013,KIA,215,23,55,9,1,0,25,0,2,33,3,37,5,0.256,0.307,0.357,0.664,0
Â÷ÀÏ¸ñ,2014,KIA,185,17,35,6,0,2,18,0,2,24,2,28,7,0.189,0.254,0.286,0.54,0
Â÷È­ÁØ,2012,³Ø¼¾,4,1,1,0,0,0,0,0,0,0,0,1,0,0.25,0.25,0.25,0.5,NA
Â÷È­ÁØ,2013,NC,106,18,24,6,0,1,7,4,2,12,1,29,2,0.226,0.311,0.306,0.617,0.667
Ã¤»óº´,2010,»ï¼º,31,5,11,2,0,1,5,0,0,1,1,6,0,0.355,0.516,0.382,0.898,NA
Ã¤»óº´,2011,»ï¼º,109,11,21,1,1,3,9,1,1,7,1,20,4,0.193,0.303,0.244,0.547,0.5
Ã¤»óº´,2012,»ï¼º,7,0,0,0,0,0,0,0,0,0,0,1,1,0,0,0,0,NA
Ã¤Àº¼º,2014,LG,159,18,44,11,1,1,15,5,3,21,10,36,3,0.277,0.377,0.385,0.762,0.625
Ã¤Á¾¹ü,2010,KIA,77,6,18,3,0,3,13,0,1,6,1,15,1,0.234,0.39,0.294,0.684,0
Ã¤ÅÂÀÎ,2010,»ï¼º,356,48,104,13,0,14,54,0,3,33,2,94,6,0.292,0.447,0.353,0.8,0
Ã¤ÅÂÀÎ,2011,»ï¼º,182,25,40,7,1,5,28,1,0,33,1,59,1,0.22,0.352,0.339,0.691,1
Ã¤ÅÂÀÎ,2012,»ï¼º,135,15,28,7,0,1,9,1,1,21,2,35,2,0.207,0.281,0.321,0.602,0.5
Ã¤ÅÂÀÎ,2013,»ï¼º,299,52,114,15,0,11,53,4,0,38,5,70,9,0.381,0.542,0.459,1.001,1
Ã¤ÅÂÀÎ,2014,»ï¼º,492,69,156,38,1,14,99,1,0,41,2,91,8,0.317,0.484,0.368,0.852,1
ÃÖ°æÃ¶,2010,SK,2,0,0,0,0,0,0,0,0,0,0,2,0,0,0,0,0,NA
ÃÖ°æÃ¶,2011,SK,28,2,4,3,0,0,4,0,0,3,0,8,0,0.143,0.25,0.219,0.469,NA
ÃÖ°æÃ¶,2012,³Ø¼¾,130,9,29,3,1,0,7,1,1,6,1,32,0,0.223,0.262,0.263,0.525,0.5
ÃÖ°æÃ¶,2013,LG,53,6,13,2,1,0,5,0,1,4,2,17,0,0.245,0.321,0.317,0.638,0
ÃÖ°æÃ¶,2014,LG,290,36,62,11,0,4,39,4,2,22,5,67,7,0.214,0.293,0.28,0.573,0.667
ÃÖµ¿¼ö,2010,SK,108,13,22,2,0,3,13,0,1,8,2,14,4,0.204,0.306,0.264,0.57,0
ÃÖµ¿¼ö,2011,SK,181,16,55,8,0,2,30,0,1,11,2,21,6,0.304,0.381,0.345,0.726,0
ÃÖµ¿¼ö,2012,LG,252,20,70,8,0,1,37,0,1,26,3,29,6,0.278,0.321,0.346,0.667,0
ÃÖµ¿¼ö,2013,LG,2,0,0,0,0,0,0,0,0,0,0,1,0,0,0,0,0,NA
ÃÖ½ÂÁØ,2014,LG,38,4,10,3,0,2,11,0,0,2,0,11,1,0.263,0.5,0.3,0.8,NA
ÃÖ½ÂÈ¯,2010,µÎ»ê,44,5,11,2,0,0,5,0,0,3,0,8,1,0.25,0.295,0.292,0.587,NA
ÃÖ½ÂÈ¯,2011,µÎ»ê,33,1,4,0,0,1,5,0,0,2,1,6,2,0.121,0.212,0.194,0.406,NA
ÃÖ½ÂÈ¯,2012,ÇÑÈ­,46,3,13,1,0,1,6,0,0,5,2,11,2,0.283,0.37,0.377,0.747,NA
ÃÖ½ÂÈ¯,2013,ÇÑÈ­,14,0,1,0,0,0,0,0,0,2,0,4,2,0.071,0.071,0.188,0.259,NA
ÃÖ¿µÁø,2012,LG,79,9,19,4,0,0,7,0,0,3,2,11,1,0.241,0.291,0.282,0.573,NA
ÃÖ¿µÁø,2013,LG,8,0,1,0,0,0,0,0,0,0,0,5,1,0.125,0.125,0.125,0.25,NA
ÃÖ¿µÁø,2014,µÎ»ê,7,1,1,0,0,0,1,0,0,0,0,1,0,0.143,0.143,0.143,0.286,NA
ÃÖ¿ë±Ô,2010,KIA,25,4,4,1,0,0,1,0,0,1,1,8,1,0.16,0.2,0.214,0.414,NA
ÃÖ¿ì¼®,2012,ÇÑÈ­,1,0,0,0,0,0,0,0,0,0,0,0,0,0,0,0,0,NA
ÃÖÀ±¼®,2010,SK,76,13,7,2,0,0,2,7,1,8,1,19,1,0.092,0.118,0.186,0.304,0.875
ÃÖÀ±¼®,2011,SK,156,21,38,4,1,1,9,4,4,32,7,38,2,0.244,0.301,0.395,0.696,0.5
ÃÖÀ±¼®,2012,SK,170,17,39,1,0,1,15,6,5,33,2,36,4,0.229,0.253,0.359,0.612,0.545
ÃÖÀ±¼®,2013,SK,67,10,13,4,0,0,4,0,2,13,2,22,3,0.194,0.254,0.341,0.595,0
ÃÖÀç¿ø,2013,NC,45,4,6,2,0,0,3,2,1,10,0,18,1,0.133,0.178,0.291,0.469,0.667
ÃÖÀç¿ø,2014,NC,1,1,0,0,0,0,0,0,0,1,0,1,0,0,0,0.5,0.5,NA
ÃÖÀçÈÆ,2012,µÎ»ê,91,9,19,4,0,1,8,0,0,4,4,17,1,0.209,0.286,0.27,0.556,NA
ÃÖÀçÈÆ,2013,µÎ»ê,89,12,24,5,0,2,8,0,0,6,8,19,3,0.27,0.393,0.365,0.758,NA
ÃÖÀçÈÆ,2014,µÎ»ê,112,9,27,3,1,1,10,0,2,5,3,22,3,0.241,0.313,0.287,0.6,0
ÃÖÁ¤,2010,SK,400,84,120,31,1,20,80,12,4,49,20,72,7,0.3,0.533,0.396,0.929,0.75
ÃÖÁ¤,2011,SK,403,64,125,25,1,20,75,15,5,46,20,72,8,0.31,0.526,0.402,0.928,0.75
ÃÖÁ¤,2012,SK,474,85,142,33,1,26,84,20,8,49,21,98,8,0.3,0.538,0.385,0.923,0.714
ÃÖÁ¤,2013,SK,434,75,137,18,0,28,83,24,8,64,24,109,10,0.316,0.551,0.429,0.98,0.75
ÃÖÁ¤,2014,SK,308,65,94,20,0,14,76,7,2,37,12,69,9,0.305,0.506,0.397,0.903,0.778
ÃÖÁ¤¹Î,2012,SK,1,2,0,0,0,0,0,0,0,0,0,0,0,0,0,0,0,NA
ÃÖÁÖÈ¯,2012,µÎ»ê,210,29,57,11,2,2,22,4,3,18,3,23,2,0.271,0.371,0.336,0.707,0.571
ÃÖÁÖÈ¯,2013,µÎ»ê,91,12,27,5,1,2,10,1,0,8,0,9,3,0.297,0.44,0.35,0.79,1
ÃÖÁÖÈ¯,2014,µÎ»ê,189,38,53,14,0,4,31,1,1,14,2,25,1,0.28,0.418,0.333,0.751,0.5
ÃÖÁØ¼®,2010,µÎ»ê,424,63,136,26,1,22,82,0,5,50,5,83,17,0.321,0.542,0.397,0.939,0
ÃÖÁØ¼®,2011,µÎ»ê,421,49,114,26,0,15,75,0,1,56,1,104,11,0.271,0.439,0.354,0.793,0
ÃÖÁØ¼®,2012,µÎ»ê,248,15,62,3,1,6,30,1,0,25,2,47,9,0.25,0.343,0.322,0.665,1
ÃÖÁØ¼®,2013,µÎ»ê,222,22,60,8,0,7,36,0,0,39,0,47,7,0.27,0.401,0.376,0.777,NA
ÃÖÁØ¼®,2014,·Ôµ¥,371,54,106,13,0,23,90,1,0,81,2,88,14,0.286,0.507,0.411,0.918,1
ÃÖÁøÇà,2010,ÇÑÈ­,464,66,121,22,0,32,92,5,4,47,9,131,15,0.261,0.515,0.339,0.854,0.556
ÃÖÁøÇà,2011,ÇÑÈ­,434,63,120,11,1,19,85,3,5,61,13,107,9,0.276,0.438,0.38,0.818,0.375
ÃÖÁøÇà,2012,ÇÑÈ­,395,59,98,26,0,17,55,6,3,66,6,109,11,0.248,0.443,0.361,0.804,0.667
ÃÖÁøÇà,2013,ÇÑÈ­,367,39,110,27,0,8,53,0,0,50,3,86,18,0.3,0.439,0.387,0.826,NA
ÃÖÁøÇà,2014,ÇÑÈ­,299,32,78,16,0,12,45,1,2,23,3,79,8,0.261,0.435,0.317,0.752,0.333
ÃÖÇü¿ì,2010,»ï¼º,420,71,117,29,1,24,97,4,0,71,8,91,13,0.279,0.524,0.389,0.913,1
ÃÖÇü¿ì,2011,»ï¼º,480,80,163,37,3,30,118,4,3,76,5,88,8,0.34,0.617,0.427,1.044,0.571
ÃÖÇü¿ì,2012,»ï¼º,461,51,125,27,1,14,77,2,1,55,5,76,20,0.271,0.425,0.348,0.773,0.667
ÃÖÇü¿ì,2013,»ï¼º,511,80,156,28,0,29,98,2,1,47,7,91,5,0.305,0.53,0.366,0.896,0.667
ÃÖÇü¿ì,2014,»ï¼º,430,92,153,33,0,31,100,4,2,50,7,62,11,0.356,0.649,0.426,1.075,0.667
ÃÖÈÆ¶ô,2010,KIA,40,4,11,0,0,2,6,2,3,2,3,15,0,0.275,0.425,0.348,0.773,0.4
ÃÖÈÆ¶ô,2011,KIA,49,9,11,4,0,0,2,0,0,3,2,12,3,0.224,0.306,0.296,0.602,NA
ÃÖÈÆ¶ô,2012,KIA,28,5,7,1,0,0,1,0,0,0,6,11,0,0.25,0.286,0.371,0.657,NA
ÃÖÈÆ¶ô,2013,KIA,18,1,2,0,0,0,1,1,0,0,1,5,1,0.111,0.111,0.158,0.269,1
ÃÖÈñ¼·,2010,KIA,444,78,127,22,1,21,84,4,3,81,4,109,17,0.286,0.482,0.398,0.88,0.571
ÃÖÈñ¼·,2011,KIA,242,36,68,14,1,9,37,1,1,39,0,61,7,0.281,0.459,0.379,0.838,0.5
ÃÖÈñ¼·,2012,KIA,246,31,62,17,0,7,42,1,1,50,2,53,9,0.252,0.407,0.379,0.786,0.5
ÃÖÈñ¼·,2013,KIA,252,29,65,17,1,11,42,1,1,44,7,72,5,0.258,0.464,0.38,0.844,0.5
Ãß½Â¿ì,2010,ÇÑÈ­,260,39,61,8,4,2,23,10,6,29,6,62,3,0.235,0.319,0.322,0.641,0.625
Ãß½Â¿ì,2011,ÇÑÈ­,44,5,9,0,0,0,1,0,0,2,1,12,0,0.205,0.205,0.255,0.46,NA
Ãß½Â¿ì,2012,ÇÑÈ­,52,4,9,5,1,0,8,3,0,6,1,11,1,0.173,0.308,0.271,0.579,1
Ãß½Â¿ì,2013,ÇÑÈ­,158,19,48,7,0,1,17,12,2,17,4,21,2,0.304,0.367,0.383,0.75,0.857
Ãß½Â¿ì,2014,ÇÑÈ­,6,3,1,0,0,0,0,0,0,4,0,2,0,0.167,0.167,0.5,0.667,NA
Ä­Åõ,2014,µÎ»ê,376,56,116,25,1,18,72,1,0,34,7,85,11,0.309,0.524,0.375,0.899,1
Å¬¶ô,2010,³Ø¼¾,347,58,92,16,2,12,50,12,7,43,1,72,9,0.265,0.427,0.343,0.77,0.632
Å×ÀÓÁî,2014,NC,443,95,152,30,6,37,121,11,2,58,7,99,6,0.343,0.688,0.422,1.11,0.846
ÇÇ¿¡,2014,ÇÑÈ­,445,61,145,33,2,17,92,9,11,41,0,60,11,0.326,0.524,0.373,0.897,0.45
ÇÊ,2014,KIA,362,64,112,27,0,19,66,10,1,22,3,65,10,0.309,0.541,0.352,0.893,0.909
ÇÏÁÖ¼®,2012,ÇÑÈ­,127,10,22,1,0,1,4,7,2,9,0,50,2,0.173,0.205,0.228,0.433,0.778
ÇÏÁÖ¼®,2013,ÇÑÈ­,11,0,1,0,0,0,0,0,1,0,0,4,1,0.091,0.091,0.091,0.182,0
ÇÏÁØÈ£,2014,·Ôµ¥,73,18,17,5,0,1,11,1,1,8,6,29,0,0.233,0.342,0.356,0.698,0.5
ÇÏÁöÈ£,2010,SK,7,0,0,0,0,0,0,0,0,0,0,2,0,0,0,0,0,NA
ÇÑµ¿¹Î,2012,SK,7,1,2,0,0,0,0,0,0,0,0,2,0,0.286,0.286,0.286,0.572,NA
ÇÑµ¿¹Î,2013,SK,285,36,75,15,2,14,52,2,3,20,16,82,6,0.263,0.477,0.343,0.82,0.4
ÇÑµ¿¹Î,2014,SK,143,17,36,10,3,3,24,0,0,11,5,53,1,0.252,0.427,0.323,0.75,NA
ÇÑ»óÈÆ,2011,ÇÑÈ­,398,49,107,12,3,3,39,16,10,46,6,66,6,0.269,0.337,0.352,0.689,0.615
ÇÑ»óÈÆ,2012,ÇÑÈ­,272,41,61,11,1,3,29,7,8,49,5,58,8,0.224,0.305,0.352,0.657,0.467
ÇÑ»óÈÆ,2013,ÇÑÈ­,260,45,68,13,4,0,25,5,4,47,6,40,7,0.262,0.342,0.383,0.725,0.556
ÇÑ»óÈÆ,2014,ÇÑÈ­,175,23,50,8,1,1,21,3,1,24,0,40,4,0.286,0.36,0.372,0.732,0.75
ÇÑ¼º±¸,2012,KIA,30,1,11,4,0,0,4,0,0,2,0,7,0,0.367,0.5,0.406,0.906,NA
ÇÑ½ÂÅÃ,2013,ÇÑÈ­,33,2,1,0,0,0,2,0,0,3,1,12,0,0.03,0.03,0.135,0.165,NA
ÇÑÀ±¼·,2010,ÇÑÈ­,24,3,4,1,1,0,2,2,0,3,0,4,1,0.167,0.292,0.259,0.551,1
ÇÑÀ±¼·,2012,ÇÑÈ­,17,7,2,0,0,0,1,2,0,0,2,2,1,0.118,0.118,0.2,0.318,1
Çã°æ¹Î,2012,µÎ»ê,154,28,41,8,0,0,14,9,8,7,5,17,7,0.266,0.318,0.317,0.635,0.529
Çã°æ¹Î,2013,µÎ»ê,228,35,68,9,1,1,25,14,4,27,9,14,7,0.298,0.36,0.387,0.747,0.778
Çã°æ¹Î,2014,µÎ»ê,198,33,49,8,1,0,10,6,4,21,6,21,7,0.247,0.298,0.335,0.633,0.6
ÇãµµÈ¯,2011,³Ø¼¾,166,13,37,6,1,0,15,2,2,11,2,43,6,0.223,0.271,0.275,0.546,0.5
ÇãµµÈ¯,2012,³Ø¼¾,210,11,41,11,0,1,14,0,0,15,7,62,5,0.195,0.262,0.272,0.534,NA
ÇãµµÈ¯,2013,³Ø¼¾,260,29,56,12,1,1,19,0,2,29,14,86,7,0.215,0.281,0.327,0.608,0
ÇãµµÈ¯,2014,³Ø¼¾,182,18,40,8,0,2,12,0,0,20,8,52,6,0.22,0.297,0.322,0.619,NA
Çã½Â¹Î,2010,»ï¼º,3,1,0,0,0,0,0,2,0,0,0,1,0,0,0,0,0,1
Çã¿õ,2011,SK,50,4,11,2,0,0,3,1,0,2,0,10,0,0.22,0.26,0.25,0.51,1
Çã¿õ,2014,SK,6,1,2,0,0,0,1,0,0,0,0,3,0,0.333,0.333,0.286,0.619,NA
ÇãÀÏ,2011,·Ôµ¥,4,0,0,0,0,0,0,0,0,0,0,3,0,0,0,0,0,NA
ÇãÁØ,2010,³Ø¼¾,49,5,8,1,0,0,1,0,1,4,1,15,2,0.163,0.184,0.241,0.425,0
ÇãÁØ,2011,³Ø¼¾,89,5,17,2,0,1,11,0,1,7,2,25,2,0.191,0.247,0.265,0.512,0
ÇãÁØ,2013,NC,16,1,2,0,0,1,4,0,0,0,0,5,1,0.125,0.313,0.118,0.431,NA
ÇãÁØ,2014,NC,29,2,5,3,0,0,1,0,0,5,0,10,0,0.172,0.276,0.294,0.57,NA
ÇöÀçÀ±,2010,»ï¼º,78,4,15,1,0,1,7,1,1,10,1,14,2,0.192,0.244,0.292,0.536,0.5
ÇöÀçÀ±,2011,»ï¼º,61,7,13,1,0,0,5,0,0,3,2,7,0,0.213,0.23,0.273,0.503,NA
ÇöÀçÀ±,2013,LG,100,10,26,5,0,1,8,1,2,10,3,14,3,0.26,0.34,0.345,0.685,0.333
ÇöÀçÀ±,2014,LG,15,3,8,2,0,0,2,0,0,1,0,3,0,0.533,0.667,0.563,1.23,NA
È«¸íÂù,2011,SK,11,2,2,1,0,0,0,0,0,2,0,4,2,0.182,0.273,0.308,0.581,NA
È«¸íÂù,2012,SK,5,0,2,0,0,0,1,0,0,0,0,1,0,0.4,0.4,0.4,0.8,NA
È«¸íÂù,2013,SK,7,1,2,0,0,0,0,0,0,0,0,2,0,0.286,0.286,0.286,0.572,NA
È«¸íÂù,2014,SK,16,0,1,0,0,0,1,0,0,0,0,3,0,0.063,0.063,0.063,0.126,NA
È«¼º°©,2014,³Ø¼¾,2,0,1,0,0,0,1,0,0,0,0,1,0,0.5,0.5,0.5,1,NA
È«¼ºÈç,2010,·Ôµ¥,431,88,151,28,1,26,116,2,2,54,7,49,18,0.35,0.601,0.427,1.028,0.5
È«¼ºÈç,2011,·Ôµ¥,474,70,145,24,2,6,67,2,5,53,3,80,22,0.306,0.403,0.376,0.779,0.286
È«¼ºÈç,2012,·Ôµ¥,390,48,114,20,0,15,74,4,5,47,2,83,10,0.292,0.459,0.369,0.828,0.444
È«¼ºÈç,2013,µÎ»ê,469,61,140,21,0,15,72,5,3,57,6,93,15,0.299,0.439,0.379,0.818,0.625
È«¼ºÈç,2014,µÎ»ê,447,63,141,19,1,20,82,5,3,64,4,79,13,0.315,0.497,0.405,0.902,0.625
È«¼¼¿Ï,2010,KIA,25,0,5,1,0,0,1,0,0,2,0,6,2,0.2,0.24,0.259,0.499,NA
È«ÀçÈ£,2011,KIA,47,6,10,1,0,1,3,1,0,4,1,13,0,0.213,0.298,0.288,0.586,1
È«ÀçÈ£,2012,KIA,92,13,17,3,0,1,6,1,0,11,0,22,1,0.185,0.25,0.272,0.522,1
È«ÀçÈ£,2013,KIA,124,15,24,2,0,2,12,1,2,13,1,17,6,0.194,0.258,0.275,0.533,0.333
È²µ¿Ã¤,2010,·Ôµ¥,31,6,3,1,0,0,0,3,0,1,1,11,1,0.097,0.129,0.152,0.281,1
È²µ¿Ã¤,2011,·Ôµ¥,62,16,14,3,1,0,5,3,1,10,1,12,3,0.226,0.306,0.342,0.648,0.75
È²µ¿Ã¤,2012,·Ôµ¥,58,11,10,0,0,0,6,1,0,5,1,17,2,0.172,0.172,0.25,0.422,1
È²µ¿Ã¤,2013,·Ôµ¥,43,8,10,0,0,0,1,1,0,6,1,19,0,0.233,0.233,0.34,0.573,1
È²µ¿Ã¤,2014,·Ôµ¥,5,0,1,0,0,0,0,0,0,0,0,1,0,0.2,0.2,0.2,0.4,NA
È²¸ñÄ¡,2014,LG,46,11,14,0,1,0,3,2,2,1,0,9,1,0.304,0.348,0.319,0.667,0.5
È²¼±ÀÏ,2010,LG,5,0,1,1,0,0,1,0,0,0,0,2,0,0.2,0.4,0.2,0.6,NA
È²¼±ÀÏ,2011,LG,9,0,2,0,0,0,1,0,0,0,1,1,0,0.222,0.222,0.3,0.522,NA
È²¼±ÀÏ,2012,LG,8,0,1,0,0,0,1,0,0,0,0,0,0,0.125,0.125,0.125,0.25,NA
È²Àç±Õ,2010,·Ôµ¥,306,41,69,14,3,6,40,18,7,32,4,73,10,0.225,0.35,0.303,0.653,0.72
È²Àç±Õ,2011,·Ôµ¥,398,62,115,18,4,12,68,12,6,40,9,78,9,0.289,0.445,0.36,0.805,0.667
È²Àç±Õ,2012,·Ôµ¥,448,42,122,19,1,4,51,26,8,38,5,81,10,0.272,0.346,0.335,0.681,0.765
È²Àç±Õ,2013,·Ôµ¥,489,70,134,29,3,7,56,22,11,49,10,78,14,0.274,0.389,0.35,0.739,0.667
È²Àç±Õ,2014,·Ôµ¥,486,66,156,33,3,12,76,17,10,53,3,86,8,0.321,0.475,0.388,0.863,0.63
È²Á¤¸³,2012,KIA,47,4,7,0,0,1,5,0,0,10,0,15,0,0.149,0.213,0.298,0.511,NA
È²Á¤¸³,2013,KIA,45,8,11,2,0,1,8,0,0,10,2,13,2,0.244,0.356,0.404,0.76,NA
È²Áø¼ö,2012,·Ôµ¥,18,2,2,1,0,0,0,2,0,1,0,9,1,0.111,0.167,0.158,0.325,1
È²Áø¼ö,2013,·Ôµ¥,0,0,0,0,0,0,0,0,0,0,0,0,0,NA,NA,NA,NA,NA
È²Áø¼ö,2014,·Ôµ¥,5,0,0,0,0,0,0,0,0,0,0,1,0,0,0,0,0,NA
