NAME,YEAR,TEAM,G,CG,SHO,SP,END,W,RPW,L,SV,HLD,IP,BF,BFR,HA,HRA,PSH,PSF,BBA,IBBA,HB,WP,BK,K,AP,ER,WHIP,ERA,WR,DFR
°¡µæ¿°,2010,SK,21,0,0,0,6,0,0,0,0,1,16.333,71,60,14,1,0,1,10,0,0,2,0,12,9,8,1.47,4.41,,0.833
°­µ¿¿¬,2013,DOO,1,0,0,0,1,0,0,0,0,0,2,7,7,1,0,0,0,0,0,0,0,0,1,1,0,0.5,0,,0
°­µ¿¿¬,2014,DOO,1,0,0,0,0,0,0,0,0,0,1,8,8,5,1,0,0,0,0,0,0,0,3,3,3,5,27,,0
°­½ÂÇö,2013,LOT,2,0,0,0,2,0,0,1,0,0,2,10,8,3,0,1,0,1,0,0,0,0,2,3,2,2,9,0,0.5
°­½ÂÇö,2014,LOT,3,0,0,0,0,0,0,0,0,0,5.667,37,34,18,2,0,1,2,0,0,2,0,3,19,16,3.53,25.41,,0
°­¿µ½Ä,2010,LOT,63,0,0,0,12,3,3,3,2,7,52.667,230,199,50,6,5,1,24,7,1,5,1,58,28,26,1.41,4.44,0.5,0.929
°­¿µ½Ä,2011,LOT,64,0,0,0,5,2,2,1,1,16,41,177,150,35,5,3,0,22,1,2,5,1,39,16,16,1.39,3.51,0.667,1
°­¿µ½Ä,2012,LOT,55,0,0,0,9,2,2,0,0,10,41.667,182,159,41,2,4,0,19,2,0,2,0,49,19,18,1.44,3.89,1,1
°­¿µ½Ä,2013,LOT,55,0,0,0,12,1,1,3,1,9,39.667,168,141,32,1,4,2,19,0,2,4,0,40,17,17,1.29,3.86,0.25,1
°­¿µ½Ä,2014,LOT,52,0,0,0,2,2,2,5,0,14,47,203,173,46,4,3,1,24,0,2,4,0,42,25,25,1.49,4.79,0.286,1
°­À±±¸,2010,NEX,5,0,0,4,0,1,0,1,0,0,15,71,56,15,2,1,0,13,0,1,0,0,11,13,12,1.87,7.2,0.5,1
°­À±±¸,2011,NEX,6,0,0,3,3,3,1,1,0,0,21,84,69,15,0,3,1,11,0,0,1,0,11,5,5,1.24,2.14,0.75,1
°­À±±¸,2012,NEX,27,1,0,21,3,4,0,7,0,0,125.667,530,433,89,14,12,4,74,1,7,7,0,127,58,57,1.3,4.08,0.364,0.826
°­À±±¸,2013,NEX,41,0,0,17,5,6,1,6,0,7,130,568,470,112,6,9,6,75,0,8,8,0,131,69,63,1.44,4.36,0.5,0.909
°­À±±¸,2014,NEX,24,0,0,6,5,1,1,1,0,1,42,215,177,60,17,3,2,32,0,1,6,1,36,43,36,2.19,7.71,0.5,1
°­Ã¶¹Î,2010,LG,3,0,0,3,0,0,0,1,0,0,11.667,49,39,8,2,1,0,8,0,1,0,0,10,7,7,1.37,5.4,0,1
°æÇåÈ£,2011,LG,4,0,0,0,2,0,0,0,0,0,7,26,25,4,0,0,0,0,0,1,0,0,1,3,2,0.57,2.57,,0
°íµç,2011,SK,14,0,0,13,0,6,1,4,0,0,75.667,315,278,68,3,10,3,20,0,4,1,0,70,34,32,1.16,3.81,0.6,0.929
°íµç,2012,SAM,25,0,0,24,0,11,0,3,0,0,128,552,500,144,10,9,3,38,0,2,1,1,80,61,56,1.42,3.94,0.786,0.935
°í¿ì¼®,2011,KIA,2,0,0,0,1,0,0,0,0,0,1.333,5,3,0,0,0,0,2,0,0,1,0,2,0,0,1.5,0,,0
°í¿ì¼®,2012,KIA,5,0,0,0,2,1,1,0,0,0,6.667,33,28,9,0,0,0,5,0,0,0,0,9,4,4,2.1,5.4,1,0
°í¿øÁØ,2010,NEX,30,0,0,22,5,5,0,7,0,0,131,570,483,123,15,12,2,61,0,12,8,0,87,64,60,1.4,4.12,0.417,0.955
°í¿øÁØ,2011,LOT,36,3,2,22,9,9,1,7,2,0,152.667,670,580,163,15,18,7,59,1,6,10,0,85,77,71,1.45,4.19,0.563,0.971
°í¿øÁØ,2012,LOT,19,0,0,19,0,3,0,7,0,0,95.333,440,372,109,7,9,5,43,0,11,4,1,45,52,45,1.59,4.25,0.3,1
°í¿øÁØ,2013,LOT,13,0,0,10,1,1,0,4,0,0,51.333,233,200,64,4,5,2,22,0,3,3,0,26,37,32,1.68,5.61,0.2,1
°íÃ¢¼º,2010,DOO,73,0,0,0,8,6,6,4,0,22,82,331,300,68,7,4,0,16,1,11,1,0,67,37,33,1.02,3.62,0.6,1
°íÃ¢¼º,2011,DOO,51,0,0,0,5,1,1,4,0,14,50.667,228,187,50,4,7,3,24,2,7,3,0,40,27,25,1.46,4.44,0.2,0.875
°íÃ¢¼º,2012,DOO,21,0,0,0,5,3,3,2,0,3,15.667,75,62,22,2,2,1,7,1,3,1,0,5,15,15,1.85,8.62,0.6,1
°íÃ¢¼º,2013,NC,28,0,0,0,5,0,0,0,0,1,20.667,105,86,27,0,1,1,12,0,5,2,0,13,12,11,1.89,4.79,,1
°íÃ¢¼º,2014,NC,25,0,0,0,9,1,1,1,0,1,25,107,96,25,1,0,1,7,0,3,1,0,11,9,5,1.28,1.8,0.5,1
°íÈ¿ÁØ,2010,SK,51,0,0,10,5,8,6,6,2,1,106.667,476,403,106,16,6,1,61,0,5,9,0,101,68,61,1.57,5.15,0.571,0.933
°íÈ¿ÁØ,2011,SK,35,0,0,16,4,5,3,8,0,0,105.667,463,373,87,4,11,4,69,1,6,9,0,89,55,50,1.48,4.26,0.385,1
°íÈ¿ÁØ,2014,SK,21,0,0,8,5,2,1,5,0,1,51,252,207,67,11,1,1,38,0,5,5,0,40,57,52,2.06,9.18,0.286,1
°ïÀß·¹,2010,LG,9,0,0,9,0,0,0,6,0,0,43.333,206,176,49,4,4,0,21,0,5,5,0,23,40,37,1.62,7.68,0,1
°ûµ¿ÈÆ,2011,SAM,2,0,0,0,0,0,0,0,0,0,1.333,7,7,3,1,0,0,0,0,0,0,0,0,3,3,2.25,20.25,,1
°ûÁ¤Ã¶,2010,KIA,47,0,0,1,12,2,2,7,2,10,58,260,224,62,6,8,1,24,2,3,2,0,70,38,36,1.48,5.59,0.222,0.933
°ûÁ¤Ã¶,2011,KIA,18,0,0,1,4,1,1,0,1,4,20.667,96,81,21,4,2,0,11,0,2,2,0,27,12,11,1.55,4.79,1,1
±¸´ë¼º,2010,HAN,7,0,0,1,1,0,0,1,0,0,4.667,25,22,7,2,0,0,3,0,0,0,0,3,6,5,2.14,9.64,0,1
±¸º»¹ü,2014,HAN,3,0,0,0,1,0,0,0,0,0,3.667,19,18,8,1,0,1,0,0,0,1,0,2,5,5,2.18,12.27,,1
±¸½Â¹Î,2014,LOT,1,0,0,0,1,0,0,0,0,0,0.667,1,1,0,0,0,0,0,0,0,0,0,1,0,0,0,0,,0
±¸ÀÚ¿î,2010,SAM,1,0,0,0,1,0,0,0,0,0,3,13,10,1,0,0,0,3,0,0,1,0,3,2,2,1.33,6,,0
±Ç¿ÀÁØ,2011,SAM,53,0,0,0,8,1,1,1,0,11,48.333,203,187,48,2,4,0,10,1,2,0,0,52,17,15,1.2,2.79,0.5,1
±Ç¿ÀÁØ,2012,SAM,46,0,0,0,8,1,1,3,0,10,42.667,174,155,32,2,4,2,13,1,0,2,0,48,15,14,1.05,2.95,0.25,1
±Ç¿ÀÁØ,2014,SAM,1,0,0,0,0,0,0,0,0,0,1,6,5,3,0,0,1,0,0,0,0,0,0,2,2,3,18,,0
±ÇÇõ,2010,SAM,60,0,0,0,10,7,7,1,4,10,73.333,282,254,54,6,3,4,19,2,2,5,0,73,18,17,1,2.09,0.875,1
±ÇÇõ,2011,SAM,58,0,0,0,7,1,1,3,0,19,48.333,203,173,38,2,5,1,22,1,2,2,1,27,19,15,1.24,2.79,0.25,1
±ÇÇõ,2012,SAM,64,0,0,0,5,2,2,3,1,18,49.333,211,182,48,2,6,2,20,2,1,2,0,38,18,17,1.38,3.1,0.4,1
±ÇÇõ,2013,SAM,52,0,0,0,12,0,0,1,0,3,36.333,158,141,35,5,0,0,16,0,1,1,0,41,17,16,1.4,3.96,0,1
±ÇÇõ,2014,SAM,38,0,0,0,10,3,3,2,0,1,34.667,137,125,27,4,0,1,11,1,0,1,0,38,13,11,1.1,2.86,0.6,1
±Û·Î¹ö,2010,SK,22,0,0,22,0,6,0,8,0,0,105,471,405,113,18,7,4,50,1,5,7,1,85,71,66,1.55,5.66,0.429,0.808
±Û·Î¹ö,2011,SK,24,0,0,24,0,7,0,6,0,0,121,518,454,115,11,9,5,41,0,9,9,0,122,65,57,1.29,4.24,0.538,0.889
±Ý¹ÎÃ¶,2010,NEX,24,1,1,23,1,6,0,11,0,0,120.667,544,435,118,10,17,6,71,1,15,8,0,86,63,59,1.57,4.4,0.353,0.923
±Ý¹ÎÃ¶,2011,NEX,8,0,0,8,0,2,0,5,0,0,32.333,159,116,31,3,6,2,31,0,4,1,0,16,28,19,1.92,5.29,0.286,0.583
±Ý¹ÎÃ¶,2014,NEX,11,0,0,11,0,3,0,5,0,0,41.667,208,166,51,4,3,2,30,0,7,3,0,24,35,28,1.94,6.05,0.375,0.769
±è°­·ü,2011,DOO,19,0,0,0,6,0,0,0,1,3,25.333,117,100,30,2,3,0,13,0,1,7,0,20,11,11,1.7,3.91,,1
±è°­·ü,2012,DOO,30,0,0,0,12,0,0,0,0,0,34.333,144,121,28,1,3,1,17,2,2,2,0,27,11,11,1.31,2.88,,0.917
±è°­·ü,2013,DOO,17,0,0,0,11,0,0,0,0,0,19.667,92,74,18,1,1,0,17,0,0,4,0,17,8,7,1.78,3.2,,1
±è°­·ü,2014,DOO,14,0,0,1,4,0,0,1,0,0,16.667,80,71,25,5,1,1,7,0,0,1,0,13,16,15,1.92,8.1,0,1
±è°ÇÇÑ,2010,KIA,57,0,0,2,13,3,3,5,1,3,77,358,310,87,5,2,5,34,2,7,5,1,61,53,45,1.57,5.26,0.375,1
±è°ÇÇÑ,2011,KIA,35,0,0,8,1,2,0,5,0,3,67.333,299,247,67,5,11,2,30,0,9,3,1,42,39,38,1.44,5.08,0.286,1
±è°ÇÇÑ,2012,SAM,31,0,0,0,14,0,0,0,0,2,34,159,137,41,2,2,2,15,0,3,0,0,27,23,20,1.65,5.29,,1
±è°ÇÇÑ,2013,SAM,11,0,0,0,6,1,1,0,0,0,14.333,84,72,31,1,0,1,11,1,0,0,0,12,20,20,2.93,12.56,1,1
±è°ÇÇÑ,2014,SAM,34,0,0,0,8,0,0,1,1,0,36.333,166,147,42,2,2,0,9,1,8,4,0,23,27,22,1.4,5.45,0,0.857
±è°æÅÂ,2011,HAN,1,0,0,0,1,0,0,0,0,0,1,3,3,0,0,0,0,0,0,0,0,0,3,0,0,0,0,,0
±è°æÅÂ,2012,HAN,3,0,0,0,2,0,0,0,0,0,1.667,9,6,1,0,0,0,3,0,0,1,0,0,1,1,2.4,5.4,,0
±è°æÅÂ,2013,HAN,16,0,0,3,2,0,0,4,0,2,23.333,115,84,21,1,4,1,21,0,5,6,0,15,20,17,1.8,6.56,0,0.833
±è±¤»ï,2010,LG,24,2,1,23,2,7,1,6,0,0,111,501,423,125,10,12,2,50,1,14,5,2,60,74,70,1.58,5.68,0.538,0.92
±è±¤»ï,2011,LG,22,0,0,19,1,4,0,5,0,0,93,416,361,108,8,5,5,41,0,4,4,0,41,58,49,1.6,4.74,0.444,0.957
±è±¤»ï,2012,LG,20,0,0,20,0,7,0,9,0,0,104.333,467,405,114,3,14,1,38,1,9,10,1,46,63,57,1.46,4.92,0.438,0.97
±è±¤¼ö,2010,LG,68,0,0,0,23,4,4,5,8,7,76.667,345,296,90,5,8,5,31,4,5,3,0,71,33,29,1.58,3.4,0.444,1
±è±¤¼ö,2011,HAN,37,0,0,0,17,2,2,3,6,3,37.667,188,154,53,3,4,4,24,2,2,2,0,24,20,20,2.04,4.78,0.4,1
±è±¤¼ö,2012,HAN,16,0,0,0,7,0,0,0,0,0,15.667,81,74,30,2,0,1,5,0,1,1,0,11,15,14,2.23,8.04,,1
±è±¤¼ö,2013,HAN,56,0,0,1,4,3,3,3,1,4,67.667,293,262,75,3,6,3,16,3,6,0,0,41,45,43,1.34,5.72,0.5,1
±è±¤¼ö,2014,HAN,1,0,0,0,0,0,0,0,0,0,0,3,3,3,1,0,0,0,0,0,0,0,0,3,3,,,,
±è±¤Çö,2010,SK,31,2,1,30,2,17,1,7,0,0,193.667,797,693,153,13,14,1,84,1,5,13,0,183,56,51,1.22,2.37,0.708,0.914
±è±¤Çö,2011,SK,17,1,0,14,3,4,0,6,0,0,74.333,328,277,70,6,3,1,45,0,2,3,0,61,45,40,1.55,4.84,0.4,1
±è±¤Çö,2012,SK,16,0,0,16,0,8,0,5,0,0,81.667,347,296,85,9,7,6,36,0,2,2,1,65,44,39,1.48,4.3,0.615,1
±è±¤Çö,2013,SK,25,0,0,22,2,10,0,9,0,0,133,580,494,128,12,7,7,68,0,4,9,1,102,72,66,1.47,4.47,0.526,1
±è±¤Çö,2014,SK,28,1,0,28,1,13,0,9,0,0,173.667,749,650,178,10,12,3,81,1,3,9,1,145,77,66,1.49,3.42,0.591,0.97
±è±âÅÂ,2012,SAM,1,0,0,1,0,0,0,1,0,0,5,24,23,8,0,0,0,1,0,0,1,0,2,4,4,1.8,7.2,0,0
±è±âÅÂ,2013,SAM,2,0,0,1,0,0,0,0,0,0,4.333,24,18,5,0,0,0,5,0,0,0,0,2,5,4,2.31,8.31,,1
±è±âÅÂ,2014,SAM,6,0,0,0,4,0,0,0,1,0,8.667,41,39,13,2,0,1,1,0,0,1,0,8,7,7,1.62,7.27,,1
±è±âÇ¥,2010,LG,48,0,0,0,7,2,2,4,2,2,42.667,185,156,41,2,6,2,13,2,8,0,1,24,21,21,1.27,4.43,0.333,1
±è±âÇ¥,2011,LG,3,0,0,0,1,0,0,0,0,0,5,26,25,11,1,0,0,1,0,0,0,0,2,7,7,2.4,12.6,,0
±è±âÇ¥,2012,LG,25,0,0,0,4,3,3,0,0,1,26.667,111,101,27,2,0,0,7,0,3,0,0,13,10,9,1.28,3.04,1,0.833
±è±âÇ¥,2013,LG,2,0,0,0,1,0,0,0,0,0,3.333,14,14,3,0,0,0,0,0,0,0,0,1,0,0,0.9,0,,1
±è±âÇ¥,2014,LG,3,0,0,0,0,0,0,0,0,0,2,10,9,2,2,0,0,0,0,1,0,0,1,3,3,1,13.5,,1
±è±âÇö,2014,HAN,24,0,0,0,5,0,0,1,0,1,23.333,118,107,38,9,1,2,7,0,1,0,0,15,21,15,1.93,5.79,0,1
±è´ë¿ì,2010,LOT,3,0,0,2,1,0,0,2,0,0,7.667,39,35,15,2,0,1,3,0,0,0,0,4,12,12,2.35,14.09,0,1
±è´ë¿ì,2011,NEX,24,0,0,0,7,0,0,2,0,0,27,131,101,26,0,4,3,19,1,4,2,0,28,20,18,1.67,6,0,1
±è´ë¿ì,2014,NEX,30,0,0,9,1,2,0,2,1,0,73.667,347,287,88,9,5,2,45,0,8,4,0,66,48,45,1.81,5.5,0.5,0.842
±è´ëÀ¯,2014,SK,9,0,0,3,1,0,0,1,0,0,11.667,65,43,12,1,0,2,19,0,1,3,0,14,13,13,2.66,10.03,0,1
±èµ¿ÁØ,2014,NEX,5,0,0,0,4,0,0,0,0,0,6,32,24,6,1,0,0,8,0,0,0,0,2,4,4,2.33,6,,1
±è¸í¼º,2011,LOT,4,0,0,1,2,0,0,1,0,0,7.667,39,37,14,3,0,0,2,0,0,0,0,3,8,8,2.09,9.39,0,1
±è¸í¼º,2013,DOO,8,0,0,0,4,0,0,0,0,0,11,47,39,7,0,1,0,7,0,0,2,0,9,5,5,1.27,4.09,,1
±è¸í¼º,2014,DOO,8,0,0,0,4,0,0,0,0,0,7.667,28,25,4,1,0,1,2,0,0,1,0,3,2,2,0.78,2.35,,1
±èº´Çö,2012,NEX,19,0,0,12,2,3,0,8,0,3,62,294,240,65,6,4,2,34,0,14,4,0,43,44,39,1.6,5.66,0.273,0.765
±èº´Çö,2013,NEX,15,0,0,14,0,5,0,4,0,0,75.333,334,279,71,7,4,2,36,0,13,4,0,43,46,44,1.42,5.26,0.556,0.895
±èº´Çö,2014,KIA,21,1,0,15,3,3,0,6,0,0,71,330,282,88,5,2,6,27,0,13,6,1,66,58,56,1.62,7.1,0.333,0.909
±è»çÀ²,2010,LOT,52,0,0,0,15,1,1,4,5,5,57.667,258,220,59,4,6,2,25,5,5,1,0,38,28,24,1.46,3.75,0.2,0.875
±è»çÀ²,2011,LOT,61,0,0,0,46,5,5,3,20,2,66.333,275,249,60,4,2,0,22,3,2,7,1,54,27,24,1.24,3.26,0.625,0.9
±è»çÀ²,2012,LOT,50,0,0,0,44,2,2,3,34,1,45.333,190,175,45,4,1,1,11,0,2,6,0,43,16,15,1.24,2.98,0.4,0.909
±è»çÀ²,2013,LOT,35,0,0,8,17,3,2,7,1,3,74.333,322,277,74,11,3,6,34,1,2,6,0,47,35,33,1.45,4,0.3,1
±è»çÀ²,2014,LOT,33,0,0,7,7,2,2,5,0,2,79.333,358,314,95,13,6,5,30,1,3,8,0,71,55,51,1.58,5.79,0.286,0.944
±è»ó¼ö,2010,NEX,17,0,0,7,2,1,0,2,0,0,45,210,175,52,5,2,5,26,0,2,2,0,35,33,31,1.73,6.2,0.333,0.909
±è»ó¼ö,2011,NEX,24,0,0,6,6,1,1,4,0,0,59.667,288,233,68,3,5,5,36,1,9,5,0,74,44,43,1.74,6.49,0.2,0.923
±è»ó¼ö,2012,NEX,33,0,0,0,5,2,2,1,0,0,45.667,210,162,42,4,5,2,39,0,2,5,0,36,24,24,1.77,4.73,0.667,1
±è»ó¼ö,2013,NEX,16,0,0,1,7,0,0,1,0,0,28.333,125,102,27,1,4,4,13,0,2,2,0,20,16,16,1.41,5.08,0,1
±è¼±±Ô,2010,LG,28,0,0,0,6,2,2,0,0,0,27.333,121,100,30,2,4,0,14,0,3,1,0,14,19,18,1.61,5.93,1,1
±è¼±±Ô,2011,LG,61,0,0,0,11,3,3,0,1,13,66.667,287,251,66,4,4,4,22,4,6,2,0,28,34,31,1.32,4.19,1,0.941
±è¼±±Ô,2012,LG,12,0,0,0,3,0,0,2,0,1,15.667,79,66,23,1,2,1,8,2,2,1,0,6,10,10,1.98,5.74,0,1
±è¼±±Ô,2013,LG,29,0,0,0,9,2,2,1,0,3,29,121,108,31,2,0,0,8,3,5,2,0,9,10,9,1.34,2.79,0.667,1
±è¼±±Ô,2014,LG,19,0,0,0,5,0,0,3,0,1,17.667,93,77,25,2,1,0,9,1,6,1,0,7,21,14,1.92,7.13,0,1
±è¼±¿ì,2010,DOO,28,1,0,28,1,13,0,6,0,0,154.667,662,589,163,12,12,3,50,1,8,9,0,128,77,69,1.38,4.02,0.684,0.955
±è¼±¿ì,2011,DOO,28,2,1,27,3,16,0,7,1,0,175.667,732,669,188,12,14,7,35,1,6,4,0,89,68,61,1.27,3.13,0.696,1
±è¼±¿ì,2012,DOO,1,0,0,1,0,0,0,0,0,0,5,20,20,6,0,0,0,0,0,0,0,0,2,0,0,1.2,0,,
±è¼±¿ì,2013,DOO,17,0,0,12,0,5,2,6,0,0,60.333,267,235,77,6,3,4,18,0,7,0,0,20,41,37,1.57,5.52,0.455,0.909
±è¼±¿ì,2014,LG,6,0,0,2,4,0,0,1,0,0,8.333,44,38,14,2,1,0,4,0,1,0,0,3,13,13,2.16,14.04,0,1
±è¼±¿ì,2014,DOO,28,1,0,28,1,6,0,9,0,0,163.333,691,623,182,13,16,3,41,1,8,4,0,63,91,82,1.37,4.52,0.4,0.913
±è¼º°è,2012,KIA,1,0,0,0,1,0,0,0,0,0,1,3,3,1,0,0,0,0,0,0,0,0,0,0,0,1,0,,0
±è¼º¹è,2010,NEX,15,0,0,13,1,2,0,4,0,0,66,274,242,60,9,5,2,22,0,2,2,0,45,35,29,1.24,3.95,0.333,0.625
±è¼º¹è,2010,DOO,9,0,0,4,1,2,0,2,0,0,19.333,85,74,21,2,3,1,5,0,2,1,0,9,13,12,1.34,5.59,0.5,1
±è¼º¹è,2011,NEX,18,0,0,18,0,3,0,7,0,0,89.667,390,341,89,8,7,1,38,0,3,3,0,71,51,48,1.42,4.82,0.3,1
±è¼º¹è,2011,DOO,31,0,0,6,3,1,0,5,2,4,52,231,202,66,4,5,3,20,1,1,0,0,29,38,34,1.65,5.88,0.167,1
±è¼º¹è,2012,LOT,69,0,0,0,10,3,3,4,2,14,53.333,223,193,46,2,5,1,20,3,4,0,0,33,20,19,1.24,3.21,0.429,1
±è¼º¹è,2013,LOT,58,0,0,0,40,2,2,4,31,4,59,241,213,45,1,4,0,21,1,3,4,0,58,20,20,1.12,3.05,0.333,1
±è¼º¹è,2014,LOT,46,0,0,0,12,1,1,0,4,11,40.667,199,171,54,7,4,0,22,2,2,2,0,32,28,27,1.87,5.98,1,0.9
±è¼ºÇö,2010,NEX,24,0,0,14,6,7,1,8,0,0,90,385,336,91,10,6,1,41,0,1,5,1,60,51,49,1.47,4.9,0.467,0.947
±è¼ºÇö,2011,LG,25,0,0,25,0,4,0,9,0,0,117.667,528,444,128,10,10,5,67,0,2,15,1,68,75,71,1.66,5.43,0.308,0.972
±è¼ºÈ£,2012,LOT,3,0,0,0,0,0,0,0,0,,11.667,9,5,2,1,1,0,2,0,1,0,0,1,2,2,2.4,10.8,,1
±è¼ö°æ,2010,NEX,1,0,0,1,0,0,0,1,0,0,3.333,22,19,9,1,0,0,3,0,0,0,0,4,5,5,3.6,13.5,0,1
±è¼ö°æ,2011,NEX,18,0,0,10,5,1,0,2,0,0,69,289,262,65,6,2,1,22,1,2,3,0,37,27,26,1.26,3.39,0.333,1
±è¼ö°æ,2012,NEX,9,0,0,0,5,0,0,1,0,0,12.667,57,51,19,0,1,0,4,0,1,0,0,5,3,3,1.82,2.13,0,1
±è¼ö¿Ï,2010,LOT,13,1,1,10,1,5,0,2,0,0,63.667,266,239,61,9,3,3,16,1,5,4,0,44,32,28,1.21,3.96,0.714,1
±è¼ö¿Ï,2011,LOT,24,0,0,2,11,0,0,3,0,1,35,166,143,46,2,4,1,17,2,1,3,1,29,29,26,1.8,6.69,0,1
±è¼ö¿Ï,2012,LOT,24,0,0,0,15,2,2,0,0,0,40.667,168,151,37,3,2,1,13,1,1,2,0,24,20,17,1.23,3.76,1,1
±è¼ö¿Ï,2013,LOT,15,0,0,4,4,1,0,0,0,0,50.667,222,188,57,4,3,4,25,0,2,2,0,22,28,23,1.62,4.09,1,1
±è¼ö¿Ï,2014,DOO,2,0,0,0,0,0,0,0,0,0,1.333,12,11,7,0,0,0,1,0,0,0,0,0,5,5,6,33.75,,0
±è½ÂÈ¸,2010,DOO,25,0,0,0,7,0,0,1,0,2,40.333,165,149,38,6,0,4,10,0,2,1,0,26,20,19,1.19,4.24,0,1
±è½ÂÈ¸,2011,DOO,24,0,0,11,6,3,0,3,0,0,65.333,282,240,61,7,3,0,33,1,6,5,0,53,39,34,1.44,4.68,0.5,0.929
±è½ÂÈ¸,2012,DOO,24,0,0,19,1,6,0,7,0,0,120.333,497,438,109,9,14,3,38,3,4,3,1,62,62,54,1.22,4.04,0.462,0.938
±è½ÂÈ¸,2013,LOT,53,0,0,2,11,4,4,7,2,8,73,338,298,92,6,7,1,29,4,3,4,0,54,49,43,1.66,5.3,0.364,0.958
±è½ÂÈ¸,2014,LOT,54,0,0,0,40,1,1,2,20,4,56,229,201,47,4,4,3,18,0,3,1,0,40,19,19,1.16,3.05,0.333,1
±è¿µ¹Î,2011,NEX,8,0,0,5,2,2,1,2,0,0,22.667,111,86,27,1,4,1,15,0,5,1,0,10,17,15,1.85,5.96,0.5,1
±è¿µ¹Î,2012,NEX,30,0,0,20,6,5,0,9,0,0,121,554,467,143,9,10,4,70,0,3,5,0,90,68,63,1.76,4.69,0.357,1
±è¿µ¹Î,2013,NEX,29,0,0,19,6,5,1,5,0,0,101.333,455,399,119,7,3,1,48,0,3,3,0,55,62,58,1.65,5.15,0.5,0.833
±è¿µ¹Î,2014,NEX,34,0,0,1,9,5,5,2,0,2,45,220,181,62,3,2,3,29,0,5,4,0,33,43,40,2.02,8,0.714,1
±è¿ëÁÖ,2010,HAN,2,0,0,2,0,0,0,2,0,0,2,18,10,6,2,2,0,5,0,1,0,0,1,9,9,5.5,40.5,0,1
±è¿ëÁÖ,2013,HAN,6,0,0,0,2,0,0,0,0,0,7,33,28,8,0,1,0,4,0,0,0,0,9,4,3,1.71,3.86,,1
±è¿øÇü,2010,SK,3,0,0,0,2,0,0,0,0,0,2.333,11,11,3,0,0,0,0,0,0,0,0,0,2,0,1.29,0,,0
±èÀ¯¿µ,2014,LOT,5,0,0,0,4,0,0,0,0,0,7.667,37,29,8,0,0,1,7,0,0,2,0,2,5,5,1.96,5.87,,1
±èÀ±µ¿,2013,KIA,1,0,0,0,0,0,0,0,0,0,0,5,3,3,0,0,0,2,0,0,0,0,0,2,2,,,,
±èÀÏ¿±,2010,LOT,36,0,0,0,14,2,2,1,3,3,44.333,190,169,46,9,2,3,12,1,3,2,0,33,24,24,1.31,4.87,0.667,0.9
±èÀÏ¿±,2011,LOT,23,0,0,0,4,1,1,0,0,1,28.667,127,110,31,3,2,1,11,0,3,1,0,21,15,15,1.47,4.71,1,0.833
±èÀÏ¿±,2012,LOT,1,0,0,0,1,0,0,0,0,0,0.667,7,6,4,0,0,0,1,0,0,0,0,0,4,3,7.5,40.5,,0
±èÀÏ¿±,2013,HAN,7,0,0,0,1,0,0,0,0,0,6.667,38,29,9,0,0,0,6,0,3,1,0,2,7,7,2.25,9.45,,0
±èÀçÇö,2010,HAN,15,0,0,0,1,1,1,0,0,2,8.667,39,35,10,2,0,0,2,0,2,0,0,8,5,5,1.38,5.19,1,1
±èÁ¤ÈÆ,2010,NEX,5,0,0,0,5,0,0,0,0,0,7.667,36,30,10,1,0,1,4,0,1,1,0,5,8,8,1.83,9.39,,1
±èÁ¤ÈÆ,2012,NEX,6,0,0,0,4,0,0,0,0,0,10,45,36,10,1,2,1,5,1,1,2,0,7,8,4,1.5,3.6,,1
±èÁ¾ÈÆ,2012,KIA,4,0,0,0,3,0,0,0,0,0,5.667,29,23,9,1,0,0,6,0,0,1,0,5,4,4,2.65,6.35,,1
±èÁØ,2012,SK,4,0,0,0,1,0,0,0,0,0,3,14,13,4,0,0,0,1,0,0,0,0,3,0,0,1.67,0,,0
±èÁØ,2013,SK,13,0,0,0,1,1,1,0,0,0,6.333,27,25,6,0,0,0,2,0,0,0,0,1,2,2,1.26,2.84,1,1
±èÁØ,2014,KIA,1,0,0,0,0,0,0,0,0,0,0,2,0,0,0,1,0,1,0,0,0,0,0,0,0,,,,
±èÁö¿ë,2010,LG,5,0,0,0,4,0,0,0,0,0,8,34,29,10,2,0,2,3,0,0,3,0,5,7,7,1.63,7.88,,1
±èÁöÈÆ,2014,KIA,10,0,0,0,5,0,0,1,0,0,12.667,63,53,19,2,1,0,9,0,0,1,0,7,12,12,2.21,8.53,0,1
±èÁø¼º,2013,NC,33,0,0,0,15,1,1,2,2,0,34,149,123,32,5,5,2,17,1,2,6,0,28,20,18,1.44,4.76,0.333,0.714
±èÁø¼º,2014,NC,58,0,0,0,50,3,3,3,25,1,48.333,211,180,40,4,2,1,26,0,2,1,0,52,25,22,1.37,4.1,0.5,1
±èÁø¿ì,2011,KIA,10,0,0,0,4,0,0,1,2,0,8.667,41,33,6,0,0,0,7,0,1,0,0,12,5,5,1.5,5.19,0,1
±èÁø¿ì,2013,KIA,24,0,0,21,3,9,0,10,1,0,126.333,577,503,147,8,9,3,49,0,13,13,1,130,77,70,1.55,4.99,0.474,0.971
±èÁø¿ì,2014,KIA,28,0,0,13,7,3,1,4,1,1,90.667,429,348,100,8,9,4,61,0,7,10,0,85,66,60,1.78,5.96,0.429,0.958
±èÃ¢ÈÆ,2010,DOO,9,0,0,0,1,0,0,0,0,0,7.667,31,27,4,2,0,1,3,0,0,2,0,8,3,3,0.91,3.52,,1
±èÃ¢ÈÆ,2011,DOO,27,0,0,0,8,0,0,2,0,2,12.667,59,47,11,2,0,0,10,0,2,0,0,11,9,9,1.66,6.39,0,1
±èÃ¢ÈÆ,2012,DOO,28,0,0,0,5,1,1,1,0,2,21.667,86,66,9,0,5,1,12,0,2,1,0,15,5,5,0.97,2.08,0.5,1
±èÃ¢ÈÆ,2013,DOO,3,0,0,0,0,0,0,0,0,0,2.667,14,10,4,1,0,0,3,0,1,0,0,3,1,1,2.63,3.38,,1
±èÅÂ¿µ,2011,DOO,33,0,0,6,8,3,1,2,1,1,63.667,277,247,71,5,4,3,20,2,3,3,0,41,30,28,1.43,3.96,0.6,1
±èÅÂ¿µ,2012,DOO,15,0,0,1,4,0,0,0,0,0,17,74,65,14,1,0,1,8,0,0,2,0,15,6,6,1.29,3.18,,1
±èÅÂ¿µ,2013,DOO,35,0,0,7,2,4,3,4,0,3,67,295,259,78,5,6,2,23,0,5,1,0,36,46,44,1.51,5.91,0.5,0.889
±èÅÂ¿µ,2014,KIA,48,0,0,0,4,5,5,4,1,11,50.667,228,201,56,6,3,2,17,2,5,1,0,45,34,32,1.44,5.68,0.556,1
±èÅÂÈÆ,2010,SK,1,0,0,0,0,0,0,0,0,0,0,1,0,0,0,0,0,1,1,0,0,0,0,0,0,,,,
±èÅÂÈÆ,2011,SK,16,0,0,0,5,0,0,0,0,1,18,82,69,18,0,0,1,11,1,1,3,0,15,8,8,1.61,4,,1
±èÅÂÈÆ,2012,SK,9,0,0,0,2,0,0,1,0,0,8.667,49,37,12,0,1,0,10,0,1,0,0,6,11,9,2.54,9.35,0,0.667
±èÇõ¹Î,2010,HAN,9,0,0,8,0,0,0,4,0,0,40.333,189,146,36,7,2,1,37,0,3,1,0,21,32,31,1.81,6.92,0,0.8
±èÇõ¹Î,2011,HAN,26,0,0,23,2,5,0,13,1,0,128.667,561,489,132,18,10,4,56,0,2,11,0,109,78,71,1.46,4.97,0.278,0.929
±èÇõ¹Î,2013,HAN,42,0,0,20,3,5,0,10,0,11,146.667,635,548,142,25,8,7,60,2,12,12,0,96,93,88,1.38,5.4,0.333,0.882
±èÇõ¹Î,2014,HAN,32,1,0,21,4,8,1,9,0,1,146.333,612,539,137,9,13,6,45,1,9,15,0,102,69,66,1.24,4.06,0.471,1
±èÇö¿ì,2010,SAM,2,0,0,0,2,0,0,0,0,0,1.667,7,6,1,1,0,0,1,0,0,0,0,2,1,1,1.2,5.4,,0
±èÇö¿ì,2013,SAM,10,0,0,0,2,0,0,0,0,0,13,55,49,11,2,0,0,6,0,0,0,0,18,5,5,1.31,3.46,,0
±èÇö¿ì,2014,SAM,29,0,0,0,11,1,1,0,0,1,31,123,111,25,4,2,1,8,0,1,3,0,29,8,8,1.06,2.32,1,1
±èÈ¿³²,2010,SAM,22,0,0,0,7,0,0,0,0,2,24,110,94,24,2,1,1,13,0,1,1,0,16,15,11,1.54,4.13,,0.333
±èÈ¿³²,2011,SAM,6,0,0,0,4,0,0,0,0,0,4.333,17,14,4,0,2,0,1,0,0,1,0,4,0,0,1.15,0,,1
±èÈ¿³²,2012,SAM,9,0,0,0,5,0,0,0,0,0,16.333,67,63,17,2,0,0,3,0,1,0,0,13,5,5,1.22,2.76,,1
±èÈ¿³²,2013,LG,3,0,0,0,3,0,0,0,0,0,3.333,11,10,1,0,0,0,1,0,0,0,0,2,1,1,0.6,2.7,,1
³ª½ÂÇö,2010,LOT,2,0,0,0,0,0,0,0,0,0,2.333,22,19,12,2,0,0,2,0,1,0,0,2,10,10,6,38.57,,1
³ªÀÌÆ®,2010,SAM,21,0,0,14,1,6,1,5,0,0,83.333,375,318,87,5,13,0,42,2,2,6,0,66,47,42,1.55,4.54,0.545,1
³ªÀÌÆ®,2011,NEX,30,0,0,30,0,7,0,15,0,0,172.333,768,628,169,12,26,4,98,0,12,7,0,115,98,90,1.55,4.7,0.318,0.93
³ªÀÌÆ®,2012,NEX,30,2,1,30,2,16,0,4,0,0,208.667,832,750,180,6,16,6,53,1,7,2,0,102,60,51,1.12,2.2,0.8,0.884
³ªÀÌÆ®,2013,NEX,30,0,0,30,0,12,0,10,0,0,172.667,769,660,192,10,11,5,79,1,14,2,0,129,96,85,1.57,4.43,0.545,0.929
³ªÀÌÆ®,2014,NEX,6,0,0,6,0,1,0,2,0,0,29.333,142,116,36,5,2,1,22,0,1,0,0,19,22,18,1.98,5.52,0.333,1
³ë°æÀº,2010,DOO,6,0,0,0,5,0,0,0,0,0,9.333,47,44,17,1,0,1,1,0,1,1,0,8,14,14,1.93,13.5,,1
³ë°æÀº,2011,DOO,44,0,0,1,19,5,5,2,3,3,62.667,290,243,71,3,7,2,36,4,2,6,1,53,39,36,1.71,5.17,0.714,0.867
³ë°æÀº,2013,DOO,30,0,0,30,0,10,0,10,0,0,180.333,765,672,171,16,10,2,75,0,6,8,1,153,88,77,1.36,3.84,0.5,1
³ë°æÀº,2014,DOO,42,2,2,18,4,12,2,6,0,7,146,608,519,106,6,8,4,69,1,8,9,0,133,46,41,1.2,2.53,0.667,1
³ë¼ºÈ£,2013,NC,38,0,0,10,5,2,0,8,0,2,58,268,219,64,9,1,8,38,0,2,6,1,62,50,47,1.76,7.29,0.2,0.889
³ë¼ºÈ£,2014,NC,15,0,0,6,1,1,0,2,0,1,48.333,212,178,44,6,3,1,28,0,2,4,0,37,25,24,1.49,4.47,0.333,1
³ëÁø¿ë,2014,SAM,1,0,0,0,1,0,0,0,0,0,0.333,2,2,1,1,0,0,0,0,0,0,0,1,1,1,3,27,,0
´ÏÄÚ½º,2010,NEX,9,0,0,6,0,2,2,6,0,0,32.333,150,123,38,3,4,1,17,0,5,1,0,25,24,24,1.7,6.68,0.25,1
´ÏÆÛÆ®,2011,DOO,29,2,1,29,2,15,0,6,0,0,187,763,668,150,8,18,3,64,0,10,10,0,150,61,53,1.14,2.55,0.714,0.977
´ÏÆÛÆ®,2012,DOO,29,3,0,28,3,11,0,10,0,0,194,785,691,156,15,15,3,68,0,8,3,0,126,70,69,1.15,3.2,0.524,0.973
´ÏÆÛÆ®,2013,DOO,19,1,0,19,1,12,0,4,0,0,118,482,438,108,7,4,2,34,0,4,3,0,104,52,47,1.2,3.58,0.75,1
´ÏÆÛÆ®,2014,DOO,30,1,0,28,2,14,0,7,0,1,179.333,760,692,186,17,7,7,48,0,6,10,0,158,83,76,1.3,3.81,0.667,1
´õ¸¶Æ®,2010,LG,15,0,0,15,0,4,0,6,0,0,61.333,300,250,83,10,6,4,37,0,3,6,0,29,58,56,1.96,8.22,0.4,1
µ¥Æú¶ó,2010,HAN,41,0,0,17,16,6,1,12,3,1,131.667,575,493,133,8,13,1,58,0,10,4,3,68,74,67,1.45,4.58,0.333,0.974
µ¥Æú¶ó,2011,HAN,17,0,0,5,3,1,1,3,0,0,44.333,200,170,51,3,1,0,24,0,5,4,1,34,29,27,1.69,5.48,0.25,0.833
¶ó¹Ì·¹,2012,KIA,10,0,0,0,4,2,2,1,0,1,11.667,51,45,15,1,3,0,3,1,0,1,0,5,5,5,1.54,3.86,0.667,0.857
¶óÀÌÆ®,2010,KIA,2,0,0,2,0,0,0,1,0,0,9,43,32,5,0,0,0,9,0,2,4,0,12,5,5,1.56,5,0,1
·¹µù,2010,SAM,9,0,0,6,0,1,0,3,0,1,35.333,153,129,40,2,5,5,11,0,2,1,0,19,20,20,1.44,5.09,0.25,1
·¹ÀÌ¿¹,2013,SK,30,2,1,29,2,8,0,13,0,0,173,751,630,157,15,17,6,91,0,7,11,0,135,99,93,1.43,4.84,0.381,1
·¹ÀÌ¿¹,2014,SK,13,0,0,13,0,2,0,7,0,0,78.333,369,319,103,10,8,1,38,1,3,4,0,41,64,57,1.8,6.55,0.222,0.947
·Îµå¸®,2013,SAM,11,0,0,11,0,3,0,5,0,0,57.333,249,210,49,6,4,3,30,0,2,3,1,46,29,28,1.38,4.4,0.375,1
·ÎÆäÁî,2010,KIA,27,1,0,26,2,4,0,10,1,0,166,713,639,180,22,18,5,43,2,8,2,1,83,92,86,1.34,4.66,0.286,0.952
·ÎÆäÁî,2011,KIA,26,1,0,24,3,11,1,9,1,0,153.667,631,580,153,14,15,1,26,2,9,3,0,106,71,68,1.16,3.98,0.55,0.978
·ÎÆäÁî,2012,SK,5,0,0,5,0,3,0,2,0,0,28,110,106,26,3,0,0,3,0,1,0,0,13,13,12,1.04,3.86,0.6,1
·ùÁ¦±¹,2013,LG,20,0,0,20,0,12,0,2,0,0,111.667,485,417,109,11,5,4,50,1,9,7,1,88,50,48,1.42,3.87,0.857,0.9
·ùÁ¦±¹,2014,LG,27,0,0,27,0,9,0,7,0,0,147.667,661,581,146,13,6,3,58,3,13,9,0,128,100,84,1.38,5.12,0.563,0.963
·ùÅÃÇö,2010,LG,16,0,0,0,1,0,0,0,0,0,4.667,28,23,10,0,0,0,4,1,1,0,0,3,6,4,3,7.71,,1
·ùÅÃÇö,2012,LG,30,0,0,0,9,3,3,1,0,3,24.333,98,86,20,2,1,2,8,0,1,0,0,15,9,9,1.15,3.33,0.75,1
·ùÅÃÇö,2013,LG,58,0,0,0,3,0,0,0,0,16,29.333,125,112,31,2,1,4,6,1,2,1,0,23,10,10,1.26,3.07,,1
·ùÅÃÇö,2014,LG,2,0,0,0,0,0,0,0,0,0,1,6,5,3,2,0,0,0,0,1,0,0,0,3,3,3,27,,0
·ùÇöÁø,2010,HAN,25,5,3,25,5,16,0,4,0,0,192.667,756,677,149,11,21,4,45,2,9,6,1,187,42,39,1.01,1.82,0.8,0.974
·ùÇöÁø,2011,HAN,24,3,0,18,5,11,0,7,0,0,126,520,466,101,12,12,3,38,0,1,6,0,128,54,47,1.1,3.36,0.611,1
·ùÇöÁø,2014,HAN,27,1,0,27,1,9,0,9,0,0,182.667,734,659,153,12,22,2,46,6,5,3,1,210,58,54,1.09,2.66,0.5,0.974
¸®¿À´Ü,2014,LG,28,2,1,28,2,9,0,10,0,0,168,707,646,177,13,9,5,37,1,10,8,0,77,80,74,1.27,3.96,0.474,0.944
¸®Áî,2011,LG,30,1,0,28,2,11,0,13,0,0,164.667,719,600,149,11,16,4,84,0,15,8,1,122,79,71,1.41,3.88,0.458,0.892
¸®Áî,2012,LG,32,1,0,25,6,5,0,12,5,0,151.333,656,556,138,6,18,5,68,3,9,13,1,144,68,62,1.36,3.69,0.294,0.947
¸®Áî,2013,LG,32,2,1,32,2,10,0,13,0,0,202.667,837,713,153,11,9,7,88,1,20,8,0,188,78,69,1.19,3.06,0.435,0.974
¸¶¸®¿À,2012,SK,18,0,0,18,0,6,0,3,0,0,95.333,401,350,88,6,7,0,39,2,5,2,1,49,38,36,1.33,3.4,0.667,0.92
¸¶¾ß,2014,DOO,11,1,0,11,1,2,0,4,0,0,63,278,242,67,6,2,6,24,0,4,2,0,54,36,34,1.44,4.86,0.333,0.833
¸¶ÀÏ¿µ,2010,HAN,47,0,0,0,8,1,1,3,2,10,43.667,200,172,51,9,3,4,20,2,1,3,0,26,37,34,1.63,7.01,0.25,1
¸¶ÀÏ¿µ,2011,HAN,51,0,0,8,3,2,2,5,0,8,69.667,325,262,75,4,9,2,49,1,3,6,0,32,46,45,1.78,5.81,0.286,0.929
¸¶ÀÏ¿µ,2012,HAN,55,0,0,2,14,2,2,3,1,6,61.667,289,255,86,6,11,3,18,0,2,9,0,31,46,38,1.69,5.55,0.4,0.857
¸¶ÀÏ¿µ,2013,HAN,13,0,0,1,3,0,0,1,0,0,12.333,60,51,17,1,1,0,6,0,2,0,0,6,9,9,1.86,6.57,0,0.857
¸¶ÀÏ¿µ,2014,HAN,19,0,0,0,6,0,0,0,0,1,20,106,90,32,1,1,2,9,0,4,2,1,8,20,19,2.05,8.55,,0.857
¸¶Á¤±æ,2010,NEX,58,0,0,0,10,3,3,2,0,2,56.333,249,210,51,6,1,4,28,3,6,2,0,43,23,19,1.4,3.04,0.6,0.833
¸¶Á¤±æ,2011,NEX,45,0,0,0,5,1,1,4,0,8,48.333,204,169,37,3,2,2,24,0,7,1,0,46,20,18,1.26,3.35,0.2,0.889
¸¶Á¤±æ,2013,NEX,29,0,0,0,6,4,4,1,1,1,33,149,123,32,1,2,3,18,2,3,0,1,31,20,15,1.52,4.09,0.8,0.857
¸¶Á¤±æ,2014,NEX,56,0,0,0,12,3,3,3,0,7,64,285,237,57,9,5,1,30,0,12,2,0,55,37,34,1.36,4.78,0.5,0.933
¸¶Æ¾,2014,SAM,23,0,0,22,0,9,0,6,0,0,128,562,513,148,10,10,1,31,1,7,2,2,84,69,68,1.4,4.78,0.6,0.947
¸Å±×·¹,2011,SK,16,0,0,14,1,2,0,6,0,0,53.667,235,207,63,9,4,1,19,0,4,1,0,38,32,32,1.53,5.37,0.25,0.952
¸ÅÆ¼½º,2011,SAM,10,0,0,10,0,5,0,2,0,0,64.333,272,235,59,1,2,1,34,1,0,3,0,32,19,18,1.45,2.52,0.714,1
¸íÀçÃ¶,2013,HAN,3,0,0,0,1,0,0,0,0,0,3,17,14,6,0,0,0,2,0,1,1,0,1,4,4,2.67,12,,0
¹®±¤Àº,2010,SK,12,0,0,2,5,0,0,0,0,0,18.667,75,63,13,1,1,0,11,1,0,1,1,16,10,10,1.29,4.82,,1
¹®±¤Àº,2011,SK,4,0,0,0,1,0,0,0,0,0,4.667,20,18,5,0,0,0,2,0,0,2,0,6,1,1,1.5,1.93,,0
¹®±¤Àº,2014,SK,9,0,0,7,0,1,0,2,0,0,32.667,149,136,40,7,1,2,10,0,0,1,0,23,26,23,1.53,6.34,0.333,1
¹®µ¿¿í,2014,LOT,1,0,0,0,0,0,0,0,0,0,2,11,9,3,0,0,0,1,0,1,0,0,0,2,2,2,9,,0
¹®¼ºÇö,2010,NEX,32,0,0,6,9,1,1,5,0,0,69.333,299,244,63,9,6,2,46,0,1,6,0,57,43,38,1.57,4.93,0.167,1
¹®¼ºÇö,2011,NEX,30,0,0,25,3,5,0,12,0,0,130.667,581,483,129,13,10,6,78,0,4,7,0,108,63,63,1.58,4.34,0.294,1
¹®¼ºÇö,2012,NEX,13,0,0,5,1,1,0,1,0,3,38.333,162,144,38,0,5,2,11,0,0,0,0,31,21,18,1.28,4.23,0.5,0.857
¹®¼ºÇö,2013,NEX,17,0,0,10,4,5,0,4,0,0,64,280,247,73,8,6,2,22,0,3,2,0,55,35,32,1.48,4.5,0.556,0.875
¹®¼ºÇö,2014,NEX,20,0,0,17,0,9,0,4,0,1,85.333,402,345,96,12,0,4,48,0,5,4,0,51,59,56,1.69,5.91,0.692,1
¹®¼öÈ£,2010,KIA,4,0,0,0,1,0,0,0,0,0,2.667,12,11,3,0,0,0,1,0,0,0,0,1,2,2,1.5,6.75,,0
¹®¼öÈ£,2011,SAM,2,0,0,0,0,0,0,0,0,0,3,15,13,5,0,0,0,2,0,0,0,0,1,3,3,2.33,9,,0
¹®¼öÈ£,2013,NC,11,0,0,0,2,0,0,0,0,4,7,32,28,8,0,1,0,2,0,1,0,0,6,3,2,1.43,2.57,,1
¹®¼öÈ£,2014,NC,10,0,0,0,3,0,0,1,0,1,9,39,36,11,3,2,0,1,0,0,0,0,9,6,6,1.33,6,0,1
¹®½Â¿ø,2012,SK,2,0,0,0,2,0,0,0,0,0,2,9,8,2,0,0,0,0,0,1,0,0,3,1,1,1,4.5,,0
¹®½Â¿ø,2013,SK,16,0,0,1,10,0,0,1,0,0,24.333,107,98,29,5,0,0,6,0,3,1,0,13,16,15,1.44,5.55,0,1
¹Î°æ¼ö,2010,LG,4,0,0,0,1,0,0,0,0,0,3,14,12,5,0,0,1,1,0,0,0,0,3,2,2,2,6,,0
¹ÙÆ¼½º,2011,HAN,27,0,0,0,22,3,3,0,10,0,35.667,148,124,19,1,1,0,22,1,1,7,0,61,8,8,1.15,2.02,1,1
¹ÙÆ¼½º,2012,HAN,44,0,0,10,18,4,1,6,8,4,86,375,303,70,7,7,1,52,0,12,10,1,110,35,34,1.42,3.56,0.4,1
¹ÙÆ¼½º,2013,HAN,29,0,0,24,1,7,0,7,0,0,143.667,640,545,141,9,9,3,70,1,13,8,1,150,77,67,1.47,4.2,0.5,1
¹Ú°Ç¿ì,2010,LG,13,0,0,2,5,1,1,0,1,0,31,134,116,30,2,1,0,16,0,1,2,0,22,16,14,1.48,4.06,1,1
¹Ú°Ç¿ì,2011,LG,1,0,0,0,0,0,0,0,0,0,0.333,7,5,3,0,0,0,2,0,0,0,0,0,4,3,15,81,,0
¹Ú°Ç¿ì,2012,LOT,4,0,0,0,3,0,0,0,0,0,4.667,20,18,5,1,0,0,2,0,0,0,0,3,3,3,1.5,5.79,,0
¹Ú°æÅÂ,2010,KIA,42,0,0,0,9,0,0,2,0,2,34.333,148,128,35,2,4,1,14,0,1,2,0,23,20,19,1.43,4.98,0,0.778
¹Ú°æÅÂ,2011,KIA,50,0,0,4,7,1,1,3,0,6,54.333,252,200,53,3,5,4,40,1,3,10,0,40,43,40,1.71,6.63,0.25,1
¹Ú°æÅÂ,2012,KIA,27,0,0,2,6,1,1,6,0,0,34.333,153,133,41,0,2,2,14,0,2,4,0,26,29,28,1.6,7.34,0.143,1
¹Ú°æÅÂ,2013,KIA,42,0,0,5,9,1,0,5,0,4,62.333,283,246,70,2,2,1,32,0,2,3,0,53,33,31,1.64,4.48,0.167,1
¹Ú°æÅÂ,2014,KIA,16,0,0,2,3,0,0,2,0,1,25.667,136,117,49,6,3,1,13,0,2,2,0,17,36,35,2.42,12.27,0,1
¹Ú±ÙÈ«,2011,KIA,1,0,0,0,1,0,0,0,0,0,1,4,3,0,0,0,0,1,0,0,0,0,0,0,0,1,0,,1
¹Ú±ÙÈ«,2012,SAM,6,0,0,0,2,0,0,0,0,0,7,30,24,3,1,0,0,5,0,1,2,0,6,1,1,1.14,1.29,,0
¹Ú±ÙÈ«,2013,SAM,14,0,0,0,4,0,0,1,0,0,12,52,48,13,0,0,0,4,0,0,0,0,13,7,7,1.42,5.25,0,1
¹Ú±ÙÈ«,2014,SAM,42,0,0,0,7,1,1,0,0,5,30.333,141,109,25,4,1,0,28,0,3,3,0,26,16,15,1.75,4.45,1,1
¹Ú¸íÈ¯,2010,LG,15,0,0,15,0,4,0,6,0,0,76,350,308,94,17,4,4,31,0,3,4,0,46,62,56,1.64,6.63,0.4,0.929
¹Ú¸íÈ¯,2014,NC,5,0,0,1,4,0,0,2,0,0,5,31,21,7,1,1,0,8,0,1,1,0,7,5,4,3,7.2,0,0
¹Ú¹Î±Ô,2010,SAM,2,0,0,0,0,0,0,0,0,0,5,25,20,6,0,0,1,4,1,0,2,0,6,3,3,2,5.4,,0
¹Ú¹Î±Ô,2011,SAM,7,0,0,0,2,0,0,0,0,0,6.667,35,29,9,1,0,0,6,0,0,0,0,3,6,6,2.25,8.1,,0
¹Ú¹ÎÈ£,2014,SK,17,0,0,4,4,2,1,3,0,0,31.333,152,131,41,3,1,1,10,0,9,1,0,12,25,19,1.63,5.46,0.4,0.875
¹Ú¼ºÈ£,2010,KIA,23,0,0,0,6,0,0,0,0,0,28.333,122,111,28,4,1,1,8,0,1,7,0,38,15,12,1.27,3.81,,1
¹Ú¼ºÈ£,2011,KIA,23,0,0,1,11,0,0,2,0,0,23.667,112,92,28,1,2,0,17,1,1,1,0,20,17,17,1.9,6.46,0,1
¹Ú¼ºÈ£,2014,KIA,8,0,0,0,3,0,0,0,0,0,13,73,63,27,3,1,1,7,0,1,0,0,11,15,15,2.62,10.38,,1
¹Ú¼ºÈÆ,2010,NEX,32,0,0,0,7,0,0,1,0,0,34,170,133,35,2,0,2,27,1,8,7,0,25,20,18,1.82,4.76,0,0.9
¹Ú¼ºÈÆ,2011,NEX,5,0,0,1,1,0,0,1,0,0,5.667,32,25,7,0,0,0,6,0,1,1,0,0,7,6,2.29,9.53,0,0.5
¹Ú¼ºÈÆ,2012,NEX,53,0,0,0,7,5,5,4,0,7,47.667,198,163,33,1,4,1,24,1,6,3,0,34,13,13,1.2,2.45,0.556,1
¹Ú¼ºÈÆ,2013,NEX,50,0,0,0,5,2,2,3,0,8,26.667,124,105,31,6,0,4,11,0,4,2,0,18,16,15,1.58,5.06,0.4,1
¹Ú¼ºÈÆ,2014,NEX,15,0,0,0,2,1,1,0,0,0,15.667,74,65,23,5,1,1,7,0,0,1,0,12,14,14,1.91,8.04,1,1
¹Ú½Â¹Î,2010,NEX,42,0,0,0,4,3,3,3,0,8,42.333,167,140,30,4,4,3,16,2,4,1,0,25,11,11,1.09,2.34,0.5,1
¹Ú½Â¹Î,2011,NEX,34,0,0,0,3,2,2,2,1,8,19.667,92,77,22,0,3,0,10,0,2,1,0,9,15,14,1.63,6.41,0.5,1
¹Ú½Â¹Î,2012,KIA,2,0,0,0,0,0,0,0,0,1,1.333,5,5,1,0,0,0,0,0,0,0,0,0,0,0,0.75,0,,0
¹Ú½Ã¿µ,2010,LOT,2,0,0,0,1,0,0,0,0,0,2,14,10,5,2,0,0,3,0,1,2,0,3,5,5,4,22.5,,0
¹ÚÁ¤¹è,2010,DOO,10,0,0,1,5,1,1,1,0,0,14.667,65,58,17,4,0,0,5,0,2,0,0,11,10,10,1.5,6.14,0.5,1
¹ÚÁ¤¹è,2011,DOO,4,0,0,0,3,0,0,0,0,0,4,19,16,6,1,0,1,1,0,1,0,0,0,4,4,1.75,9,,1
¹ÚÁ¤¹è,2012,SK,37,0,0,3,6,4,3,3,0,3,77.333,309,270,52,6,4,1,30,0,4,1,1,48,29,27,1.06,3.14,0.571,1
¹ÚÁ¤¹è,2013,SK,38,0,0,0,7,5,5,2,0,14,49,208,172,40,3,6,2,24,2,4,2,0,53,11,9,1.31,1.65,0.714,0.813
¹ÚÁ¤¹è,2014,SK,43,0,0,0,11,6,6,4,1,10,43.333,197,157,42,3,9,2,23,3,6,5,0,34,29,28,1.5,5.82,0.6,0.813
¹ÚÁ¤Áø,2010,HAN,56,0,0,0,21,2,2,4,10,6,79.333,327,282,58,3,3,3,36,5,3,4,0,80,32,27,1.18,3.06,0.333,1
¹ÚÁ¤Áø,2011,HAN,64,0,0,0,12,7,7,6,7,16,86,353,313,70,6,6,5,28,0,1,5,0,92,33,31,1.14,3.24,0.538,1
¹ÚÁ¤Áø,2012,HAN,63,0,0,0,9,4,4,4,3,12,49.333,205,174,36,4,1,3,27,1,0,5,0,45,30,30,1.28,5.47,0.5,0.8
¹ÚÁ¤Áø,2013,HAN,30,0,0,0,7,1,1,5,1,6,21.667,96,80,17,2,1,0,14,1,1,6,0,21,15,14,1.43,5.82,0.167,1
¹ÚÁ¤Áø,2014,HAN,60,0,0,0,19,4,4,4,9,7,49.333,224,191,54,5,6,1,25,1,1,1,0,51,39,33,1.6,6.02,0.5,0.833
¹ÚÁ¾À±,2012,NEX,7,0,0,0,5,0,0,0,0,0,6,29,20,4,0,1,1,6,0,1,1,0,7,2,2,1.67,3,,1
¹ÚÁ¾À±,2013,NEX,4,0,0,0,3,0,0,0,0,0,4,20,17,5,0,0,0,2,0,1,0,0,2,3,3,1.75,6.75,,0
¹ÚÁ¾ÈÆ,2011,SK,7,0,0,0,4,0,0,0,0,0,6.667,26,23,4,1,0,0,3,0,0,0,0,5,2,2,1.05,2.7,,1
¹ÚÁ¾ÈÆ,2012,SK,8,0,0,4,2,1,1,2,0,0,18,89,69,21,0,2,0,14,1,4,0,0,16,17,16,1.94,8,0.333,0.875
¹ÚÁØÇ¥,2013,KIA,11,0,0,0,1,1,1,1,0,2,9.667,37,34,7,2,0,0,3,0,0,0,0,6,4,4,1.03,3.72,0.5,1
¹ÚÁØÇ¥,2014,KIA,13,0,0,0,3,0,0,1,0,0,22.667,108,92,28,3,0,1,11,0,4,2,0,6,22,20,1.72,7.94,0,1
¹ÚÁöÈÆ,2012,KIA,50,0,0,0,10,3,3,3,2,10,61.333,268,219,55,3,8,6,30,1,5,7,0,37,25,23,1.39,3.38,0.5,1
¹ÚÁöÈÆ,2013,KIA,35,0,0,0,6,2,2,1,1,4,29.667,155,129,48,6,2,1,22,1,1,5,0,27,36,36,2.36,10.92,0.667,1
¹ÚÂùÈ£,2012,HAN,23,1,0,23,1,5,0,10,0,0,121,552,468,134,11,15,6,52,0,11,4,1,68,76,68,1.54,5.06,0.333,0.93
¹ÚÇöÁØ,2010,LG,20,0,0,11,1,2,0,3,0,0,57.667,263,217,60,9,7,3,27,1,9,5,1,46,45,42,1.51,6.55,0.4,0.95
¹ÚÇöÁØ,2011,LG,29,0,0,27,1,13,1,10,0,0,163.667,711,612,153,13,18,2,68,1,11,4,1,137,88,76,1.35,4.18,0.565,1
¹ÚÈñ¼ö,2010,SK,14,0,0,0,7,0,0,0,0,0,17.667,78,71,23,2,0,0,7,0,0,0,0,15,9,9,1.7,4.58,,1
¹ÚÈñ¼ö,2011,SK,39,0,0,0,6,4,4,2,1,8,67,265,228,40,3,3,1,30,3,3,2,1,76,19,14,1.04,1.88,0.667,0.929
¹ÚÈñ¼ö,2012,SK,65,0,0,0,9,8,8,1,6,34,82,312,275,52,2,5,2,27,2,3,3,0,93,12,12,0.96,1.32,0.889,1
¹ÚÈñ¼ö,2013,SK,43,0,0,0,33,1,1,2,24,1,47.667,185,168,31,1,2,1,13,1,1,2,0,46,12,12,0.92,2.27,0.333,1
¹ÚÈñ¼ö,2014,SK,21,0,0,0,18,1,1,2,13,0,20.667,88,75,17,1,1,0,8,2,4,0,0,29,8,8,1.21,3.48,0.333,1
¹è½º,2012,HAN,2,0,0,1,0,0,0,1,0,,1.667,15,13,9,1,0,0,1,0,1,0,0,1,9,9,6,48.6,0,0
¹è¿µ¼ö,2010,SAM,31,0,0,21,2,6,1,8,1,0,119.667,526,472,136,11,7,2,37,1,8,1,1,64,69,63,1.45,4.74,0.429,1
¹è¿µ¼ö,2011,SAM,25,0,0,17,3,6,0,8,0,1,103,460,408,127,5,12,7,27,1,6,5,1,47,67,62,1.5,5.42,0.429,1
¹è¿µ¼ö,2012,SAM,1,0,0,1,0,0,0,0,0,0,3,16,16,7,0,0,0,0,0,0,0,0,4,3,3,2.33,9,,
¹è¿µ¼ö,2013,SAM,27,0,0,26,0,14,0,4,0,0,151,671,604,193,9,12,3,38,1,14,5,0,101,83,79,1.53,4.71,0.778,0.977
¹è¿µ¼ö,2014,SAM,26,2,0,25,2,12,0,8,0,0,160,658,602,159,7,5,9,39,1,3,5,0,89,64,57,1.24,3.21,0.6,1
¹è¿ì¿­,2010,LG,4,0,0,0,1,0,0,0,0,0,5,30,25,11,2,0,1,3,0,1,0,0,5,11,11,2.8,19.8,,0
¹èÀåÈ£,2010,LOT,51,0,0,0,15,0,0,1,1,5,55.333,248,219,75,3,3,2,16,2,8,0,0,23,34,28,1.64,4.55,0,1
¹èÀåÈ£,2011,LOT,8,0,0,0,0,0,0,1,0,0,8.667,42,39,15,1,0,0,2,0,1,0,0,4,8,8,1.96,8.31,0,1
¹èÀåÈ£,2014,LOT,16,0,0,2,5,2,2,2,0,0,28,126,102,27,1,2,2,15,1,5,0,0,9,16,15,1.5,4.82,0.5,0.889
¹èÈûÂù,2010,NEX,14,0,0,7,4,2,0,5,0,0,35,161,133,40,7,2,0,21,0,5,1,0,11,28,27,1.74,6.94,0.286,0.941
¹èÈûÂù,2011,NEX,11,0,0,0,4,0,0,0,0,0,15.333,74,61,20,0,0,2,8,1,3,4,0,14,10,10,1.83,5.87,,1
¹èÈûÂù,2014,NEX,6,0,0,0,4,0,0,0,0,0,6.667,32,31,11,1,0,0,1,0,0,1,0,4,4,4,1.8,5.4,,1
¹éÀÎ½Ä,2013,SK,19,0,0,15,1,5,0,5,0,0,91.333,390,340,85,5,4,2,36,0,8,4,1,50,40,36,1.32,3.55,0.5,1
¹éÀÎ½Ä,2014,SK,6,0,0,2,0,0,0,1,0,0,9.333,57,45,22,3,0,2,7,0,3,2,0,3,19,19,3.11,18.32,0,1
¹éÁ¤Çö,2010,SAM,43,0,0,0,6,1,1,2,0,3,37.333,169,139,38,3,5,0,24,1,1,6,0,24,20,19,1.66,4.58,0.333,0.938
¹éÁ¤Çö,2012,SAM,6,0,0,0,2,0,0,0,0,1,3.667,17,13,2,0,0,0,4,0,0,0,0,5,2,2,1.64,4.91,,0
¹éÁ¤Çö,2013,SAM,28,0,0,0,8,1,1,1,0,4,24.333,116,101,33,4,2,0,13,0,0,0,0,23,19,18,1.89,6.66,0.5,1
¹éÁ¤Çö,2014,SAM,27,0,0,5,7,0,0,3,1,1,46.333,204,179,51,5,3,2,17,0,3,1,0,53,28,27,1.47,5.24,0,0.833
¹ê¿ÍÆ®,2014,SK,11,0,0,11,0,9,0,1,0,0,66.667,282,248,56,6,2,1,26,1,5,1,0,56,27,23,1.23,3.11,0.9,0.938
¹êÇìÄË,2012,NEX,28,0,0,28,0,11,0,8,0,0,170,716,635,166,16,17,1,60,1,3,11,0,132,68,62,1.33,3.28,0.579,1
¹êÇìÄË,2013,NEX,29,0,0,29,0,12,0,10,0,0,161.667,705,621,178,11,11,5,58,0,10,11,1,137,78,67,1.46,3.73,0.545,0.902
¹êÇìÄË,2014,NEX,31,0,0,31,0,20,0,6,0,0,187,788,716,193,9,10,6,53,0,3,6,2,178,81,73,1.32,3.51,0.769,0.979
¹ø»çÀÌ,2010,NEX,29,0,0,29,0,10,0,10,0,0,140,655,538,150,16,9,8,82,0,18,8,1,98,91,83,1.66,5.34,0.5,1
º¥´øÇæ,2013,SAM,24,0,0,24,0,7,0,9,0,0,143.667,612,533,127,11,16,4,48,2,11,3,0,137,67,63,1.22,3.95,0.438,0.903
º¥´øÇæ,2014,SAM,25,1,0,25,1,13,0,4,0,0,152.667,622,563,125,15,7,2,45,0,5,4,0,180,54,54,1.11,3.18,0.765,1
º¯Áø¼ö,2012,DOO,31,0,0,0,5,4,4,0,1,2,31.667,118,100,15,0,3,1,11,1,3,1,0,18,6,6,0.82,1.71,1,1
º¯Áø¼ö,2013,DOO,38,0,0,0,12,2,2,1,0,6,38.333,170,139,37,2,2,2,19,0,8,2,0,20,21,20,1.46,4.7,0.667,1
º¯Áø¼ö,2014,DOO,31,0,0,0,6,0,0,0,0,3,33.667,141,124,35,3,2,1,10,0,4,1,1,29,21,19,1.34,5.08,,1
ºÀÁß±Ù,2010,LG,28,0,0,28,0,10,0,9,0,0,178.333,752,645,166,13,19,5,69,2,14,11,1,130,74,71,1.32,3.58,0.526,1
ºÀÁß±Ù,2011,LG,4,0,0,3,0,1,0,2,0,0,16.333,75,57,13,1,3,1,9,0,5,0,1,7,9,9,1.35,4.96,0.333,1
ºÀÁß±Ù,2012,LG,40,0,0,0,34,0,0,1,26,0,38,152,135,26,1,3,0,10,0,4,1,0,36,5,5,0.95,1.18,0,0.9
ºÀÁß±Ù,2013,LG,55,0,0,0,50,8,8,1,38,0,61,241,206,44,2,5,0,27,3,3,3,0,54,10,9,1.16,1.33,0.889,0.941
ºÀÁß±Ù,2014,LG,50,0,0,0,39,2,2,4,30,0,49.667,216,193,51,2,2,0,17,2,4,6,0,45,16,16,1.37,2.9,0.333,0.929
ºÎ½Ã,2012,SK,17,0,0,15,0,4,0,6,0,0,81.333,356,306,80,8,9,2,31,1,8,3,0,45,45,40,1.36,4.43,0.4,0.938
ºÎ¿¡³ë,2010,HAN,9,0,0,5,0,1,0,3,0,0,29.667,144,117,38,7,3,1,19,1,4,4,0,23,33,30,1.92,9.1,0.25,0.889
ºÎÃ½,2011,LOT,11,0,0,9,0,4,0,2,0,0,53.333,227,200,55,8,3,2,21,0,1,3,0,39,32,30,1.43,5.06,0.667,1
ºô·Î¿ì,2013,KIA,11,0,0,8,1,3,1,2,1,0,47,208,176,45,1,2,3,26,1,1,2,0,38,26,21,1.51,4.02,0.6,0.923
»çµµ½º,2010,LOT,27,0,0,26,0,10,1,8,0,0,169.667,713,634,153,17,13,4,54,0,8,11,1,120,83,73,1.22,3.87,0.556,0.963
»çµµ½º,2011,LOT,25,0,0,25,0,11,0,8,0,0,140.333,587,509,130,15,15,5,52,1,6,11,0,79,64,61,1.3,3.91,0.579,1
»çµµ½º,2012,LOT,29,1,0,28,1,8,0,8,0,1,150,656,570,154,9,6,5,69,0,6,16,0,98,75,72,1.49,4.32,0.5,1
¼­µ¿È¯,2011,DOO,11,0,0,3,6,1,0,2,0,0,22,102,83,25,2,1,3,11,0,4,4,0,13,11,11,1.64,4.5,0.333,1
¼­µ¿È¯,2012,DOO,10,0,0,1,3,0,0,0,1,0,14.667,70,54,17,0,1,2,12,1,1,3,0,17,14,14,1.98,8.59,,1
¼­µ¿È¯,2013,DOO,8,0,0,1,5,0,0,1,0,0,16.667,77,59,15,0,2,1,14,0,1,4,0,4,8,8,1.74,4.32,0,1
¼­µ¿È¯,2014,SAM,2,0,0,0,1,0,0,0,0,0,1,5,4,1,0,0,0,0,0,1,0,0,1,0,0,1,0,,0
¼­½ÂÈ­,2010,LG,12,1,0,9,1,1,0,5,0,0,52,257,203,65,4,3,4,42,1,5,8,0,41,41,39,2.06,6.75,0.167,0.889
¼­ÀçÀÀ,2010,KIA,24,0,0,23,1,9,0,7,0,0,140,572,523,134,10,9,0,29,1,11,1,0,68,53,52,1.16,3.34,0.563,0.975
¼­ÀçÀÀ,2011,KIA,30,1,0,22,5,8,0,9,2,2,130.333,562,506,144,7,6,3,36,3,11,3,0,84,68,62,1.38,4.28,0.471,1
¼­ÀçÀÀ,2013,KIA,19,0,0,16,0,5,0,9,0,0,84,394,341,116,5,8,8,33,3,4,3,0,36,69,61,1.77,6.54,0.357,1
¼­ÀçÀÀ,2014,KIA,29,2,2,27,2,9,0,8,0,0,160,663,590,143,7,13,2,51,5,7,0,0,97,51,46,1.21,2.59,0.529,0.971
¼º¿µÈÆ,2010,DOO,15,0,0,0,6,0,0,1,0,0,16.333,75,65,19,0,2,1,4,0,3,2,0,12,10,9,1.41,4.96,0,0.75
¼¼µç,2013,SK,30,1,0,30,1,14,0,6,0,0,187.333,780,685,169,14,9,2,73,2,11,16,1,160,65,62,1.29,2.98,0.7,0.971
¼ÇÇî,2012,HAN,14,0,0,1,4,0,0,2,0,1,15,73,63,24,2,3,1,6,0,0,3,0,19,16,14,2,8.4,0,0.875
¼Ò»ç,2012,KIA,23,4,1,23,4,9,0,8,0,0,147.333,614,544,137,9,17,6,39,1,8,3,1,104,62,58,1.19,3.54,0.529,0.852
¼Ò»ç,2013,KIA,29,0,0,28,0,9,0,9,0,1,164.667,748,658,196,11,8,5,68,3,9,10,1,143,111,100,1.6,5.47,0.5,0.958
¼Ò»ç,2014,NEX,20,0,0,20,0,10,0,2,0,0,125,537,482,140,18,7,0,45,0,3,3,0,98,66,64,1.48,4.61,0.833,0.864
¼Õµ¿¿í,2013,KIA,13,0,0,0,2,0,0,0,0,0,11.667,61,44,15,2,1,4,10,0,2,1,1,10,16,16,2.14,12.34,,1
¼Õ¹ÎÇÑ,2013,NC,28,0,0,6,16,5,2,6,9,3,60.333,250,218,56,4,6,0,23,4,3,1,0,22,24,23,1.31,3.43,0.455,1
¼Õ¹ÎÇÑ,2014,NC,52,0,0,1,10,4,4,4,1,9,48.333,210,188,56,5,4,1,14,1,3,3,0,23,20,19,1.45,3.54,0.5,0.882
¼Õ½Â¶ô,2010,NEX,53,0,0,0,46,2,2,3,26,1,63.333,245,221,47,2,4,1,17,6,2,5,0,64,20,18,1.01,2.56,0.4,0.95
¼Õ½Â¶ô,2011,NEX,49,0,0,0,34,4,4,2,17,2,52.333,202,185,41,2,3,0,13,1,1,0,0,41,12,11,1.03,1.89,0.667,1
¼Õ½Â¶ô,2012,NEX,53,0,0,0,45,3,3,2,33,0,50.333,203,184,50,2,4,0,15,2,0,2,0,47,12,12,1.29,2.15,0.6,0.917
¼Õ½Â¶ô,2013,NEX,57,0,0,0,53,3,3,2,46,0,62.667,249,227,50,1,0,1,20,3,1,4,0,52,17,16,1.12,2.3,0.6,1
¼Õ½Â¶ô,2014,NEX,62,0,0,0,58,3,3,5,32,0,62.333,259,243,69,6,1,2,11,0,2,3,0,53,30,30,1.28,4.33,0.375,0.909
¼Õ¿µ¹Î,2010,KIA,67,0,0,0,6,3,3,5,1,18,68,295,254,73,8,6,3,25,3,7,1,0,48,36,35,1.44,4.63,0.375,1
¼Õ¿µ¹Î,2011,KIA,59,0,0,0,11,9,9,6,5,10,87.667,361,315,73,4,5,4,26,3,11,0,1,66,34,30,1.13,3.08,0.6,0.938
¼Õ¿µ¹Î,2012,KIA,18,0,0,0,3,2,2,2,1,1,15.333,69,62,18,2,2,0,2,0,3,0,0,18,13,13,1.3,7.63,0.5,1
¼ÕÁ¤¿í,2013,NC,32,0,0,0,6,0,0,1,0,1,20.333,83,66,15,2,4,2,9,1,2,0,1,10,5,4,1.18,1.77,0,1
¼ÕÁ¤¿í,2014,NC,67,0,0,0,5,2,2,1,1,16,44,194,161,40,3,4,3,25,0,1,3,0,38,24,23,1.48,4.7,0.667,1
¼Û½ÂÁØ,2010,LOT,27,1,0,27,1,14,0,6,0,0,168,709,622,156,20,13,4,60,4,9,10,0,113,90,82,1.29,4.39,0.7,0.978
¼Û½ÂÁØ,2011,LOT,30,0,0,29,1,13,0,10,0,0,172.333,730,642,181,17,17,5,59,1,7,6,1,126,84,80,1.39,4.18,0.565,0.977
¼Û½ÂÁØ,2012,LOT,2,0,0,1,0,0,0,0,0,0,9,39,35,9,0,0,0,4,1,0,0,1,2,4,0,1.44,0,,
¼Û½ÂÁØ,2013,LOT,29,0,0,29,0,12,0,6,0,0,167.667,720,640,171,11,9,3,64,0,4,4,0,133,74,70,1.4,3.76,0.667,0.936
¼Û½ÂÁØ,2014,LOT,28,0,0,28,0,7,0,11,0,0,163,687,596,158,12,23,3,57,0,8,5,0,117,73,60,1.32,3.31,0.389,0.943
¼Û½Å¿µ,2010,NEX,65,0,0,0,14,5,5,5,1,14,77,341,288,75,5,6,4,40,4,3,4,0,63,38,36,1.49,4.21,0.5,1
¼Û½Å¿µ,2011,LG,62,0,0,0,29,3,3,3,19,7,72.333,302,269,67,4,5,3,20,4,5,4,0,57,19,18,1.2,2.24,0.5,1
¼Û½Å¿µ,2012,HAN,24,0,0,0,4,1,1,3,0,2,23.667,117,99,37,3,4,2,8,1,4,2,0,17,16,13,1.9,4.94,0.25,1
¼Û½Å¿µ,2013,NEX,61,0,0,0,9,4,4,3,1,15,61.667,266,215,52,1,7,3,33,1,8,3,0,43,22,22,1.38,3.21,0.571,1
¼Û½Å¿µ,2014,NEX,41,0,0,0,11,2,2,1,0,2,42.333,197,172,57,7,4,1,16,1,4,3,0,28,33,31,1.72,6.59,0.667,0.833
¼ÛÀ±ÁØ,2013,LG,1,0,0,0,1,0,0,0,0,0,1,5,5,2,0,0,0,0,0,0,0,0,1,1,1,2,9,,0
¼ÛÀº¹ü,2010,SK,44,0,0,18,18,8,2,5,8,4,125,519,455,103,12,7,3,48,7,6,5,0,91,38,32,1.21,2.3,0.615,0.941
¼ÛÀº¹ü,2011,SK,38,0,0,11,7,8,5,8,1,4,78.667,343,285,71,10,8,3,45,3,2,5,0,55,34,30,1.47,3.43,0.5,1
¼ÛÀº¹ü,2012,SK,20,0,0,19,1,8,0,3,0,0,97.667,413,355,98,6,8,4,44,0,2,4,0,72,45,45,1.45,4.15,0.727,1
¼ÛÀº¹ü,2013,KIA,41,0,0,4,18,1,1,7,5,6,49,240,202,71,4,6,5,27,1,0,9,0,29,41,40,2,7.35,0.125,1
¼ÛÀº¹ü,2014,KIA,27,0,0,11,2,4,1,8,0,0,78.667,390,331,114,11,6,5,43,0,5,12,0,60,73,64,2,7.32,0.333,1
¼ÛÃ¢½Ä,2010,HAN,12,0,0,0,5,0,0,0,0,0,17.667,75,69,17,1,0,1,5,0,0,2,0,11,8,8,1.25,4.08,,0.8
¼ÛÃ¢½Ä,2011,HAN,34,0,0,5,8,4,3,3,0,0,61,284,251,75,11,1,2,23,0,7,8,0,52,43,43,1.61,6.34,0.571,1
¼ÛÃ¢½Ä,2012,HAN,47,0,0,3,10,4,2,3,1,12,74.333,298,255,45,7,9,3,26,2,5,3,0,66,24,24,0.96,2.91,0.571,0.95
¼ÛÃ¢½Ä,2013,HAN,57,0,0,0,43,4,4,6,20,0,71,310,259,63,3,8,3,36,5,4,3,1,67,27,27,1.39,3.42,0.4,0.889
¼ÛÃ¢½Ä,2014,HAN,26,0,0,1,4,1,1,3,1,3,29,138,117,35,9,3,1,14,1,3,2,0,21,24,24,1.69,7.45,0.25,1
¼ÛÃ¢Çö,2013,HAN,30,0,0,14,9,2,1,8,0,0,82.667,348,288,58,9,5,3,47,0,5,4,2,46,40,34,1.27,3.7,0.2,1
¼ÛÃ¢Çö,2014,HAN,20,0,0,17,0,1,0,9,0,0,79.333,390,314,104,11,6,7,60,2,3,4,0,30,69,59,2.07,6.69,0.1,0.818
½Åµ¿ÈÆ,2012,LG,3,0,0,0,0,0,0,0,0,0,4,16,13,1,0,0,0,2,0,1,0,0,6,1,1,0.75,2.25,,0
½Åµ¿ÈÆ,2014,LG,5,0,0,0,2,1,1,0,0,0,10.333,45,35,10,0,0,2,5,0,3,0,0,4,5,4,1.45,3.48,1,0
½Å½ÂÇö,2011,SK,4,0,0,1,1,1,1,0,0,0,4,20,19,9,0,1,0,0,0,0,1,0,3,4,4,2.25,9,1,1
½Å½ÂÇö,2012,SK,5,0,0,1,3,0,0,1,0,0,6,29,26,8,0,0,0,2,0,1,0,0,2,7,7,1.67,10.5,0,1
½Å½ÂÇö,2013,KIA,55,0,0,0,7,1,1,1,0,8,51.667,244,200,49,5,1,0,35,2,8,4,0,55,35,28,1.63,4.88,0.5,0.875
½Å½ÂÇö,2014,LG,11,0,0,0,4,0,0,0,0,1,15.333,81,68,21,2,0,0,9,0,4,2,0,12,15,10,1.96,5.87,,0.75
½Å¿ë¿î,2011,KIA,4,0,0,0,3,0,0,0,0,0,5.333,23,18,2,0,0,0,4,0,1,0,0,3,2,1,1.13,1.69,,0
½Å¿ë¿î,2013,SAM,44,0,0,0,10,2,2,0,0,2,40,156,136,26,5,2,2,16,1,0,1,0,36,9,9,1.05,2.03,1,1
½ÅÀ±È£,2014,SK,2,0,0,1,1,0,0,0,0,0,3,17,15,8,1,0,0,2,0,0,0,0,1,3,3,3.33,9,,1
½ÅÀç¿õ,2012,LG,12,0,0,11,0,5,0,2,0,0,57.667,241,212,53,5,2,1,23,0,3,3,1,30,23,23,1.32,3.59,0.714,0.929
½ÅÀç¿õ,2013,LG,18,0,0,10,2,4,1,4,0,0,56,227,203,52,4,2,1,18,1,3,1,1,21,21,19,1.25,3.05,0.5,1
½ÅÀç¿õ,2014,LG,57,0,0,2,10,8,8,3,0,8,64,271,235,62,7,4,4,26,0,2,1,0,46,29,27,1.38,3.8,0.727,0.944
½ÅÁ¤¶ô,2010,LG,24,0,0,0,4,0,0,1,0,2,25.667,129,100,25,1,1,0,22,0,6,1,0,24,23,18,1.83,6.31,0,0.571
½ÅÁ¤¶ô,2011,LG,11,0,0,0,0,0,0,0,0,1,17.667,74,64,12,0,1,0,8,0,1,2,0,19,4,2,1.13,1.02,,1
½ÅÁ¤¶ô,2012,LG,1,0,0,0,1,0,0,0,0,0,0.667,3,2,0,0,0,0,1,1,0,2,0,0,1,0,1.5,0,,0
½ÅÁ¤¶ô,2013,LG,26,0,0,21,3,9,2,5,0,0,122.667,525,466,128,8,5,8,30,1,16,1,0,82,62,58,1.29,4.26,0.643,0.903
½ÅÁ¤¶ô,2014,LG,15,0,0,7,1,1,1,3,0,0,51.333,220,194,53,8,4,1,16,1,5,1,0,39,38,38,1.34,6.66,0.25,0.857
½ÅÁ¤ÀÍ,2011,HAN,42,0,0,0,8,4,4,2,2,1,35,166,148,50,1,3,2,12,1,1,1,0,22,27,25,1.77,6.43,0.667,1
½ÅÁ¤ÀÍ,2012,SK,3,0,0,0,1,0,0,0,0,0,3.333,14,13,3,1,0,0,0,0,1,0,0,0,2,2,0.9,5.4,,0
½ÅÁ¤ÀÍ,2012,HAN,3,0,0,0,0,0,0,0,0,0,3.333,17,15,5,2,0,0,1,0,1,0,0,2,7,6,1.8,16.2,,1
½ÅÁ¤ÀÍ,2013,SK,1,0,0,0,1,0,0,0,0,0,1.333,8,6,2,1,0,1,1,0,0,1,0,0,2,1,2.25,6.75,,0
½ÅÃ¢È£,2012,KIA,7,0,0,0,3,0,0,0,0,0,6.667,33,28,10,1,0,0,5,0,0,1,0,5,7,7,2.25,9.45,,1
½ÅÃ¢È£,2013,KIA,18,0,0,0,9,0,0,2,0,0,21.333,109,91,29,3,2,1,15,0,0,1,0,17,14,14,2.06,5.91,0,1
½ÅÃ¢È£,2014,KIA,27,0,0,1,16,0,0,1,0,0,38,181,150,40,3,0,5,24,0,2,4,0,33,29,26,1.68,6.16,0,1
½ÅÇØ¼ö,2010,HAN,2,0,0,0,1,0,0,0,0,0,2,7,7,2,0,0,0,0,0,0,0,0,1,0,0,1,0,,0
½É±Ô¹ü,2014,LOT,1,0,0,0,1,0,0,0,0,0,1,3,3,0,0,0,0,0,0,0,0,0,1,0,0,0,0,,0
½Éµ¿¼·,2010,KIA,5,0,0,0,1,0,0,0,0,1,2.667,13,11,3,0,0,0,2,0,0,0,0,0,2,2,1.88,6.75,,0
½Éµ¿¼·,2011,KIA,57,0,0,0,11,3,3,1,2,7,55.333,237,199,37,1,3,0,31,1,4,4,0,67,21,17,1.23,2.77,0.75,0.857
½Éµ¿¼·,2012,KIA,10,0,0,3,0,0,0,2,0,1,17.333,86,70,22,2,3,0,13,0,0,4,1,10,17,12,2.02,6.23,0,0.833
½Éµ¿¼·,2013,KIA,28,0,0,0,4,0,0,2,0,3,25,118,92,20,1,1,2,19,0,4,6,0,27,13,9,1.56,3.24,0,1
½Éµ¿¼·,2014,KIA,57,0,0,0,9,1,1,5,4,9,45.667,209,169,44,3,8,1,28,1,3,4,0,46,30,28,1.58,5.52,0.167,0.824
½É¼öÃ¢,2010,LG,12,0,0,6,1,0,0,4,0,1,35.667,174,151,58,3,2,2,15,1,4,1,0,7,30,30,2.05,7.57,0,1
½É¼öÃ¢,2011,NEX,28,0,0,21,2,2,0,13,0,0,109.667,498,437,138,12,12,1,42,0,6,6,0,52,67,61,1.64,5.01,0.133,0.96
½É¼öÃ¢,2012,NEX,21,0,0,3,9,0,0,5,0,0,40.667,198,170,58,3,4,1,21,1,2,2,0,24,36,33,1.94,7.3,0,1
½É¼öÃ¢,2014,LOT,11,0,0,0,10,0,0,0,2,0,19.667,89,80,24,7,1,0,8,0,0,1,0,14,20,20,1.63,9.15,,1
½ÉÃ¢¹Î,2012,SAM,37,0,0,0,9,2,2,2,1,5,39.333,159,136,26,0,3,1,17,0,2,3,0,41,8,8,1.09,1.83,0.5,1
½ÉÃ¢¹Î,2013,SAM,50,0,0,0,7,1,1,0,2,14,50.333,201,175,35,3,2,1,19,2,4,1,1,57,15,15,1.07,2.68,1,1
½ÉÃ¢¹Î,2014,SAM,52,0,0,0,10,5,5,2,0,8,38.333,188,150,42,7,5,3,26,2,4,2,0,38,33,29,1.77,6.81,0.714,0.857
¾Æ´ã,2013,NC,17,0,0,16,0,4,0,8,0,0,91.667,383,342,93,12,10,3,27,0,1,4,2,70,48,42,1.31,4.12,0.333,0.966
¾È±Ô¿µ,2011,DOO,6,0,0,2,1,0,0,2,0,0,22.333,105,91,33,7,4,1,8,0,1,1,0,11,22,22,1.84,8.87,0,1
¾È±Ô¿µ,2012,DOO,10,0,0,1,3,0,0,0,0,1,13.667,60,52,15,0,2,0,6,0,0,0,0,6,6,6,1.54,3.95,,1
¾È±Ô¿µ,2013,DOO,3,0,0,1,1,0,0,0,0,0,5.667,32,26,11,3,0,0,6,0,0,0,0,3,9,9,3,14.29,,1
¾È½Â¹Î,2010,HAN,25,0,0,8,6,4,1,4,0,0,63,280,262,80,10,0,1,15,0,2,2,0,28,43,38,1.51,5.43,0.5,1
¾È½Â¹Î,2011,HAN,29,0,0,28,0,7,0,9,0,0,139,618,565,177,22,8,7,30,0,8,2,1,90,101,91,1.49,5.89,0.438,0.967
¾È½Â¹Î,2012,HAN,62,0,0,4,35,3,3,7,16,5,72,305,270,69,6,3,6,21,1,5,5,0,53,41,38,1.25,4.75,0.3,1
¾È½Â¹Î,2013,HAN,18,0,0,3,3,3,2,4,0,2,33.667,161,146,51,5,1,4,9,2,1,3,0,12,31,28,1.78,7.49,0.429,0.933
¾È¿µ¸í,2010,KIA,47,0,0,3,14,6,5,8,3,3,69.333,319,274,80,15,5,2,35,1,3,3,0,82,54,52,1.66,6.75,0.429,1
¾È¿µ¸í,2011,HAN,3,0,0,0,0,0,0,0,0,0,4.333,24,20,7,2,1,1,2,0,0,0,0,4,6,2,2.08,4.15,,1
¾È¿µ¸í,2014,HAN,48,0,0,6,10,7,7,6,4,6,97.667,447,383,114,8,9,6,36,1,13,3,0,64,59,49,1.54,4.52,0.538,0.962
¾È¿µÁø,2011,HAN,5,0,0,0,3,0,0,0,0,0,5.667,24,20,5,1,1,0,2,0,1,0,0,1,2,2,1.24,3.18,,1
¾È¿µÁø,2012,HAN,4,0,0,0,0,0,0,0,0,0,5.333,30,22,7,0,0,1,6,0,1,0,0,4,10,4,2.44,6.75,,0.5
¾ÈÁö¸¸,2010,SAM,67,0,0,0,25,9,9,3,9,8,92,363,324,74,6,4,3,25,0,7,4,0,95,32,28,1.08,2.74,0.75,1
¾ÈÁö¸¸,2011,SAM,47,0,0,5,4,11,8,5,0,17,86,352,317,74,3,5,6,20,0,4,2,0,77,30,27,1.09,2.83,0.688,1
¾ÈÁö¸¸,2012,SAM,56,0,0,0,8,1,1,2,0,28,63.333,246,218,42,1,6,2,20,2,0,1,0,58,12,12,0.98,1.71,0.333,1
¾ÈÁö¸¸,2013,SAM,54,0,0,0,13,6,6,2,0,22,63.667,254,224,46,3,2,2,23,2,3,5,0,60,23,22,1.08,3.11,0.75,0.929
¾ÈÁö¸¸,2014,SAM,55,0,0,0,10,6,6,3,1,27,62.333,263,218,51,5,6,5,30,2,4,4,0,67,27,26,1.3,3.75,0.667,0.938
¾Ø¼­´Ï,2012,KIA,32,0,0,27,1,11,1,13,1,0,171.667,745,656,174,15,10,5,67,2,7,5,1,94,84,73,1.4,3.83,0.458,0.918
¾Ø¼­´Ï,2013,KIA,30,0,0,0,25,0,0,3,20,0,36,159,138,42,1,1,2,15,0,3,0,0,25,18,18,1.58,4.5,0,1
¾Ù¹ö½º,2014,HAN,28,1,1,28,1,6,0,13,0,0,151.333,673,614,200,18,7,8,40,0,4,9,0,107,108,99,1.59,5.89,0.316,1
¾ç½ÂÁø,2010,HAN,17,0,0,11,1,1,0,5,0,0,45.333,232,192,60,10,1,2,33,0,4,5,0,37,49,45,2.05,8.93,0.167,1
¾ç½ÂÁø,2011,LG,5,0,0,0,1,0,0,0,0,0,2.333,14,9,2,0,0,0,5,0,0,0,0,3,1,1,3,3.86,,0
¾ç½ÂÁø,2012,LG,1,0,0,0,0,0,0,0,0,0,0.667,7,4,3,0,0,1,2,0,0,0,0,0,3,3,7.5,40.5,,0
¾çÇö,2011,DOO,3,0,0,1,0,0,0,1,0,0,5,25,22,8,1,0,0,3,0,0,0,0,2,3,3,2.2,5.4,0,1
¾çÇöÁ¾,2010,KIA,30,1,1,30,1,16,0,8,0,0,169.333,748,621,169,9,17,6,98,0,6,3,0,145,84,80,1.58,4.25,0.667,1
¾çÇöÁ¾,2011,KIA,28,1,0,22,3,7,0,9,0,0,106.333,492,404,116,9,12,3,69,0,4,2,0,74,74,73,1.74,6.18,0.438,1
¾çÇöÁ¾,2012,KIA,28,0,0,5,7,1,1,2,0,2,41,201,156,51,3,8,2,31,1,4,5,0,26,25,23,2,5.05,0.333,0.786
¾çÇöÁ¾,2013,KIA,19,1,0,17,1,9,1,3,0,0,104.667,443,383,99,10,8,3,43,0,6,3,1,95,38,36,1.36,3.1,0.75,1
¾çÇöÁ¾,2014,KIA,29,0,0,29,0,16,0,8,0,0,171.333,732,641,162,12,7,3,77,1,4,5,0,165,85,81,1.39,4.25,0.667,0.941
¾çÈÆ,2010,HAN,46,0,0,0,20,4,4,5,8,3,46,215,185,54,8,3,0,21,2,6,2,0,38,35,33,1.63,6.46,0.444,1
¾çÈÆ,2011,HAN,27,1,1,26,1,6,0,10,0,0,143,625,556,145,15,3,1,60,1,5,4,0,110,75,68,1.43,4.28,0.375,0.967
¾çÈÆ,2012,HAN,25,0,0,15,3,4,1,7,0,1,93.333,402,342,95,7,11,4,44,1,1,8,0,44,58,55,1.49,5.3,0.364,1
¾î¼¾½Ã,2014,KIA,46,0,0,0,41,4,4,1,20,0,46.667,207,189,49,5,0,2,14,0,2,5,0,56,24,21,1.35,4.05,0.8,0.733
¾öÁ¤¿í,2010,SK,34,0,0,6,5,4,3,3,0,0,66,295,243,62,6,7,2,40,0,3,10,0,67,46,46,1.55,6.27,0.571,1
¾öÁ¤¿í,2011,SK,20,0,0,9,10,3,1,2,6,0,50.667,199,176,33,4,3,0,19,0,1,3,0,64,12,12,1.03,2.13,0.6,1
¾öÁ¤¿í,2012,SK,49,0,0,0,16,4,4,5,3,12,56.333,232,197,46,5,7,0,24,2,4,1,0,44,21,20,1.24,3.2,0.444,0.75
¾öÁ¤¿í,2014,SK,5,0,0,0,0,0,0,1,0,0,3,17,13,4,1,0,0,4,0,0,4,0,3,3,3,2.67,9,0,0
¿©°Ç¿í,2013,SK,10,0,0,6,3,1,0,3,0,0,25,124,100,29,5,1,0,21,0,2,1,0,12,24,24,2,8.64,0.25,1
¿©°Ç¿í,2014,SK,28,0,0,7,8,3,1,3,0,0,69.667,310,279,81,16,1,2,28,3,0,2,0,50,50,48,1.56,6.2,0.5,1
¿À³Ú¸®,2011,HAN,27,0,0,0,18,4,4,1,6,1,29.333,130,111,29,4,4,1,12,3,2,2,0,24,19,19,1.4,5.83,0.8,1
¿À»ó¹Î,2010,LG,65,0,0,0,7,1,1,1,0,15,47,202,179,52,9,8,3,9,1,3,2,0,28,23,23,1.3,4.4,0.5,0.857
¿À»ó¹Î,2011,LG,11,0,0,0,0,0,0,0,0,1,5,20,18,4,0,1,0,1,0,0,0,0,3,1,1,1,1.8,,0
¿À¼º¹Î,2011,SK,3,0,0,0,2,0,0,0,0,0,4,16,13,2,0,0,0,3,0,0,0,0,3,0,0,1.25,0,,0
¿À½ÂÈ¯,2010,SAM,16,0,0,0,9,0,0,0,4,0,14,60,54,13,4,1,0,5,0,0,1,0,19,7,7,1.29,4.5,,1
¿À½ÂÈ¯,2011,SAM,54,0,0,0,52,1,1,0,47,0,57,204,193,27,2,0,0,11,0,0,1,0,76,4,4,0.67,0.63,1,1
¿À½ÂÈ¯,2012,SAM,50,0,0,0,46,2,2,1,37,0,55.667,215,192,33,1,5,2,13,4,3,2,0,81,12,12,0.83,1.94,0.667,1
¿À½ÂÈ¯,2013,SAM,48,0,0,0,46,4,4,1,28,0,51.667,196,183,33,4,1,0,10,0,2,0,0,54,13,10,0.83,1.74,0.8,0.923
¿ÀÀç¿µ,2010,NEX,69,0,0,0,1,1,1,1,0,9,45.333,187,164,39,4,5,1,15,0,2,2,0,28,15,12,1.19,2.38,0.5,0.8
¿ÀÀç¿µ,2011,NEX,64,0,0,0,4,2,2,2,1,20,43.333,178,151,38,4,5,3,18,0,1,2,0,29,19,17,1.29,3.53,0.5,0.917
¿ÀÀç¿µ,2012,NEX,26,0,0,0,5,1,1,3,1,4,26,113,96,26,6,2,1,13,0,1,1,0,18,15,15,1.5,5.19,0.25,1
¿ÀÀç¿µ,2013,NEX,10,0,0,7,0,4,0,0,0,1,41.333,169,148,28,1,0,2,18,1,1,3,1,31,13,11,1.11,2.4,1,1
¿ÀÀç¿µ,2014,NEX,21,0,0,14,1,5,1,6,0,0,74,341,297,99,14,5,3,33,0,3,2,0,31,59,53,1.78,6.45,0.455,0.88
¿ÀÁØÇü,2012,KIA,1,0,0,0,0,0,0,0,0,0,2,7,7,1,0,0,0,0,0,0,0,0,0,0,0,0.5,0,,0
¿ÀÁØÇü,2013,KIA,3,0,0,0,3,0,0,0,0,0,5,25,23,8,1,0,0,1,0,1,2,0,5,4,4,1.8,7.2,,0
¿ÀÄ«¸ð,2010,LG,46,0,0,0,37,5,5,3,16,1,48,205,167,36,6,4,1,29,5,4,5,0,40,17,16,1.35,3,0.625,1
¿ÀÇöÅÃ,2010,DOO,12,0,0,0,5,1,1,0,0,0,15.333,69,63,18,2,0,0,6,0,0,0,0,11,12,11,1.57,6.46,1,1
¿ÀÇöÅÃ,2013,DOO,67,0,0,0,16,5,5,3,5,7,73.333,302,268,65,6,4,3,19,3,8,1,0,65,23,22,1.15,2.7,0.625,0.917
¿ÀÇöÅÃ,2014,DOO,58,0,0,2,14,4,4,3,0,4,66.667,300,271,81,6,3,3,18,1,5,0,0,56,28,27,1.49,3.65,0.571,0.75
¿Á½ºÇÁ,2013,LOT,30,1,1,30,1,13,0,7,0,0,183.333,774,673,164,10,15,6,69,1,11,2,0,144,79,67,1.27,3.29,0.65,1
¿Á½ºÇÁ,2014,LOT,32,0,0,31,1,10,0,8,0,0,184.333,781,697,184,20,12,4,63,1,5,1,0,130,93,86,1.34,4.2,0.556,0.953
¿Ã½¼,2013,DOO,10,0,0,10,0,1,0,1,0,0,38.667,180,144,41,2,3,1,27,0,5,5,0,35,30,28,1.76,6.52,0.5,0.778
¿Ð·Ðµå,2010,DOO,29,0,0,21,2,7,1,9,0,0,129,584,498,143,13,15,7,54,0,10,7,0,100,84,71,1.53,4.95,0.438,0.879
¿ì±Ô¹Î,2012,LG,58,0,0,3,14,4,3,4,1,9,92.667,396,356,96,2,7,1,23,8,9,2,1,57,41,34,1.28,3.3,0.5,1
¿ì±Ô¹Î,2013,LG,30,1,1,25,1,10,0,8,0,2,147.333,635,581,162,5,6,5,31,2,12,2,0,92,67,64,1.31,3.91,0.556,1
¿ì±Ô¹Î,2014,LG,29,0,0,28,1,11,0,5,0,0,153.667,653,599,170,11,4,4,34,1,12,2,0,103,78,69,1.33,4.04,0.688,1
¿ïÇÁ,2014,SK,23,0,0,13,9,2,1,2,4,0,85.333,364,327,88,10,3,1,27,0,6,1,0,41,48,46,1.35,4.85,0.5,0.867
¿ø¿ë¹¬,2010,DOO,9,0,0,0,3,0,0,0,0,0,7.333,33,27,7,0,1,1,4,0,0,2,0,4,5,4,1.5,4.91,,1
¿ø¿ë¹¬,2013,DOO,1,0,0,0,1,0,0,0,0,0,1,6,4,1,0,0,0,2,0,0,0,0,0,1,1,3,9,,0
¿øÁ¾Çö,2014,NC,73,0,0,0,3,5,5,3,1,11,71,311,264,62,7,6,2,31,3,8,5,0,73,36,32,1.31,4.06,0.625,0.95
À¯°æ±¹,2010,LG,1,0,0,0,1,0,0,0,0,0,1,7,6,3,0,0,0,1,0,0,0,0,1,2,2,4,18,,0
À¯µ¿ÈÆ,2010,KIA,48,0,0,0,29,3,3,2,14,1,47.333,196,174,46,1,5,0,10,4,7,0,0,32,20,15,1.18,2.85,0.6,0.95
À¯µ¿ÈÆ,2011,KIA,47,0,0,0,25,3,3,3,7,2,48,201,180,51,4,4,1,12,3,4,0,0,21,23,21,1.31,3.94,0.5,1
À¯µ¿ÈÆ,2012,KIA,43,0,0,0,15,1,1,0,6,5,34,141,126,33,0,2,1,10,0,2,0,0,29,20,20,1.26,5.29,1,1
À¯µ¿ÈÆ,2013,KIA,49,0,0,0,10,1,1,3,0,5,52.333,226,201,56,3,5,1,11,1,8,1,0,38,22,17,1.28,2.92,0.25,1
À¯¸Õ,2012,LOT,29,2,1,28,2,13,0,7,0,1,179.667,726,653,156,10,12,4,56,0,1,7,0,142,58,51,1.18,2.55,0.65,0.964
À¯¸Õ,2013,LOT,31,0,0,31,0,13,0,4,0,0,193.333,829,721,186,19,22,3,78,0,5,3,0,141,81,76,1.37,3.54,0.765,0.95
À¯¸Õ,2014,LOT,28,0,0,28,0,12,0,10,0,0,151.667,701,609,196,20,20,6,63,0,3,3,0,84,109,100,1.71,5.93,0.545,0.933
À¯¿ø»ó,2010,HAN,29,1,1,27,1,5,0,14,0,0,142.333,644,554,164,20,14,5,69,1,2,10,0,82,89,87,1.64,5.5,0.263,1
À¯¿ø»ó,2011,LG,34,0,0,4,11,1,1,5,0,3,63,279,248,75,10,7,2,20,0,2,4,0,44,46,44,1.51,6.29,0.167,1
À¯¿ø»ó,2012,LG,58,0,0,0,14,4,4,2,3,21,74,301,281,70,4,5,0,13,1,2,4,0,43,20,18,1.12,2.19,0.667,0.96
À¯¿ø»ó,2013,LG,37,0,0,0,11,2,2,1,1,8,37.667,166,151,48,2,1,1,11,2,2,3,0,19,23,20,1.57,4.78,0.667,1
À¯¿ø»ó,2014,LG,66,0,0,0,8,4,4,5,0,16,68,289,256,67,6,4,4,23,1,2,3,0,49,35,33,1.32,4.37,0.444,1
À¯Ã¢½Ä,2011,HAN,26,0,0,4,8,1,0,3,0,1,39,189,159,47,2,2,3,25,1,0,4,0,27,39,29,1.85,6.69,0.25,0.833
À¯Ã¢½Ä,2012,HAN,27,0,0,18,0,6,0,8,0,1,111.333,502,403,101,13,14,5,79,1,1,8,0,82,61,59,1.62,4.77,0.429,1
À¯Ã¢½Ä,2013,HAN,25,0,0,15,2,5,1,10,0,2,71.667,356,290,89,4,5,2,54,0,5,12,0,47,56,54,2,6.78,0.333,1
À¯Ã¢½Ä,2014,HAN,21,0,0,18,2,4,0,4,0,0,91.333,436,347,100,2,9,5,72,1,3,11,0,53,54,42,1.88,4.14,0.5,1
À¯Ã¢ÁØ,2013,DOO,5,0,0,1,2,0,0,1,0,0,9,38,35,9,1,0,0,3,0,0,1,1,5,4,4,1.33,4,0,1
À¯Ã¢ÁØ,2014,DOO,4,0,0,0,3,0,0,0,0,1,4,24,19,9,0,0,1,4,0,0,0,0,1,5,5,3.25,11.25,,1
À¯Èñ°ü,2010,DOO,5,0,0,0,3,0,0,0,0,0,3.333,17,15,5,0,0,0,1,0,1,0,0,1,4,4,1.8,10.8,,0
À¯Èñ°ü,2013,DOO,41,0,0,18,6,10,2,7,1,3,145.333,612,539,141,7,10,4,52,1,7,2,2,96,60,57,1.33,3.53,0.588,0.972
À¯Èñ°ü,2014,DOO,30,1,0,30,1,12,0,9,0,0,177.333,779,706,202,21,11,3,51,0,8,5,0,112,98,87,1.43,4.42,0.571,0.941
À±°­¹Î,2013,NC,1,0,0,0,1,0,0,0,0,0,1,7,6,3,0,0,0,1,0,0,0,0,0,3,3,4,27,,0
À±°æ¿µ,2010,HAN,2,0,0,0,0,0,0,0,0,0,3,14,13,4,0,0,0,0,0,1,0,0,4,2,2,1.33,6,,1
À±±ÔÁø,2011,HAN,17,0,0,0,5,1,1,1,0,0,19,108,82,30,2,2,0,21,1,3,6,0,20,18,18,2.68,8.53,0.5,1
À±±ÔÁø,2014,HAN,43,0,0,0,25,7,7,2,9,3,72,311,275,69,11,2,2,31,2,1,8,0,73,39,37,1.39,4.63,0.778,0.667
À±±Ù¿µ,2010,HAN,25,0,0,0,3,0,0,0,0,0,16.333,82,67,22,1,1,1,13,0,0,3,0,8,13,13,2.14,7.16,,1
À±±Ù¿µ,2011,HAN,23,0,0,1,2,0,0,0,0,1,25.667,119,102,26,1,0,0,16,0,1,4,0,25,11,11,1.64,3.86,,1
À±±Ù¿µ,2012,HAN,18,0,0,5,3,2,2,2,0,2,38.667,162,136,33,2,3,2,19,1,2,3,0,25,20,16,1.34,3.72,0.5,1
À±±Ù¿µ,2013,HAN,49,0,0,8,4,2,2,5,0,5,72,330,268,84,6,9,3,45,1,5,13,0,45,50,50,1.79,6.25,0.286,1
À±±Ù¿µ,2014,HAN,36,0,0,1,4,2,2,3,0,5,49,239,205,71,6,3,1,23,1,7,1,0,28,41,39,1.92,7.16,0.4,0.947
À±±âÈ£,2010,HAN,1,0,0,0,0,0,0,0,0,0,0,2,2,2,0,0,0,0,0,0,0,0,0,1,1,,,,
À±±âÈ£,2011,HAN,1,0,0,0,1,0,0,0,0,0,2,9,9,3,0,0,0,0,0,0,1,0,0,1,1,1.5,4.5,,1
À±±âÈ£,2014,HAN,1,0,0,0,0,0,0,0,0,0,0,3,3,3,0,0,0,0,0,0,0,0,0,2,2,,,,
À±±æÇö,2012,SK,5,0,0,0,1,0,0,0,0,0,3.333,18,15,6,1,0,0,3,0,0,0,0,1,4,4,2.7,10.8,,1
À±±æÇö,2013,SK,45,0,0,0,5,3,3,1,0,8,43.333,178,151,35,5,3,1,21,2,2,4,0,47,17,16,1.29,3.32,0.75,1
À±±æÇö,2014,SK,59,0,0,0,20,3,3,3,7,9,57.667,247,214,49,7,1,3,28,2,1,9,0,63,27,25,1.34,3.9,0.5,1
À±¸íÁØ,2012,DOO,3,0,0,0,1,0,0,0,0,0,1.333,12,9,5,0,0,0,3,0,0,1,0,0,3,3,6,20.25,,1
À±¸íÁØ,2013,DOO,34,0,0,0,11,4,4,1,4,7,45,196,174,50,0,2,1,15,1,4,1,1,35,20,20,1.44,4,0.8,1
À±¸íÁØ,2014,DOO,61,0,0,0,7,7,7,3,0,16,71.667,308,277,78,10,2,5,23,0,1,5,0,55,44,42,1.41,5.27,0.7,1
À±¼®¹Î,2010,KIA,23,1,0,13,8,6,2,3,3,0,101,432,382,95,5,10,1,36,0,3,3,0,94,48,43,1.3,3.83,0.667,1
À±¼®¹Î,2011,KIA,27,3,3,25,5,17,0,5,1,0,172.333,679,614,137,10,12,2,44,0,6,2,1,178,53,47,1.05,2.45,0.773,1
À±¼®¹Î,2013,KIA,30,1,0,11,16,3,2,6,7,2,87.667,372,332,91,9,9,2,28,0,1,0,1,76,41,39,1.36,4,0.333,0.96
À±¼®¹Î,2014,KIA,28,3,2,24,4,9,0,8,0,0,153,619,559,120,9,16,3,33,0,8,4,2,137,60,53,1,3.12,0.529,0.946
À±¼ºÈ¯,2010,SAM,28,0,0,14,3,3,0,6,0,1,80.667,363,337,104,12,1,4,19,0,2,1,0,54,55,53,1.52,5.91,0.333,1
À±¼ºÈ¯,2011,SAM,24,0,0,23,0,14,1,5,0,0,137.333,584,536,151,8,12,3,30,0,3,4,0,83,62,54,1.32,3.54,0.737,1
À±¼ºÈ¯,2012,SAM,19,1,0,19,1,9,0,6,0,0,114,469,424,112,6,12,3,26,0,4,5,0,81,36,36,1.21,2.84,0.6,1
À±¼ºÈ¯,2013,SAM,27,1,1,27,1,13,0,8,0,0,170.667,702,646,167,16,9,6,37,0,4,4,0,122,69,62,1.2,3.27,0.619,0.962
À±¼ºÈ¯,2014,SAM,28,1,1,28,1,12,0,7,0,0,170.333,728,665,196,18,12,6,37,0,8,4,0,133,87,83,1.37,4.39,0.632,1
À±¿µ»ï,2014,NEX,1,0,0,0,1,0,0,0,0,0,4,27,21,11,3,0,0,6,0,0,0,0,4,12,12,4.25,27,,1
À±Áö¿õ,2011,NEX,53,0,0,0,3,2,2,0,0,9,28.667,126,106,34,4,3,3,14,0,0,4,0,19,15,13,1.67,4.08,1,0.889
À±Áö¿õ,2014,LG,53,0,0,0,6,1,1,2,0,6,36,166,143,40,4,4,0,16,1,3,1,0,34,20,17,1.56,4.25,0.333,1
À±Çü¹è,2014,NC,2,0,0,0,2,0,0,0,0,0,3.333,18,17,8,3,0,0,0,0,1,1,0,3,5,5,2.4,13.5,,0
À±Èñ»ó,2010,SK,4,0,0,0,3,0,0,0,0,0,5,22,20,6,0,0,0,2,0,0,0,0,2,2,2,1.6,3.6,,0
À±Èñ»ó,2011,SK,20,0,0,7,5,3,0,1,0,0,46.667,207,186,55,8,5,1,12,0,3,1,1,32,27,25,1.44,4.82,0.75,1
À±Èñ»ó,2012,SK,2,1,0,2,1,0,0,2,0,0,15,62,52,10,1,3,0,6,1,1,2,0,8,5,4,1.07,2.4,0,
À±Èñ»ó,2013,SK,25,1,0,23,1,8,0,6,0,0,151.333,642,572,147,17,11,8,44,0,7,3,1,120,72,65,1.26,3.87,0.571,0.939
À±Èñ»ó,2014,SK,28,0,0,28,0,10,0,9,0,0,163.333,693,626,164,10,9,3,49,1,6,5,0,100,66,61,1.3,3.36,0.526,0.974
ÀÌ°æ¿ì,2012,LOT,1,0,0,0,0,0,0,0,0,0,3.667,21,15,4,1,0,0,4,0,2,0,0,3,6,6,2.18,14.73,,0
ÀÌ±Ô´ë,2011,SAM,2,0,0,0,0,0,0,0,0,0,3.333,13,12,3,0,0,0,1,0,0,2,0,0,0,0,1.2,0,,0
ÀÌ´ëÁø,2010,KIA,14,0,0,3,0,0,0,0,0,2,22,116,91,31,1,0,1,19,0,5,1,0,14,21,16,2.27,6.55,,0.857
ÀÌ´ëÁø,2011,LG,2,0,0,0,2,0,0,0,0,0,1,5,3,0,0,0,0,2,0,0,2,0,1,0,0,2,0,,0
ÀÌ´ëÁø,2012,LG,1,0,0,1,0,0,0,1,0,0,3.333,19,13,5,0,0,1,4,0,1,1,0,0,6,5,2.7,13.5,0,1
ÀÌ´ëÈ¯,2010,NEX,9,0,0,0,5,0,0,0,0,0,11,47,44,11,3,0,0,3,0,0,0,0,9,6,6,1.27,4.91,,1
ÀÌ´ëÈ¯,2011,LG,16,0,0,0,14,0,0,1,0,0,21.333,98,89,25,2,1,0,6,2,2,0,0,15,12,12,1.45,5.06,0,1
ÀÌ´ëÈ¯,2012,LG,6,0,0,0,5,0,0,0,0,0,7.667,34,29,8,1,0,2,1,0,2,0,1,4,4,3,1.17,3.52,,0
ÀÌ´ëÈ¯,2013,KIA,12,0,0,0,9,0,0,0,0,0,15.333,67,57,17,0,1,1,7,1,1,0,0,12,7,7,1.57,4.11,,1
ÀÌµ¿°É,2011,SAM,2,0,0,0,1,0,0,0,0,0,1.333,4,4,0,0,0,0,0,0,0,0,0,0,0,0,0,0,,0
ÀÌµ¿°É,2012,SAM,1,0,0,0,0,0,0,0,0,1,1,4,4,1,0,0,0,0,0,0,0,0,1,1,1,1,9,,0
ÀÌµ¿°É,2013,SAM,10,0,0,0,2,0,0,0,0,0,16.333,74,65,20,1,0,0,7,0,2,2,0,11,13,13,1.65,7.16,,1
ÀÌµ¿°É,2014,HAN,8,0,0,2,3,0,0,1,0,0,20,84,72,21,4,0,2,7,0,3,0,0,16,15,10,1.4,4.5,0,1
ÀÌµ¿ÇÐ,2010,NEX,8,0,0,1,3,0,0,1,0,0,16.333,81,69,25,1,0,3,8,0,1,0,0,9,17,13,2.02,7.16,0,0.8
ÀÌµ¿Çö,2010,LG,68,0,0,0,17,7,7,3,4,15,74,311,263,65,5,6,5,34,1,3,2,0,58,38,29,1.34,3.53,0.7,0.95
ÀÌµ¿Çö,2010,HAN,21,0,0,2,9,1,1,3,0,0,25.333,122,96,25,2,2,1,23,2,0,4,1,19,19,12,1.89,4.26,0.25,1
ÀÌµ¿Çö,2011,LG,38,0,0,0,10,1,1,1,2,7,33,159,132,39,3,2,0,22,1,3,3,0,30,29,23,1.85,6.27,0.5,1
ÀÌµ¿Çö,2012,LG,52,0,0,0,7,2,2,2,0,6,56.667,231,207,43,1,5,1,18,0,0,0,0,56,20,19,1.08,3.02,0.5,0.867
ÀÌµ¿Çö,2013,LG,64,0,0,0,5,6,6,3,1,25,72,302,267,70,4,6,1,25,3,3,1,0,53,29,24,1.32,3,0.667,0.909
ÀÌµ¿Çö,2014,LG,61,0,0,0,13,5,5,1,2,23,59.333,250,210,54,2,5,6,21,1,8,3,0,38,18,18,1.26,2.73,0.833,1
ÀÌ¸í¿ì,2010,LOT,6,0,0,6,0,1,0,3,0,0,33.333,152,138,50,4,3,2,8,1,1,0,0,18,25,25,1.74,6.75,0.25,1
ÀÌ¸í¿ì,2011,LOT,37,0,0,0,4,0,0,0,0,3,22.333,100,90,29,1,0,1,7,2,2,0,0,19,11,9,1.61,3.63,,1
ÀÌ¸í¿ì,2012,LOT,74,0,0,0,9,2,2,1,0,10,52.667,222,194,51,1,7,2,17,2,2,2,0,32,16,15,1.29,2.56,0.667,1
ÀÌ¸í¿ì,2013,LOT,74,0,0,0,4,2,2,4,1,20,55.667,226,191,41,2,6,2,25,1,1,1,0,32,19,19,1.19,3.07,0.333,1
ÀÌ¸í¿ì,2014,LOT,64,0,0,0,2,0,0,6,0,11,42.333,209,177,64,1,5,3,23,4,1,2,0,31,37,33,2.06,7.02,0,0.941
ÀÌ¹ÎÈ£,2013,NC,56,0,0,0,28,1,1,3,10,1,66.333,294,245,59,6,4,3,34,1,8,10,0,60,31,31,1.4,4.21,0.25,1
ÀÌ¹ÎÈ£,2014,NC,51,0,0,6,9,7,6,2,2,8,88,398,348,93,19,4,0,38,2,8,6,0,73,53,49,1.49,5.01,0.778,0.917
ÀÌ¹üÁØ,2010,LG,14,0,0,3,3,1,1,2,0,0,28,143,118,37,5,1,1,19,0,4,2,0,13,31,30,2,9.64,0.333,1
ÀÌ¹üÁØ,2011,LG,12,0,0,0,5,0,0,0,0,0,23,98,84,21,0,2,0,11,0,1,1,0,12,13,10,1.39,3.91,,0.75
ÀÌº¸±Ù,2010,NEX,52,0,0,0,9,1,1,2,0,4,75,323,262,71,5,9,2,45,0,5,1,1,35,38,36,1.55,4.32,0.333,0.947
ÀÌº¸±Ù,2011,NEX,56,0,0,0,19,5,5,3,1,5,87.667,386,329,92,5,11,3,42,4,1,2,0,52,37,34,1.53,3.49,0.625,0.833
ÀÌº¸±Ù,2012,NEX,27,0,0,2,6,3,3,1,0,0,41,184,153,42,3,6,3,18,0,4,3,0,17,26,24,1.46,5.27,0.75,1
ÀÌº¸±Ù,2013,NEX,28,0,0,1,9,1,1,3,0,1,39.667,169,152,43,2,2,0,11,0,3,1,0,18,19,19,1.36,4.31,0.25,0.857
ÀÌºê·£,2013,HAN,32,2,0,30,3,6,0,14,0,0,172.333,758,661,190,7,16,6,65,0,10,11,0,129,110,106,1.48,5.54,0.3,0.939
ÀÌ»ó¹Î,2013,NC,8,0,0,0,0,0,0,0,0,1,2,13,11,5,0,0,0,1,0,1,0,0,5,2,2,3,9,,0
ÀÌ»ó¹Î,2014,NEX,6,0,0,0,2,0,0,0,0,0,3.333,19,15,4,0,0,0,4,0,0,0,0,4,4,3,2.4,8.1,,1
ÀÌ»ó¹é,2014,SK,16,0,0,0,5,0,0,0,1,0,14.333,65,56,13,3,0,1,6,0,2,3,0,14,7,7,1.33,4.4,,1
ÀÌ»ó¿­,2010,LG,76,0,0,0,3,2,2,2,0,16,59.667,242,214,52,3,4,2,20,2,2,1,0,44,23,22,1.21,3.32,0.5,1
ÀÌ»ó¿­,2011,LG,77,0,0,0,6,0,0,6,3,18,44,187,172,45,2,1,1,12,1,1,1,0,27,23,19,1.3,3.89,0,1
ÀÌ»ó¿­,2012,LG,73,0,0,0,12,1,1,3,0,15,55.667,227,201,47,5,6,2,16,4,2,0,0,29,24,23,1.13,3.72,0.25,0.917
ÀÌ»ó¿­,2013,LG,64,0,0,0,4,2,2,3,0,13,33,152,133,43,1,4,0,12,3,3,1,0,22,15,12,1.67,3.27,0.4,0.857
ÀÌ»ó¿­,2014,LG,12,0,0,0,0,0,0,0,0,1,8,38,34,11,1,0,0,3,0,1,1,0,5,7,7,1.75,7.88,,1
ÀÌ»óÈ­,2010,KIA,9,0,0,0,3,0,0,1,0,0,8.667,43,34,9,0,2,1,6,1,0,0,0,7,6,3,1.73,3.12,0,0.75
ÀÌ»óÈ­,2011,KIA,10,0,0,0,4,0,0,0,1,1,14,62,55,13,1,1,0,5,0,1,1,0,8,9,7,1.29,4.5,,1
ÀÌ»óÈ­,2012,LOT,1,0,0,1,0,0,0,1,0,0,3.333,16,12,6,0,2,0,2,0,0,0,0,1,2,2,2.4,5.4,0,0.667
ÀÌ»óÈ­,2013,LOT,12,0,0,2,5,2,1,1,0,1,25.333,114,102,32,4,2,1,9,0,0,0,0,18,17,14,1.62,4.97,0.667,1
ÀÌ»óÈ­,2014,LOT,10,0,0,4,3,1,0,3,0,0,27,135,116,42,4,1,0,15,0,3,2,0,16,28,28,2.11,9.33,0.25,1
ÀÌ»óÈÆ,2011,SK,1,0,0,0,0,0,0,0,0,1,0.333,2,1,0,0,0,0,0,0,1,0,0,0,0,0,0,0,,0
ÀÌ¼º¹Î,2013,NC,40,0,0,3,3,3,2,4,0,4,57.667,266,227,65,8,4,1,27,0,7,0,1,33,35,33,1.6,5.15,0.429,1
ÀÌ¼º¹Î,2014,NC,9,0,0,5,2,1,0,2,0,0,28,134,115,37,0,1,1,16,0,1,3,0,14,22,18,1.89,5.79,0.333,1
ÀÌ¼ºÁø,2012,LG,2,0,0,0,1,0,0,0,0,0,2.333,13,9,3,2,0,0,3,0,1,0,0,1,5,5,2.57,19.29,,0
ÀÌ¼ö¹Î,2014,SAM,5,0,0,0,2,1,1,0,0,1,7.333,39,27,7,0,1,0,10,1,1,0,0,7,2,2,2.32,2.45,1,0
ÀÌ½Â¿ì,2012,LG,21,0,0,17,2,2,0,9,0,0,82.333,373,324,104,9,8,4,32,0,5,1,0,46,57,54,1.65,5.9,0.182,1
ÀÌ½ÂÈ£,2010,SK,65,0,0,5,39,6,6,4,20,5,89.667,395,332,81,12,7,1,51,6,4,3,0,96,44,42,1.47,4.22,0.6,1
ÀÌ½ÂÈ£,2011,SK,51,0,0,1,16,6,6,3,2,2,64.333,284,225,48,3,5,6,47,3,1,2,0,50,28,25,1.48,3.5,0.667,1
ÀÌ½ÂÈ£,2012,LOT,41,0,0,0,11,2,2,3,0,1,48.667,216,177,40,1,3,0,35,2,1,5,0,27,23,20,1.54,3.7,0.4,1
ÀÌ½ÂÈ£,2013,NC,12,0,0,1,3,0,0,1,0,0,9.333,45,38,13,2,0,0,7,0,0,0,0,5,11,10,2.14,9.64,0,0.667
ÀÌ¿µ¿í,2011,SK,20,0,0,12,2,4,1,4,0,0,66.667,273,244,58,8,3,1,17,0,7,1,0,46,35,34,1.13,4.59,0.5,1
ÀÌ¿µ¿í,2012,SK,11,0,0,6,1,0,0,2,0,0,32.333,142,114,28,3,4,2,17,0,5,4,0,15,20,20,1.39,5.57,0,1
ÀÌ¿µ¿í,2013,SK,1,0,0,0,0,0,0,0,0,0,1,6,5,2,1,0,0,0,0,1,2,0,1,3,3,2,27,,0
ÀÌ¿ëÂù,2010,DOO,47,0,0,0,42,2,2,1,25,0,41.667,166,149,34,7,3,3,10,0,1,3,0,28,16,15,1.06,3.24,0.667,1
ÀÌ¿ëÂù,2011,DOO,28,0,0,21,2,6,0,10,0,0,129,575,491,136,7,11,5,60,0,8,8,3,99,67,60,1.52,4.19,0.375,0.966
ÀÌ¿ëÂù,2013,DOO,5,0,0,0,1,0,0,0,0,0,3.333,19,16,7,0,0,0,3,0,0,0,0,4,1,1,3,2.7,,0
ÀÌ¿ëÂù,2014,DOO,48,0,0,0,42,5,5,5,17,0,51,221,199,56,3,3,0,16,1,3,5,0,47,28,24,1.41,4.24,0.5,1
ÀÌ¿ëÈÆ,2010,LOT,7,0,0,2,3,0,0,2,0,0,16.333,77,72,27,3,0,0,4,0,1,0,0,8,15,15,1.9,8.27,0,1
ÀÌ¿ëÈÆ,2011,LOT,4,0,0,1,2,0,0,1,0,0,4,19,19,9,0,0,0,0,0,0,0,0,1,5,5,2.25,11.25,0,1
ÀÌ¿ëÈÆ,2012,LOT,25,0,0,18,2,8,2,5,1,1,101.667,419,381,102,4,8,2,25,1,3,1,0,57,44,34,1.25,3.01,0.615,0.963
ÀÌ¿ì¼±,2010,SAM,32,0,0,8,14,1,1,3,1,0,68.333,291,254,68,10,7,4,24,0,2,2,0,42,34,33,1.35,4.35,0.25,0.944
ÀÌ¿ì¼±,2011,SAM,35,0,0,0,24,0,0,0,0,0,51,211,188,47,5,3,3,14,0,3,2,0,35,19,19,1.2,3.35,,1
ÀÌ¿ì¼±,2012,SAM,4,0,0,0,0,0,0,0,0,0,5.667,22,19,2,1,0,0,3,0,0,1,0,5,1,1,0.88,1.59,,0
ÀÌ¿ì¼±,2013,SAM,10,0,0,0,7,0,0,1,0,0,11,49,42,11,0,0,1,5,0,1,1,0,2,4,4,1.45,3.27,0,1
ÀÌ¿ì¼±,2014,SAM,1,0,0,0,1,0,0,0,0,0,0.333,2,1,0,0,0,0,1,0,0,0,0,0,0,0,3,0,,0
ÀÌ¿øÀç,2010,DOO,1,0,0,1,0,0,0,0,0,0,1,7,6,4,2,0,0,1,0,0,0,0,1,3,3,5,27,,0
ÀÌ¿øÀç,2012,DOO,4,0,0,0,1,0,0,0,0,0,3,16,12,4,0,1,0,3,0,0,3,0,2,4,4,2.33,12,,1
ÀÌÀÎº¹,2014,LOT,3,0,0,0,1,0,0,0,0,0,4.667,28,22,8,2,1,0,4,0,1,1,1,2,9,8,2.57,15.43,,1
ÀÌÀç°ï,2010,LOT,22,1,0,19,3,8,0,3,0,0,124,514,463,126,11,6,4,31,0,10,0,0,44,63,57,1.27,4.14,0.727,0.978
ÀÌÀç°ï,2011,LOT,39,0,0,7,6,3,2,5,1,2,56.667,262,226,74,9,5,1,25,2,5,2,0,16,52,40,1.75,6.35,0.375,0.923
ÀÌÀç°ï,2012,LOT,8,0,0,0,5,0,0,0,0,0,7.667,43,35,12,1,0,0,7,1,1,0,0,4,8,8,2.48,9.39,,1
ÀÌÀç°ï,2013,LOT,10,0,0,8,0,3,0,3,0,0,30,148,116,33,3,3,0,20,0,9,0,0,17,23,23,1.77,6.9,0.5,1
ÀÌÀç¿µ,2010,SK,8,0,0,0,1,0,0,0,0,0,10.667,55,40,15,2,1,2,10,0,2,3,0,6,9,8,2.34,6.75,,1
ÀÌÀç¿µ,2011,SK,21,0,0,0,6,2,2,0,0,2,29,109,100,19,3,0,1,8,0,0,0,0,15,9,9,0.93,2.79,1,1
ÀÌÀç¿µ,2012,SK,48,0,0,0,13,6,6,3,1,10,65,293,240,65,6,10,3,35,6,5,3,2,46,32,31,1.54,4.29,0.667,1
ÀÌÀç¿µ,2013,SK,44,0,0,0,13,2,2,4,0,3,43.667,193,159,39,5,3,2,24,1,5,2,0,35,30,27,1.44,5.56,0.333,1
ÀÌÀç¿µ,2014,SK,38,0,0,0,13,1,1,0,0,4,48,209,179,45,7,1,1,28,0,0,5,0,42,35,33,1.52,6.19,1,1
ÀÌÀç¿ì,2010,DOO,2,0,0,2,0,1,0,0,0,0,6.667,21,21,2,0,0,0,0,0,0,0,0,4,1,1,0.3,1.35,1,1
ÀÌÀç¿ì,2012,DOO,3,0,0,0,2,0,0,0,0,0,2.667,9,8,1,0,0,0,1,0,0,0,0,2,0,0,0.75,0,,1
ÀÌÀç¿ì,2013,DOO,30,0,0,11,6,5,2,2,0,0,66.667,302,243,59,5,3,4,48,0,4,4,0,44,36,35,1.61,4.73,0.714,1
ÀÌÀç¿ì,2014,DOO,11,0,0,9,0,1,0,2,0,1,37.667,176,147,41,5,2,2,22,0,3,1,0,30,21,21,1.67,5.02,0.333,0.833
ÀÌÀçÇÐ,2010,DOO,16,0,0,1,3,1,1,1,0,0,23.333,107,84,21,3,4,0,13,1,6,2,1,18,14,13,1.46,5.01,0.5,0.833
ÀÌÀçÇÐ,2013,NC,27,2,1,24,4,10,0,5,1,0,156,646,556,123,12,9,8,59,2,14,2,0,144,53,50,1.17,2.88,0.667,0.897
ÀÌÀçÇÐ,2014,NC,29,1,0,28,1,10,0,9,0,0,156,668,576,152,16,12,4,68,0,8,2,0,131,77,73,1.41,4.21,0.526,0.935
ÀÌÁ¤¹Î,2010,LOT,20,0,0,0,5,1,1,0,0,1,29.667,144,121,42,3,5,3,14,3,1,2,0,11,24,22,1.89,6.67,1,1
ÀÌÁ¤¹Î,2011,LOT,9,0,0,0,1,0,0,0,0,1,9.667,43,39,12,3,0,0,4,0,0,0,0,6,4,4,1.66,3.72,,1
ÀÌÁ¤¹Î,2012,LOT,14,0,0,5,3,1,0,3,0,0,33,150,132,44,2,3,2,12,2,1,3,0,14,21,19,1.7,5.18,0.25,0.714
ÀÌÁ¤¹Î,2014,LOT,25,0,0,0,6,1,1,1,0,8,33.333,152,133,42,1,3,1,15,1,0,2,0,25,14,9,1.71,2.43,0.5,1
ÀÌÁ¤È£,2010,NEX,4,0,0,0,1,0,0,0,0,1,9.667,44,35,9,2,0,0,8,0,1,2,0,7,6,6,1.76,5.59,,1
ÀÌÁ¤È£,2013,DOO,13,0,0,7,3,0,0,3,1,0,33,162,135,46,4,2,2,20,0,3,4,0,25,35,35,2,9.55,0,1
ÀÌÁ¤È£,2014,DOO,1,0,0,0,1,0,0,0,0,0,1,3,3,0,0,0,0,0,0,0,0,0,0,0,0,0,0,,0
ÀÌÁ¤ÈÆ,2010,LOT,43,0,0,0,19,3,3,9,1,5,46,214,183,56,4,7,1,19,5,4,3,0,27,39,35,1.63,6.85,0.25,1
ÀÌÁ¤ÈÆ,2011,NEX,44,0,0,0,13,3,3,3,1,7,52.333,229,197,50,1,4,3,19,3,6,6,0,31,24,22,1.32,3.78,0.5,1
ÀÌÁ¤ÈÆ,2012,KIA,2,0,0,0,2,0,0,0,0,,1.333,9,8,4,0,0,0,1,0,0,0,0,1,3,3,3.75,20.25,,1
ÀÌÁ¤ÈÆ,2012,NEX,40,0,0,0,11,4,4,4,1,8,44.333,198,168,45,2,4,4,17,0,5,3,0,32,28,23,1.4,4.67,0.5,0.875
ÀÌÁ¤ÈÆ,2013,NEX,56,0,0,0,8,5,5,2,1,11,69,280,247,69,5,7,0,24,0,2,1,0,29,25,23,1.35,3,0.714,1
ÀÌÁ¤ÈÆ,2014,NEX,7,0,0,0,3,0,0,0,0,0,7.333,40,33,15,2,1,1,5,0,0,0,0,2,10,10,2.73,12.27,,1
ÀÌÁö¸ð,2013,LOT,6,0,0,0,3,0,0,0,0,0,6.667,32,24,4,0,0,0,5,0,3,3,0,5,4,4,1.35,5.4,,1
ÀÌÃ¢¿í,2014,SK,7,0,0,0,4,1,1,0,0,0,7.333,38,32,9,0,1,0,5,0,0,0,0,3,9,7,1.91,8.59,1,0.667
ÀÌÅÂ¾ç,2011,NEX,5,0,0,0,1,0,0,0,0,0,5.667,27,20,4,0,1,0,3,1,3,0,0,3,3,3,1.24,4.76,,1
ÀÌÅÂ¾ç,2012,NEX,4,0,0,0,2,0,0,1,0,1,3,16,9,1,0,1,0,4,1,2,0,0,3,2,2,1.67,6,0,1
ÀÌÅÂ¾ç,2012,HAN,1,0,0,0,1,0,0,0,0,0,2,12,11,5,0,0,0,1,0,0,0,0,1,3,3,3,13.5,,0
ÀÌÅÂ¾ç,2013,NC,22,0,0,13,1,4,0,8,0,0,74.667,331,288,78,7,2,1,30,0,10,1,1,49,51,47,1.45,5.67,0.333,1
ÀÌÅÂ¾ç,2013,HAN,31,0,0,5,10,0,0,3,0,0,60.667,278,248,75,10,1,0,23,0,6,0,0,39,44,42,1.62,6.23,0,0.929
ÀÌÅÂ¾ç,2014,NC,9,0,0,1,3,0,0,1,0,1,15.333,80,60,19,3,1,2,13,0,4,2,0,9,11,11,2.09,6.46,0,1
ÀÌÅÂ¾ç,2014,HAN,30,0,0,26,0,7,0,10,0,0,153,677,615,183,27,7,7,41,2,7,10,1,96,100,90,1.46,5.29,0.412,0.903
ÀÌÇÑÁø,2010,SK,6,0,0,0,1,0,0,0,0,0,3.667,19,17,7,0,0,0,2,0,0,1,0,0,1,0,2.45,0,,1
ÀÌÇÑÁø,2013,SK,4,0,0,0,0,0,0,0,0,0,2.667,14,13,5,0,0,0,0,0,1,0,0,1,4,4,1.88,13.5,,1
ÀÌÇÑÁø,2014,SK,4,0,0,0,1,0,0,0,0,0,8.333,52,47,17,2,0,1,4,0,0,0,0,3,17,8,2.52,8.64,,1
ÀÌÇö½Â,2010,DOO,46,0,0,11,7,3,1,6,2,4,77.667,327,290,80,8,7,2,25,0,3,0,0,50,45,41,1.35,4.75,0.333,1
ÀÌÇö½Â,2011,DOO,50,0,0,5,10,3,1,5,4,6,74.667,325,285,85,8,7,2,26,0,5,4,0,50,43,40,1.49,4.82,0.375,0.882
ÀÌÇö½Â,2014,DOO,65,0,0,3,5,3,3,3,0,15,55,259,226,68,2,5,2,23,1,3,4,1,39,34,31,1.65,5.07,0.5,1
ÀÌÇöÈ£,2011,DOO,1,0,0,0,0,0,0,0,0,0,0,2,1,1,0,0,0,1,0,0,0,0,0,2,2,,,,
ÀÌÇöÈ£,2012,DOO,2,0,0,0,1,0,0,0,0,0,2,7,6,2,0,0,0,1,0,0,0,0,1,0,0,1.5,0,,1
ÀÌÇü¹ü,2013,NC,2,0,0,0,0,0,0,0,0,0,4.667,22,18,8,1,0,1,3,0,0,0,0,2,4,4,2.36,7.71,,0
ÀÌÇüÁ¾,2010,LG,2,0,0,2,0,1,0,0,0,0,9.667,43,37,11,1,0,1,5,0,0,0,0,5,7,7,1.66,6.52,1,0
ÀÌÇýÃµ,2011,DOO,32,0,0,3,3,1,1,4,1,4,34,152,122,31,2,6,3,17,1,4,4,0,30,27,24,1.41,6.35,0.2,1
ÀÌÇýÃµ,2012,DOO,48,0,0,1,7,1,1,3,0,7,38.667,179,147,42,2,5,1,21,0,5,4,0,25,33,32,1.63,7.45,0.25,0.929
ÀÌÇýÃµ,2013,DOO,13,0,0,1,2,0,0,1,0,0,9.333,54,41,16,0,1,0,7,1,5,0,0,7,12,12,2.46,11.57,0,1
ÀÌÇýÃµ,2014,NC,25,0,0,0,6,1,1,0,0,2,18,85,72,22,0,1,2,8,0,2,1,0,17,7,6,1.67,3,1,1
ÀÌÈñ¼º,2012,LG,4,0,0,1,3,0,0,1,0,0,5.333,23,22,7,0,0,0,1,0,0,0,0,1,5,5,1.5,8.44,0,1
ÀÓ°æ¿Ï,2010,LOT,47,0,0,0,26,3,3,4,7,1,43.667,186,162,46,4,3,1,16,4,4,0,0,19,24,16,1.42,3.3,0.429,0.833
ÀÓ°æ¿Ï,2011,LOT,72,0,0,0,7,4,4,3,0,18,65.667,268,239,60,4,5,3,15,1,6,2,0,34,28,23,1.14,3.15,0.571,1
ÀÓ°æ¿Ï,2012,SK,32,0,0,0,5,0,0,2,0,3,31.667,141,123,36,4,1,0,13,1,4,0,0,16,20,19,1.55,5.4,0,1
ÀÓ°æ¿Ï,2013,SK,23,0,0,0,5,0,0,2,0,1,17.333,85,73,22,0,0,0,10,2,2,0,0,10,12,11,1.85,5.71,0,0.75
ÀÓ°æ¿Ï,2014,SK,16,0,0,0,6,0,0,0,0,0,16.667,77,66,21,4,1,2,6,0,2,1,0,5,14,10,1.62,5.4,,1
ÀÓ±â¿µ,2012,HAN,1,0,0,0,1,0,0,0,0,0,0.667,2,2,0,0,0,0,0,0,0,0,0,0,0,0,0,0,,1
ÀÓ±â¿µ,2013,HAN,26,0,0,0,6,1,1,2,0,1,34,160,134,44,3,3,3,17,1,3,1,1,30,18,17,1.79,4.5,0.333,1
ÀÓ±â¿µ,2014,HAN,14,0,0,0,7,1,1,1,0,0,22.667,116,104,38,6,0,1,9,0,2,0,0,17,24,17,2.07,6.75,0.5,1
ÀÓ±âÁØ,2012,KIA,3,0,0,0,0,0,0,0,0,0,3,16,13,5,1,0,0,3,0,0,2,0,3,6,6,2.67,18,,1
ÀÓ¼ºÇå,2010,SK,8,0,0,0,4,0,0,0,0,0,8.667,44,40,16,5,1,0,3,0,0,0,0,3,10,10,2.19,10.38,,1
ÀÓÁ¤¿ì,2011,SK,4,0,0,0,1,0,0,0,1,0,5.667,22,19,3,0,0,0,3,0,0,0,0,4,0,0,1.06,0,,0
ÀÓÁ¤¿ì,2012,LG,14,0,0,6,2,1,0,2,0,0,41.667,196,166,53,1,4,3,18,0,5,2,0,26,31,29,1.7,6.26,0.333,1
ÀÓÁ¤¿ì,2013,LG,46,0,0,1,15,2,2,1,0,3,50.333,207,173,41,3,3,4,24,2,3,5,0,39,26,25,1.29,4.47,0.667,0.917
ÀÓÁ¤¿ì,2014,LG,25,0,0,10,4,2,1,5,0,0,73.333,317,274,79,6,6,6,26,2,5,5,1,54,35,34,1.43,4.17,0.286,1
ÀÓÁØ¼·,2013,KIA,36,0,0,18,3,4,0,8,0,2,105,487,399,116,10,10,3,67,0,8,6,0,55,66,61,1.74,5.23,0.333,1
ÀÓÁØ¼·,2014,KIA,29,1,1,24,2,5,0,11,0,0,130.667,588,505,157,15,5,5,67,1,6,8,0,54,95,88,1.71,6.06,0.313,1
ÀÓÁØÇõ,2011,KIA,4,0,0,0,1,0,0,1,0,1,4,21,16,5,0,0,0,2,0,3,0,0,3,3,3,1.75,6.75,0,1
ÀÓÁØÇõ,2012,KIA,7,0,0,0,2,0,0,0,0,0,4.667,28,21,7,0,0,0,6,0,1,3,0,4,4,4,2.79,7.71,,0
ÀÓÁØÇõ,2013,KIA,1,0,0,0,1,0,0,0,0,0,1,8,7,4,0,0,0,1,0,0,0,0,1,3,3,5,27,,0
ÀÓÁØÇõ,2014,KIA,30,0,0,0,10,1,1,3,0,2,32,145,123,34,3,1,1,18,1,2,3,0,17,24,18,1.63,5.06,0.25,1
ÀÓÁö¼·,2014,LG,4,0,0,3,0,1,0,2,0,0,14.667,73,54,15,1,0,1,17,0,1,3,0,8,11,11,2.18,6.75,0.333,1
ÀÓÁø¿ì,2010,SAM,15,0,0,0,9,2,2,1,0,1,17,69,56,11,2,2,0,9,1,2,1,0,10,5,5,1.18,2.65,0.667,1
ÀÓÁø¿ì,2011,SAM,11,0,0,0,7,0,0,0,0,0,14.333,66,60,17,1,0,0,4,0,2,1,0,10,7,7,1.47,4.4,,1
ÀÓÁø¿ì,2012,SAM,12,0,0,0,11,0,0,0,0,0,12.333,51,44,7,3,0,0,6,0,1,0,0,12,7,7,1.05,5.11,,1
ÀÓÂù±Ô,2011,LG,65,0,0,2,30,9,9,6,7,0,82.667,375,308,73,8,5,0,61,3,1,7,0,62,45,41,1.62,4.46,0.6,1
ÀÓÂù±Ô,2012,LG,18,0,0,7,4,1,0,5,0,1,55.667,243,212,71,5,5,2,23,1,1,1,0,31,29,28,1.69,4.53,0.167,0.824
ÀÓÂù±Ô,2013,LG,17,0,0,4,7,1,0,1,0,0,44,201,176,51,7,3,1,21,1,0,3,0,45,24,23,1.64,4.7,0.5,0.9
ÀÓÃ¢¹Î,2012,NEX,3,0,0,0,1,0,0,0,0,0,4,18,14,3,0,1,0,3,0,0,0,0,2,2,2,1.5,4.5,,1
ÀÓÃ¢¹Î,2013,NC,54,0,0,0,17,6,6,6,4,9,64.667,264,221,41,10,6,2,32,3,2,6,0,63,29,27,1.13,3.76,0.5,0.933
ÀÓÃ¢¹Î,2014,NC,41,0,0,0,9,6,6,3,1,5,53.333,240,200,50,5,5,4,29,1,2,2,1,53,28,26,1.48,4.39,0.667,1
ÀÓÃ¢¿ë,2014,SAM,49,0,0,0,40,5,5,4,31,0,44.667,205,177,50,4,2,1,21,0,4,5,0,52,33,29,1.59,5.84,0.556,1
ÀÓÄ¡¿µ,2012,SK,6,0,0,2,0,1,0,0,0,0,10.333,45,37,9,3,0,0,6,0,2,1,1,6,5,5,1.45,4.35,1,1
ÀÓÄ¡¿µ,2013,SK,2,0,0,0,1,0,0,1,0,0,1,9,7,5,0,0,1,1,0,0,0,0,0,4,4,6,36,0,0
ÀÓÅÂÈÆ,2010,DOO,36,0,0,20,4,9,1,11,1,1,130.667,578,502,134,27,12,5,47,0,12,6,1,103,83,77,1.39,5.3,0.45,0.943
ÀÓÅÂÈÆ,2011,DOO,19,0,0,0,14,1,1,1,7,0,19,79,68,16,3,2,1,7,2,1,0,0,13,8,8,1.21,3.79,0.5,0.833
ÀÓÅÂÈÆ,2012,DOO,22,0,0,8,3,4,1,4,0,3,50.333,232,190,53,5,2,3,36,2,1,2,0,33,30,26,1.77,4.65,0.5,1
ÀÓÅÂÈÆ,2013,DOO,9,0,0,0,2,1,1,1,0,0,10.333,60,46,18,1,0,3,11,0,0,0,0,13,13,13,2.81,11.32,0.5,1
ÀÓÅÂÈÆ,2014,DOO,6,0,0,0,1,0,0,0,0,1,3.667,25,18,7,0,0,0,6,0,1,0,0,4,4,4,3.55,9.82,,0
ÀÓÇöÁØ,2011,SAM,29,0,0,0,2,2,2,0,0,2,17.333,80,66,20,1,2,0,12,1,0,3,1,9,8,6,1.85,3.12,1,1
ÀÓÇöÁØ,2014,SAM,1,0,0,0,0,0,0,0,0,0,0,3,2,2,0,0,0,1,0,0,0,0,0,0,0,,,,
Àå¹ÎÀÍ,2010,DOO,9,0,0,2,1,0,0,0,0,0,13.667,79,63,25,2,1,0,15,0,0,4,0,6,16,16,2.93,10.54,,0.5
Àå¹ÎÀÍ,2011,DOO,4,0,0,1,1,0,0,0,0,0,8.667,38,33,11,1,0,2,3,0,0,0,0,6,3,3,1.62,3.12,,1
Àå¹ÎÀÍ,2014,DOO,8,0,0,0,1,0,0,0,0,1,5.333,22,20,7,0,0,0,2,0,0,1,0,1,2,2,1.69,3.38,,1
Àå¹ÎÀç,2010,HAN,13,0,0,1,8,1,1,0,0,0,16.333,68,61,16,1,1,0,5,0,1,2,0,4,8,8,1.29,4.41,1,1
Àå¹ÎÀç,2011,HAN,36,0,0,15,5,1,0,7,0,1,87.667,419,353,113,12,6,7,49,0,4,10,0,52,62,59,1.85,6.06,0.125,0.96
Àå½ÃÈ¯,2011,NEX,4,0,0,0,2,0,0,0,0,0,6.333,32,28,8,0,0,0,4,0,0,3,0,6,5,5,1.89,7.11,,1
Àå½ÃÈ¯,2012,NEX,21,0,0,8,6,0,0,6,1,1,61,278,224,63,3,2,6,42,0,4,8,0,42,35,34,1.72,5.02,0,0.9
Àå½ÃÈ¯,2013,NEX,2,0,0,0,0,0,0,0,0,0,5.667,32,24,7,1,1,0,7,0,0,2,0,7,9,9,2.47,14.29,,1
Àå½ÃÈ¯,2014,NEX,6,0,0,0,2,0,0,0,0,0,6.667,32,29,9,0,0,0,3,0,0,3,0,2,9,9,1.8,12.15,,1
Àå¿µ¼®,2011,NEX,2,0,0,0,2,0,0,0,0,0,2,12,8,2,0,0,0,4,0,0,0,0,0,4,3,3,13.5,,1
Àå¿ø»ï,2010,SAM,29,0,0,28,0,13,0,5,0,0,151,631,569,139,13,10,3,44,1,5,3,0,115,62,58,1.21,3.46,0.722,1
Àå¿ø»ï,2011,SAM,25,0,0,21,1,8,0,8,0,0,115,509,458,139,13,12,2,37,0,0,1,0,68,58,53,1.53,4.15,0.5,1
Àå¿ø»ï,2012,SAM,2,0,0,2,0,2,0,0,0,0,13,44,42,3,1,0,0,2,0,0,0,0,16,1,1,0.38,0.69,1,
Àå¿ø»ï,2013,SAM,27,1,0,26,2,13,0,10,1,0,154,658,595,165,21,9,3,42,2,9,6,1,104,85,75,1.34,4.38,0.565,0.938
Àå¿ø»ï,2014,SAM,27,0,0,25,0,17,1,6,0,1,157,649,592,143,9,5,5,38,1,9,2,0,127,64,62,1.15,3.55,0.739,1
Àå¿øÁØ,2010,LOT,26,3,2,26,3,12,0,6,0,0,144.333,623,558,158,24,7,2,48,2,8,3,1,113,77,71,1.43,4.43,0.667,0.976
Àå¿øÁØ,2011,LOT,29,0,0,28,1,15,1,6,0,0,180.667,774,690,195,7,13,0,62,2,9,3,0,129,72,63,1.42,3.14,0.714,0.974
Àå¿øÁØ,2014,LOT,27,0,0,27,0,10,0,9,0,0,155,674,587,160,15,13,4,67,1,3,9,0,107,87,79,1.46,4.59,0.526,0.943
ÀåÁø¿ë,2014,LG,4,0,0,2,1,0,0,2,0,0,7.333,34,29,8,1,1,1,2,0,1,0,0,5,6,2,1.36,2.45,0,1
ÀåÇö½Ä,2013,NC,2,0,0,0,2,0,0,0,0,0,2,11,11,6,0,0,0,0,0,0,0,0,0,3,3,3,13.5,,0
Àú¸¶³ë,2011,SAM,8,0,0,8,0,5,0,1,0,0,45.333,181,171,45,3,2,2,6,0,0,0,0,29,17,14,1.13,2.78,0.833,1
Àüº´µÎ,2010,SK,27,0,0,7,4,5,2,2,0,1,67.667,281,246,55,2,6,1,26,2,2,6,0,52,27,23,1.2,3.06,0.714,1
Àüº´µÎ,2011,SK,51,0,0,4,10,3,3,3,3,8,92.333,395,313,67,8,13,2,56,3,11,9,0,87,44,39,1.33,3.8,0.5,0.889
Àü¿ì¿±,2010,KIA,12,0,0,10,1,2,0,5,0,0,41,197,162,47,5,2,4,23,0,6,0,0,37,29,26,1.71,5.71,0.286,1
ÀüÀ¯¼ö,2012,SK,25,0,0,0,10,1,1,0,0,0,35.333,154,138,40,2,1,3,10,0,2,4,1,21,17,17,1.42,4.33,1,1
ÀüÀ¯¼ö,2013,SK,54,0,0,0,19,2,2,0,2,3,57.667,252,217,60,6,4,4,23,1,4,4,0,35,28,28,1.44,4.37,1,1
ÀüÀ¯¼ö,2014,SK,67,0,0,0,12,7,7,4,0,5,84.667,383,333,99,11,8,2,37,3,3,5,0,72,51,47,1.61,5,0.636,0.8
ÀüÁØÈ£,2010,SK,8,0,0,1,2,2,1,0,0,0,15,60,50,9,1,2,1,6,0,1,1,0,12,7,6,1,3.6,1,1
ÀüÁØÈ£,2011,SK,6,0,0,0,0,0,0,0,0,0,10,42,39,9,1,1,0,2,0,0,0,0,5,4,4,1.1,3.6,,1
Á¤´ëÇö,2010,SK,49,0,0,0,10,4,4,1,4,8,45,170,160,31,1,1,1,7,3,1,1,0,47,7,7,0.84,1.4,0.8,1
Á¤´ëÇö,2010,DOO,14,0,0,0,5,0,0,0,0,1,14.333,70,58,16,1,0,0,11,0,1,2,0,6,13,11,1.88,6.91,,1
Á¤´ëÇö,2011,SK,53,0,0,0,25,3,3,3,16,11,54.667,227,191,43,1,5,3,25,6,3,2,0,39,12,9,1.24,1.48,0.5,0.917
Á¤´ëÇö,2011,DOO,5,0,0,0,2,0,0,0,0,0,2.667,15,12,4,0,0,0,2,0,1,0,0,2,3,3,2.25,10.13,,0
Á¤´ëÇö,2012,DOO,23,0,0,2,3,1,1,2,0,0,36.333,164,130,38,4,5,3,23,1,3,5,0,23,23,21,1.68,5.2,0.333,1
Á¤´ëÇö,2012,LOT,24,0,0,0,3,2,2,0,1,5,28.333,102,93,12,0,1,0,7,3,1,1,0,26,2,2,0.67,0.64,1,1
Á¤´ëÇö,2013,DOO,5,0,0,0,0,0,0,0,0,0,7.333,48,41,21,1,0,1,6,0,0,0,0,2,15,15,3.68,18.41,,1
Á¤´ëÇö,2013,LOT,58,0,0,0,7,5,5,4,1,16,51.333,227,189,56,3,6,3,21,7,8,2,0,34,21,19,1.5,3.33,0.556,0.929
Á¤´ëÇö,2014,DOO,12,0,0,5,1,1,0,1,0,0,27.333,136,107,29,2,1,2,25,0,1,1,1,21,27,24,1.98,7.9,0.5,1
Á¤´ëÇö,2014,LOT,60,0,0,0,7,4,4,2,2,13,42,181,159,40,2,0,3,13,2,6,0,0,27,19,19,1.26,4.07,0.667,1
Á¤´ëÈÆ,2012,HAN,16,0,0,0,3,0,0,0,0,2,10.333,42,31,4,2,2,1,5,0,3,0,0,6,6,6,0.87,5.23,,1
Á¤´ëÈÆ,2013,HAN,13,0,0,0,3,2,2,0,0,1,15,72,58,17,0,0,2,8,0,4,0,1,2,6,6,1.67,3.6,1,1
Á¤´ëÈÆ,2014,HAN,34,0,0,1,9,3,3,2,1,0,42.333,205,174,64,4,6,2,14,0,9,2,0,14,38,34,1.84,7.23,0.6,1
Á¤¹ÎÇõ,2011,HAN,12,0,0,0,4,0,0,0,0,0,9.667,51,47,20,3,1,1,2,1,0,0,0,3,11,9,2.28,8.38,,1
Á¤¹ÎÇõ,2012,HAN,25,0,0,1,7,1,1,1,0,2,30.667,131,120,34,6,3,0,7,3,1,1,0,19,24,21,1.34,6.16,0.5,1
Á¤¹ÎÇõ,2013,HAN,3,0,0,0,2,0,0,0,0,0,3,19,13,5,0,0,0,3,0,3,0,0,3,4,4,2.67,12,,1
Á¤¿ë¿î,2010,KIA,10,0,0,1,4,0,0,1,0,0,8,49,37,11,1,1,0,9,0,2,0,0,5,10,6,2.5,6.75,0,0.5
Á¤¿ì¶÷,2010,SK,75,0,0,0,12,8,8,4,2,18,102,428,368,80,7,9,3,44,2,4,4,0,111,41,40,1.22,3.53,0.667,1
Á¤¿ì¶÷,2011,SK,68,0,0,0,21,4,4,0,7,25,94.333,358,322,61,3,9,2,23,4,2,2,0,68,21,19,0.89,1.81,1,1
Á¤¿ì¶÷,2012,SK,53,0,0,0,47,2,2,4,30,0,49,193,173,33,0,5,2,9,2,4,1,0,55,12,12,0.86,2.2,0.333,1
Á¤ÀÎ¿í,2010,SAM,28,0,0,6,4,4,4,2,0,1,61,272,231,55,9,1,1,37,0,2,5,0,60,42,36,1.51,5.31,0.667,1
Á¤ÀÎ¿í,2011,SAM,31,0,0,9,6,6,2,2,0,0,80,323,282,56,9,4,1,32,3,4,3,0,60,22,20,1.1,2.25,0.75,1
Á¤ÀÎ¿í,2012,SAM,13,0,0,2,5,1,0,1,0,0,25.333,104,89,17,0,2,0,11,1,2,1,0,16,7,7,1.11,2.49,0.5,1
Á¤Àçº¹,2010,LG,16,0,0,0,5,1,1,1,0,0,23,102,92,26,2,3,0,7,2,0,1,1,17,15,12,1.43,4.7,0.5,1
Á¤Àçº¹,2012,LG,7,0,0,7,0,2,0,1,0,0,30.333,131,110,35,1,4,3,13,0,1,2,0,15,19,19,1.58,5.64,0.667,1
Á¤Àç¿ø,2010,HAN,12,0,0,0,5,0,0,0,0,0,14.333,70,63,24,3,1,1,4,0,1,3,0,6,14,14,1.95,8.79,,1
Á¤Àç¿ø,2011,HAN,24,0,0,0,4,1,1,0,0,3,27,138,103,28,0,3,1,23,0,8,5,0,15,26,24,1.89,8,1,1
Á¤Àç¿ø,2012,HAN,14,0,0,2,4,0,0,2,0,3,20,102,87,29,4,0,0,13,0,2,1,0,18,19,19,2.1,8.55,0,1
Á¤Àç¿ø,2013,HAN,10,0,0,0,1,0,0,0,0,0,11,52,45,16,1,0,1,5,1,1,0,0,6,8,8,1.91,6.55,,1
Á¤Àç¿ø,2014,HAN,5,0,0,0,1,0,0,0,0,0,4.333,36,25,12,0,0,0,8,0,3,2,0,9,11,11,4.62,22.85,,0
Á¤ÀçÈÆ,2010,DOO,63,0,0,0,8,8,8,4,2,23,78,307,268,52,2,4,3,28,3,4,1,0,89,16,15,1.03,1.73,0.667,0.909
Á¤ÀçÈÆ,2011,DOO,45,0,0,0,18,2,2,6,8,9,62.667,247,213,47,5,7,2,22,4,3,2,1,65,23,20,1.1,2.87,0.25,1
Á¤ÀçÈÆ,2012,DOO,4,0,0,0,1,0,0,1,0,0,4,17,15,3,1,1,0,1,0,0,0,0,1,3,2,1,4.5,0,1
Á¤ÀçÈÆ,2013,DOO,55,0,0,0,27,4,4,1,14,7,52.333,222,195,46,3,5,2,17,1,3,1,0,38,26,20,1.2,3.44,0.8,0.9
Á¤ÀçÈÆ,2014,DOO,54,0,0,0,14,1,1,5,2,15,53.667,230,200,50,6,4,1,19,1,6,0,0,56,33,32,1.29,5.37,0.167,1
Á¤Áø,2013,NC,5,0,0,0,5,0,0,0,0,0,7,30,26,6,0,0,1,3,0,0,3,0,5,4,3,1.29,3.86,,0.667
Á¤ÂùÇå,2013,LG,4,0,0,0,0,0,0,0,0,0,5,21,19,7,1,0,1,1,0,0,0,0,1,3,3,1.6,5.4,,0
Á¤ÂùÇå,2014,LG,51,0,0,0,23,1,1,3,3,8,52.667,239,194,57,5,10,3,27,9,5,3,0,41,26,26,1.59,4.44,0.25,1
Á¤ÅÂ½Â,2013,LOT,3,0,0,0,2,0,0,0,0,0,2.333,12,9,2,0,0,0,3,0,0,2,0,0,2,2,2.14,7.71,,0
Á¤Çö¿í,2010,SAM,61,0,0,0,23,9,9,1,12,11,70.333,299,263,66,3,3,3,26,0,4,4,0,61,31,25,1.31,3.2,0.9,1
Á¤Çö¿í,2011,SAM,59,0,0,0,9,4,4,3,1,24,72.333,303,262,70,4,5,2,30,0,4,3,0,52,22,19,1.38,2.36,0.571,1
Á¤Çö¿í,2012,SAM,54,0,0,1,19,2,2,5,0,3,62.667,256,223,57,1,6,5,21,1,0,3,0,48,25,22,1.24,3.16,0.286,1
Á¤Çö¿í,2013,LG,54,0,0,0,9,2,2,5,2,16,47.667,220,189,55,4,4,1,25,3,1,3,0,31,23,20,1.68,3.78,0.286,0.8
Á¤Çö¿í,2014,LG,25,0,0,0,4,2,2,2,0,1,32.333,148,128,39,4,4,0,15,0,1,0,0,24,17,17,1.67,4.73,0.5,1
Á¤È¸Âù,2011,NEX,1,0,0,0,1,0,0,0,0,0,2,7,5,0,0,0,0,1,0,1,0,0,0,0,0,0.5,0,,1
Á¦Ãá¸ð,2010,SK,2,0,0,0,0,0,0,0,0,0,3.333,12,9,0,0,0,0,3,0,0,0,0,4,0,0,0.9,0,,0
Á¦Ãá¸ð,2012,SK,8,0,0,3,1,0,0,3,0,1,18.333,81,69,20,4,2,0,9,1,1,0,0,6,11,11,1.58,5.4,0,1
Á¦Ãá¸ð,2014,SK,1,0,0,0,0,0,0,0,0,0,0.333,4,3,2,0,0,0,0,0,1,1,0,0,1,1,6,27,,0
Á¶±Ô¼ö,2010,DOO,2,0,0,0,1,0,0,0,0,0,1.333,5,5,1,0,0,0,0,0,0,0,0,0,0,0,0.75,0,,0
Á¶»ó¿ì,2013,NEX,5,0,0,0,4,0,0,0,0,0,8,40,35,11,0,0,0,5,0,0,1,0,7,4,4,2,4.5,,1
Á¶»ó¿ì,2014,NEX,48,0,0,0,6,6,6,2,0,11,69.333,280,241,53,2,4,3,29,0,3,6,1,73,21,19,1.18,2.47,0.75,0.96
Á¶½Â¼ö,2010,DOO,23,0,0,2,3,1,1,2,0,1,36.667,172,153,51,8,3,4,9,0,3,1,0,23,31,28,1.64,6.87,0.333,1
Á¶½Â¼ö,2011,DOO,4,0,0,0,0,0,0,0,0,0,5.333,27,24,7,0,0,0,2,0,1,2,0,4,6,6,1.69,10.13,,0
Á¶¿µ¹Î,2011,SK,3,0,0,0,1,0,0,0,0,0,3,17,14,6,0,0,0,2,0,1,1,0,1,2,2,2.67,6,,0
Á¶¿µ¿ì,2014,HAN,6,0,0,2,1,0,0,1,0,0,11,58,54,22,4,0,0,4,0,0,0,0,8,13,13,2.36,10.64,0,1
Á¶Á¤ÈÆ,2010,LOT,11,1,0,11,1,5,0,3,0,0,62,262,233,59,7,3,1,22,0,3,0,0,50,34,34,1.31,4.94,0.625,1
Á¶ÁöÈÆ,2013,HAN,21,0,0,3,10,0,0,3,0,0,35.333,154,136,30,7,0,0,15,0,3,8,1,30,24,24,1.27,6.11,0,1
Á¶ÁöÈÆ,2014,HAN,2,0,0,0,0,0,0,0,0,0,0.667,6,4,2,1,0,0,1,0,1,0,0,0,2,2,4.5,27,,0
Á¶ÅÂ¼ö,2010,KIA,31,0,0,0,19,0,0,0,0,0,43.333,190,175,55,2,2,1,11,1,1,3,0,23,21,19,1.52,3.95,,1
Á¶ÅÂ¼ö,2011,KIA,21,0,0,0,11,0,0,0,0,0,29,120,110,31,4,1,0,9,0,0,1,0,16,16,16,1.38,4.97,,1
Á¶ÅÂ¼ö,2012,KIA,3,0,0,0,0,0,0,0,0,0,2.667,14,9,3,1,1,1,3,0,0,1,0,1,3,3,2.25,10.13,,0
Á¶Çö±Ù,2013,SAM,10,0,0,0,2,0,0,0,0,1,6.667,33,27,7,1,0,0,6,0,0,1,1,3,5,5,1.95,6.75,,0
Á¶Çö±Ù,2014,SAM,6,0,0,0,5,0,0,0,0,0,5.333,19,18,2,0,0,0,1,0,0,0,0,3,0,0,0.56,0,,1
ÁÖÅ°Ä¡,2011,LG,32,1,1,31,2,10,0,8,1,0,187.667,773,695,174,9,19,5,53,2,1,7,3,150,86,75,1.21,3.6,0.556,0.943
ÁÖÅ°Ä¡,2012,LG,30,0,0,29,0,11,0,8,0,1,177.333,750,668,179,6,19,4,54,0,4,9,1,96,75,68,1.31,3.45,0.579,0.946
ÁÖÅ°Ä¡,2013,LG,15,1,0,15,1,4,0,6,0,0,75.667,341,304,96,6,5,0,28,0,4,5,0,49,56,53,1.64,6.3,0.4,1
Áö½Â¹Î,2010,DOO,12,0,0,0,1,0,0,0,0,1,6.667,37,29,9,2,0,0,7,0,1,0,0,2,3,3,2.4,4.05,,0
Áø¸íÈ£,2010,LOT,3,0,0,3,0,0,0,2,0,0,7.333,42,32,14,6,1,1,8,0,0,0,0,5,16,16,3,19.64,0,1
Áø¸íÈ£,2011,LOT,31,0,0,1,14,1,0,2,0,0,48,213,178,48,6,6,3,26,1,0,6,0,45,32,26,1.54,4.88,0.333,1
Áø¸íÈ£,2012,LOT,23,0,0,5,5,2,1,1,0,1,60,260,211,48,8,3,2,41,1,3,6,0,54,23,23,1.48,3.45,0.667,1
Áø¸íÈ£,2013,LOT,4,0,0,0,3,0,0,0,0,0,8,41,30,11,0,0,0,10,0,1,0,0,3,7,7,2.63,7.88,,1
Áø¾ß°ö,2010,DOO,1,0,0,0,0,0,0,0,0,0,0,1,0,0,0,0,0,1,0,0,0,0,0,0,0,,,,
ÁøÇØ¼ö,2012,KIA,56,0,0,0,6,1,1,2,0,6,41,185,158,48,3,5,1,19,0,2,4,0,24,29,24,1.63,5.27,0.333,0.923
ÁøÇØ¼ö,2013,SK,72,0,0,0,12,2,2,5,0,10,48.667,223,189,52,4,3,1,25,1,5,2,0,40,34,30,1.58,5.55,0.286,0.909
ÁøÇØ¼ö,2014,SK,75,0,0,0,6,0,0,4,0,15,49,236,204,67,8,1,1,27,2,3,2,0,37,39,39,1.92,7.16,0,0.938
Â÷¿ìÂù,2010,SAM,37,2,1,16,7,10,1,2,0,2,126.333,528,457,106,5,13,2,51,1,5,3,1,112,35,30,1.24,2.14,0.833,1
Â÷¿ìÂù,2011,SAM,24,0,0,24,0,10,0,6,0,0,148.667,650,572,156,22,11,2,62,0,3,2,2,114,75,61,1.47,3.69,0.625,0.935
Â÷¿ìÂù,2012,SAM,26,0,0,11,4,6,3,7,0,2,83.667,377,314,83,11,12,2,48,0,1,7,0,52,59,56,1.57,6.02,0.462,0.952
Â÷¿ìÂù,2013,SAM,43,0,0,12,3,10,5,7,0,3,121.333,518,431,100,6,11,3,67,1,6,10,0,111,48,44,1.38,3.26,0.588,0.955
Â÷¿ìÂù,2014,SAM,69,0,0,0,8,3,3,4,0,21,82,375,323,86,9,5,3,42,2,2,7,0,79,57,51,1.56,5.6,0.429,1
Â÷Á¤¹Î,2010,KIA,2,0,0,0,1,0,0,1,0,0,1.667,7,5,1,0,0,1,1,0,0,0,0,1,1,0,1.2,0,0,0
Â÷Á¤¹Î,2011,KIA,16,0,0,1,4,0,0,1,0,0,19.333,89,77,22,7,2,1,8,0,1,1,0,12,14,14,1.55,6.52,0,1
Âû¸®,2013,NC,29,0,0,29,0,11,0,7,0,0,189,790,685,175,6,21,10,60,1,14,6,0,116,60,52,1.24,2.48,0.611,0.98
Âû¸®,2014,NC,28,1,1,28,1,12,0,8,0,0,165.333,718,633,184,13,16,5,55,0,9,5,2,92,90,70,1.45,3.81,0.6,0.957
Ã¤º´¿ë,2012,SK,14,0,0,10,1,3,0,3,0,0,62.667,271,240,67,3,6,2,22,4,1,1,0,42,22,22,1.42,3.16,0.5,1
Ã¤º´¿ë,2013,SK,12,0,0,2,3,0,0,3,1,0,20.333,103,81,30,2,3,0,16,1,3,1,1,12,18,18,2.26,7.97,0,1
Ã¤º´¿ë,2014,SK,27,1,0,24,1,8,0,12,0,0,130,585,519,151,27,4,5,49,0,8,2,0,87,94,92,1.54,6.37,0.4,0.917
ÃÖ±Ý°­,2013,NC,30,0,0,0,7,0,0,2,0,4,33.667,158,132,32,0,1,1,20,0,4,6,0,33,17,16,1.54,4.28,0,1
ÃÖ±Ý°­,2014,NC,4,0,0,0,2,0,0,0,0,0,5,24,22,9,0,0,0,2,0,0,0,0,4,5,5,2.2,9,,1
ÃÖ´ë¼º,2012,LOT,71,0,0,0,9,8,8,8,1,17,67.667,286,249,65,5,6,2,24,2,5,5,0,50,31,27,1.32,3.59,0.5,0.857
ÃÖ´ë¼º,2013,LOT,13,0,0,0,4,0,0,0,0,1,9.333,49,41,13,1,1,1,6,0,0,3,0,9,8,6,2.04,5.79,,1
ÃÖ´ë¼º,2014,LOT,41,0,0,0,22,2,2,2,0,1,45.333,198,167,41,1,2,1,25,0,3,9,0,43,17,13,1.46,2.58,0.5,0.938
ÃÖµ¿È¯,2010,LG,1,0,0,0,0,0,0,0,0,0,0,2,0,0,0,0,0,2,0,0,1,0,0,0,0,,,,
ÃÖµ¿È¯,2014,LG,1,0,0,0,1,0,0,0,0,0,2.333,12,9,2,1,0,0,3,0,0,0,0,2,3,3,2.14,11.57,,0
ÃÖº´¿í,2014,DOO,12,0,0,0,6,0,0,0,0,0,16.333,77,68,24,4,0,2,7,0,0,0,0,9,12,12,1.9,6.61,,1
ÃÖ¼º¹Î,2010,LG,8,0,0,6,0,2,0,2,0,0,32.667,142,104,22,1,4,3,28,0,3,3,0,17,16,14,1.53,3.86,0.5,0.923
ÃÖ¼º¹Î,2011,LG,18,0,0,0,2,2,2,1,0,1,21.333,103,77,18,0,0,0,23,2,3,2,0,12,8,8,1.92,3.38,0.667,0.875
ÃÖ¼ºÈÆ,2012,LG,37,0,0,6,5,5,3,6,0,2,73.333,331,279,85,5,12,6,30,1,4,5,0,23,39,36,1.57,4.42,0.455,0.96
ÃÖ¼ºÈÆ,2013,LG,4,0,0,0,1,0,0,0,0,0,2,12,11,4,1,0,0,0,0,1,0,0,2,1,1,2,4.5,,1
ÃÖ¿µÇÊ,2010,HAN,21,0,0,11,1,1,0,4,1,0,54.333,260,230,84,13,3,2,22,0,3,2,0,26,46,45,1.95,7.45,0.2,0.9
ÃÖ¿µÇÊ,2012,SK,46,0,0,0,8,2,2,1,0,5,53,215,199,52,7,3,1,10,2,2,0,0,40,27,27,1.17,4.58,0.667,0.917
ÃÖ¿µÇÊ,2013,SK,22,0,0,0,3,0,0,0,1,3,17.333,84,69,24,2,3,3,8,1,1,1,0,11,15,12,1.85,6.23,,1
ÃÖ¿µÇÊ,2014,KIA,40,0,0,0,4,4,4,2,0,14,53.667,228,206,52,6,4,2,15,1,1,3,0,45,25,19,1.25,3.19,0.667,1
ÃÖ¿µÈ¯,2014,HAN,50,0,0,0,18,1,1,2,1,2,64.667,304,250,76,9,3,2,43,2,6,9,1,42,54,51,1.84,7.1,0.333,1
ÃÖ¿ì¼®,2012,HAN,4,0,0,0,2,0,0,0,0,0,5.667,25,21,4,0,0,0,3,0,1,0,0,2,3,2,1.24,3.18,,0
ÃÖ¿øÀç,2010,SK,3,0,0,0,0,0,0,0,0,0,0.667,5,4,2,0,0,0,0,0,1,0,0,1,1,1,3,13.5,,0
ÃÖ¿øÀç,2011,SK,1,0,0,0,0,0,0,0,0,1,1.333,4,4,1,0,0,0,0,0,0,0,0,1,0,0,0.75,0,,0
ÃÖ¿øÁ¦,2012,SAM,1,0,0,0,0,0,0,0,0,0,1,3,3,0,0,0,0,0,0,0,0,0,0,0,0,0,0,,0
ÃÖ¿øÁ¦,2013,SAM,3,0,0,0,3,0,0,0,0,0,2.333,13,10,4,0,0,0,2,0,1,0,0,1,2,2,2.57,7.71,,0
ÃÖÀÎ¿µ,2011,LG,2,0,0,0,2,0,0,0,0,0,2.333,13,10,4,0,0,1,2,0,0,0,0,1,3,3,2.57,11.57,,1
ÃÖÁøÈ£,2011,HAN,4,0,0,0,3,0,0,0,0,0,2.667,16,12,4,0,0,0,3,0,1,2,0,3,3,3,2.63,10.13,,1
ÃÖÇâ³²,2012,KIA,24,0,0,0,18,1,1,3,9,2,20.333,85,75,19,0,1,2,6,0,1,0,0,20,10,9,1.23,3.98,0.25,0
ÃÖÇâ³²,2013,KIA,26,0,0,0,0,2,2,2,0,8,30.333,125,111,28,2,2,3,8,0,1,1,1,24,16,15,1.19,4.45,0.5,1
ÃÖÇöÁ¤,2014,KIA,8,0,0,0,5,0,0,0,0,0,7.333,38,32,12,1,0,2,4,0,0,2,0,2,8,8,2.18,9.82,,1
ÃÖÇöÁø,2011,DOO,1,0,0,1,0,0,0,1,0,0,4.667,20,15,1,1,0,0,4,0,1,0,0,3,5,5,1.07,9.64,0,1
Ä«µµÄí,2010,SK,30,0,0,27,0,14,1,7,0,0,153.667,647,573,146,14,14,2,52,2,6,11,0,143,65,55,1.29,3.22,0.667,0.969
Ä«µµÄí,2011,SAM,16,1,1,16,1,5,0,6,0,0,86.333,376,334,92,9,6,0,31,0,5,5,0,62,55,39,1.42,4.07,0.455,1
Ä«¸®´ë,2013,SAM,3,0,0,1,0,0,0,1,0,0,2.333,21,15,8,0,0,0,6,0,0,1,0,1,7,7,6,27,0,1
Ä«Æä¾á,2010,HAN,15,0,0,13,0,0,0,11,0,0,59,300,244,87,9,7,3,41,1,5,4,1,33,63,60,2.17,9.15,0,0.95
ÄÚ¸®,2011,LOT,25,0,0,8,9,4,2,3,3,1,72.333,300,277,83,8,7,2,10,1,4,2,0,48,41,34,1.29,4.23,0.571,1
ÄÝ·Ð,2010,KIA,21,1,0,21,1,8,0,7,0,0,103.667,454,393,97,6,9,2,41,0,9,14,1,57,51,45,1.33,3.91,0.533,0.905
Å©·ç¼¼,2010,SAM,26,0,0,20,1,6,1,10,0,1,97.667,442,375,106,8,4,4,54,1,5,13,1,78,62,57,1.64,5.25,0.375,0.75
Å¬·¹ÀÌ,2014,HAN,10,0,0,10,0,3,0,4,0,0,40,204,169,62,8,2,5,25,0,3,0,0,20,40,37,2.18,8.33,0.429,1
Å»º¸Æ®,2012,SAM,25,0,0,25,0,14,0,3,0,0,138.333,584,512,136,8,7,6,54,1,5,8,4,68,63,61,1.37,3.97,0.824,0.966
Åä¸¶½º,2014,KIA,10,0,0,9,1,2,0,2,0,0,46.667,210,186,55,3,3,1,19,1,1,0,0,51,26,23,1.59,4.44,0.5,0.818
Æ®·¹ºñ,2011,KIA,25,1,1,22,1,7,0,5,0,1,126.667,548,471,120,13,9,3,62,0,3,12,3,115,59,49,1.44,3.48,0.583,0.882
Æ¼Æ÷µå,2014,LG,20,0,0,19,0,5,0,6,0,0,99.667,455,387,105,9,7,4,51,2,6,2,0,85,64,58,1.57,5.24,0.455,0.967
Æä¸£³­,2011,DOO,25,0,0,12,12,3,1,6,6,0,78.333,364,301,96,5,11,3,44,1,5,6,0,66,54,53,1.79,6.09,0.333,0.909
ÇÁ·ÏÅÍ,2012,DOO,57,0,0,0,55,4,4,4,35,0,55.333,229,204,43,0,1,2,21,0,1,4,3,46,15,11,1.16,1.79,0.5,1
ÇÏ¿µ¹Î,2014,NEX,14,0,0,13,0,3,0,5,0,0,62.333,288,255,84,9,2,3,28,0,0,2,0,43,52,50,1.8,7.22,0.375,0.909
ÇÏÁØÈ£,2010,LOT,5,0,0,1,0,0,0,1,0,1,3,23,17,9,2,0,0,5,0,1,3,0,2,9,8,4.67,24,0,0
ÇÑ±âÁÖ,2011,KIA,16,0,0,3,12,1,0,3,7,0,28.667,126,112,31,0,2,0,11,0,1,2,0,20,13,13,1.47,4.08,0.25,1
ÇÑ±âÁÖ,2012,KIA,16,0,0,0,10,1,1,1,7,0,19.667,88,75,20,1,2,1,8,1,2,2,0,13,8,7,1.42,3.2,0.5,1
ÇÑ½ÂÇõ,2013,KIA,11,0,0,0,5,0,0,0,0,0,19,92,81,24,0,0,1,8,0,2,3,0,15,10,10,1.68,4.74,,1
ÇÑ½ÂÇõ,2014,KIA,26,0,0,6,7,1,0,5,0,0,58.667,277,220,62,5,4,2,48,0,3,6,0,54,47,47,1.88,7.21,0.167,1
ÇÑÇöÈñ,2012,NEX,43,0,0,4,8,3,3,4,0,7,69.333,281,241,54,4,3,4,22,0,11,3,0,54,26,24,1.1,3.12,0.429,0.95
ÇÑÇöÈñ,2013,NEX,69,0,0,0,13,5,5,0,1,27,67.333,287,249,64,7,5,0,25,0,8,4,0,56,27,24,1.32,3.21,1,0.955
ÇÑÇöÈñ,2014,NEX,66,0,0,0,7,4,4,2,2,31,78.667,342,304,75,6,2,1,31,1,4,2,0,83,30,28,1.35,3.2,0.667,0.947
ÇÑÈñ,2010,LG,11,0,0,3,5,0,0,1,0,0,20,96,82,23,6,0,0,11,0,3,2,0,17,18,18,1.7,8.1,0,1
ÇÑÈñ,2011,LG,47,0,0,0,13,2,2,1,0,7,67.333,275,237,47,3,3,6,22,1,7,2,0,51,19,17,1.02,2.27,0.667,0.938
ÇÑÈñ,2012,LG,19,0,0,0,7,1,1,1,0,4,20.333,90,80,24,3,1,1,6,1,2,0,0,11,12,12,1.48,5.31,0.5,0.8
ÇÔ´öÁÖ,2013,DOO,3,0,0,0,0,0,0,0,0,0,1.333,12,10,6,0,0,0,2,0,0,2,0,2,5,5,6,33.75,,0
ÇÔ´öÁÖ,2014,DOO,31,0,0,0,6,1,1,0,0,2,26.333,111,95,24,2,1,2,12,0,1,2,0,23,13,13,1.37,4.44,1,0.8
ÇØÄ¿,2013,NC,27,3,0,26,4,4,0,11,0,0,178.333,744,664,163,12,8,5,50,0,17,5,0,127,83,72,1.19,3.63,0.267,0.935
ÇØÄ¿,2014,NC,30,1,0,29,1,8,0,8,0,0,172.667,749,656,169,14,10,7,62,0,14,5,0,112,86,77,1.34,4.01,0.5,0.935
ÇÚÅ²½º,2013,DOO,12,0,0,10,0,3,0,3,0,0,60.667,273,242,79,5,5,2,21,0,3,1,1,30,42,42,1.65,6.23,0.5,1
Çã°Ç¿±,2014,SK,3,0,0,0,2,0,0,0,0,0,5,18,16,3,0,0,0,2,0,0,0,0,1,0,0,1,0,,1
ÇãÀ¯°­,2010,HAN,42,0,0,0,5,1,1,2,0,2,46.333,222,187,65,5,2,5,20,0,8,1,0,25,45,39,1.83,7.58,0.333,1
ÇãÀ¯°­,2014,HAN,1,0,0,0,1,0,0,0,0,0,0.667,4,4,2,1,0,0,0,0,0,0,0,0,1,1,3,13.5,,0
ÇãÁØÇõ,2010,LOT,57,0,0,0,7,1,1,0,1,9,40,182,151,43,5,5,1,22,5,3,2,0,30,22,19,1.63,4.28,1,1
ÇãÁØÇõ,2011,LOT,13,0,0,0,10,0,0,0,0,0,18.667,79,66,13,1,2,0,8,1,3,0,0,8,10,10,1.13,4.82,,1
ÇãÁØÇõ,2012,SK,15,0,0,3,3,0,0,0,0,1,16.333,77,61,17,1,1,1,13,1,1,0,0,7,7,7,1.84,3.86,,1
ÇãÁØÇõ,2012,LOT,5,0,0,1,1,0,0,0,0,0,7.667,27,25,4,0,0,0,2,0,0,0,0,2,0,0,0.78,0,,1
ÇãÁØÇõ,2013,LOT,11,0,0,1,5,0,0,1,0,0,17.667,73,60,14,1,1,0,10,0,2,1,0,13,9,9,1.36,4.58,0,1
ÇãÁØÇõ,2014,DOO,8,0,0,0,1,0,0,0,0,0,6.333,39,32,17,1,0,1,4,0,2,0,0,3,10,10,3.32,14.21,,1
ÇãÁØÇõ,2014,LOT,2,0,0,0,1,0,0,0,0,0,2,12,8,3,0,1,1,1,0,1,1,0,1,3,2,2,9,,1
È¦Æ°,2014,KIA,17,0,0,17,0,5,0,8,0,0,93.667,417,353,96,10,7,6,48,0,3,4,0,58,54,50,1.54,4.8,0.385,1
È«°ÇÈñ,2011,KIA,5,0,0,0,4,0,0,0,0,0,5.333,26,22,7,0,0,1,2,0,1,1,0,3,4,4,1.69,6.75,,1
È«»ó»ï,2010,DOO,30,0,0,14,10,4,0,3,0,1,96.667,436,374,102,17,3,5,49,0,5,8,0,86,74,69,1.56,6.42,0.571,0.955
È«»ó»ï,2011,DOO,6,0,0,4,1,0,0,1,0,0,21.333,96,83,26,6,0,1,10,0,2,1,1,5,16,15,1.69,6.33,0,1
È«»ó»ï,2012,DOO,53,0,0,0,10,5,5,2,1,22,65.333,260,225,35,2,3,1,29,3,2,2,0,69,18,14,0.98,1.93,0.714,0.933
È«»ó»ï,2013,DOO,55,0,0,0,14,5,5,4,5,9,72,309,256,51,8,3,3,45,3,2,9,0,77,22,20,1.33,2.5,0.556,0.857
È«»ó»ï,2014,DOO,12,0,0,3,3,0,0,3,0,1,21,109,86,26,4,0,1,20,0,2,5,1,17,21,20,2.19,8.57,0,0.333
È«¼º¹Î,2012,KIA,48,0,0,0,13,0,0,0,1,3,56,245,210,61,5,5,0,25,1,5,2,0,32,22,21,1.54,3.38,,1
È«¼º¹Î,2013,LOT,25,0,0,3,7,4,3,2,1,2,48.667,207,182,54,3,2,2,18,0,3,1,0,22,20,17,1.48,3.14,0.667,1
È«¼º¹Î,2014,LOT,14,0,0,6,3,2,0,3,0,0,36,156,143,42,7,1,0,12,0,0,0,0,11,23,19,1.5,4.75,0.4,0.8
È«¼º¿ë,2014,NC,22,0,0,0,6,0,0,1,0,3,12.667,57,47,12,1,0,1,8,1,1,0,0,5,7,6,1.58,4.26,0,1
È²´ö±Õ,2013,NC,1,0,0,0,0,0,0,0,0,0,0,3,1,1,0,0,0,1,0,1,1,0,0,2,2,,,,
È²¿µ±¹,2014,HAN,1,0,0,0,1,0,0,0,0,0,1,5,4,2,0,0,0,1,0,0,0,0,0,1,1,3,9,,0
È²Àç±Ô,2010,HAN,9,0,0,0,2,0,0,0,0,0,9,50,41,15,0,0,0,9,0,0,2,0,6,10,10,2.67,10,,1
È²Àç±Ô,2013,HAN,21,0,0,1,8,1,1,0,0,0,34.667,148,138,37,2,0,2,6,0,2,0,1,25,19,16,1.24,4.15,1,1
È²Àç±Ô,2014,HAN,8,0,0,0,3,0,0,1,0,0,8.333,46,39,17,1,0,1,5,0,1,1,0,3,16,16,2.64,17.28,0,0
È÷¸Þ³×,2010,DOO,27,1,0,26,1,14,0,5,0,0,152,654,562,139,7,15,6,62,0,9,5,0,87,65,56,1.32,3.32,0.737,0.9
