name,year,team,TBF,IP,HA,HRA,BBA,HBPA,SOA,RA,ER,ERA,WHIP,SOAPER,BBAPER,LOBPER
가득염,2010,SK,60,16.333,14,1,10,0,12,9,8,4.41,1.47,1.333,1.111,0.708
강동연,2013,두산,7,2,1,0,0,0,1,1,0,0,0.5,0.111,0,1
강동연,2014,두산,8,1,5,1,0,0,3,3,3,27,5,0.333,0,0.556
강승현,2013,롯데,8,2,3,0,1,0,2,3,2,9,2,0.222,0.111,0.5
강승현,2014,롯데,34,5.667,18,2,2,0,3,19,16,25.41,3.53,0.333,0.222,0.233
강영식,2010,롯데,199,52.667,50,6,24,1,58,28,26,4.44,1.41,6.444,2.667,0.736
강영식,2011,롯데,150,41,35,5,22,2,39,16,16,3.51,1.39,4.333,2.444,0.827
강영식,2012,롯데,159,41.667,41,2,19,0,49,19,18,3.89,1.44,5.444,2.111,0.734
강영식,2013,롯데,141,39.667,32,1,19,2,40,17,17,3.86,1.29,4.444,2.111,0.698
강영식,2014,롯데,173,47,46,4,24,2,42,25,25,4.79,1.49,4.667,2.667,0.708
강윤구,2010,넥센,56,15,15,2,13,1,11,13,12,7.2,1.87,1.222,1.444,0.649
강윤구,2011,넥센,69,21,15,0,11,0,11,5,5,2.14,1.24,1.222,1.222,0.808
강윤구,2012,넥센,433,125.667,89,14,74,7,127,58,57,4.08,1.3,14.111,8.222,0.751
강윤구,2013,넥센,470,130,112,6,75,8,131,69,63,4.36,1.44,14.556,8.333,0.707
강윤구,2014,넥센,177,42,60,17,32,1,36,43,36,7.71,2.19,4,3.556,0.824
강철민,2010,LG,39,11.667,8,2,8,1,10,7,7,5.4,1.37,1.111,0.889,0.704
경헌호,2011,LG,25,7,4,0,0,1,1,3,2,2.57,0.57,0.111,0,0.6
고든,2011,SK,278,75.667,68,3,20,4,70,34,32,3.81,1.16,7.778,2.222,0.683
고든,2012,삼성,500,128,144,10,38,2,80,61,56,3.94,1.42,8.889,4.222,0.753
고우석,2011,KIA,3,1.333,0,0,2,0,2,0,0,0,1.5,0.222,0.222,1
고우석,2012,KIA,28,6.667,9,0,5,0,9,4,4,5.4,2.1,1,0.556,0.714
고원준,2010,넥센,483,131,123,15,61,12,87,64,60,4.12,1.4,9.667,6.778,0.777
고원준,2011,롯데,580,152.667,163,15,59,6,85,77,71,4.19,1.45,9.444,6.556,0.758
고원준,2012,롯데,372,95.333,109,7,43,11,45,52,45,4.25,1.59,5,4.778,0.77
고원준,2013,롯데,200,51.333,64,4,22,3,26,37,32,5.61,1.68,2.889,2.444,0.683
고창성,2010,두산,300,82,68,7,16,11,67,37,33,3.62,1.02,7.444,1.778,0.728
고창성,2011,두산,187,50.667,50,4,24,7,40,27,25,4.44,1.46,4.444,2.667,0.743
고창성,2012,두산,62,15.667,22,2,7,3,5,15,15,8.62,1.85,0.556,0.778,0.582
고창성,2013,NC,86,20.667,27,0,12,5,13,12,11,4.79,1.89,1.444,1.333,0.75
고창성,2014,NC,96,25,25,1,7,3,11,9,5,1.8,1.28,1.222,0.778,0.893
고효준,2010,SK,403,106.667,106,16,61,5,101,68,61,5.15,1.57,11.222,6.778,0.742
고효준,2011,SK,373,105.667,87,4,69,6,89,55,50,4.26,1.48,9.889,7.667,0.716
고효준,2014,SK,207,51,67,11,38,5,40,57,52,9.18,2.06,4.444,4.222,0.613
곤잘레,2010,LG,176,43.333,49,4,21,5,23,40,37,7.68,1.62,2.556,2.333,0.548
곽동훈,2011,삼성,7,1.333,3,1,0,0,0,3,3,20.25,2.25,0,0,0
곽정철,2010,KIA,224,58,62,6,24,3,70,38,36,5.59,1.48,7.778,2.667,0.658
곽정철,2011,KIA,81,20.667,21,4,11,2,27,12,11,4.79,1.55,3,1.222,0.81
구대성,2010,한화,22,4.667,7,2,3,0,3,6,5,9.64,2.14,0.333,0.333,0.694
구본범,2014,한화,18,3.667,8,1,0,0,2,5,5,12.27,2.18,0.222,0,0.455
구승민,2014,롯데,1,0.667,0,0,0,0,1,0,0,0,0,0.111,0,NA
구자운,2010,삼성,10,3,1,0,3,0,3,2,2,6,1.33,0.333,0.333,0.5
권오준,2011,삼성,187,48.333,48,2,10,2,52,17,15,2.79,1.2,5.778,1.111,0.787
권오준,2012,삼성,155,42.667,32,2,13,0,48,15,14,2.95,1.05,5.333,1.444,0.735
권오준,2014,삼성,5,1,3,0,0,0,0,2,2,18,3,0,0,0.333
권혁,2010,삼성,254,73.333,54,6,19,2,73,18,17,2.09,1,8.111,2.111,0.871
권혁,2011,삼성,173,48.333,38,2,22,2,27,19,15,2.79,1.24,3,2.444,0.794
권혁,2012,삼성,182,49.333,48,2,20,1,38,18,17,3.1,1.38,4.222,2.222,0.785
권혁,2013,삼성,141,36.333,35,5,16,1,41,17,16,3.96,1.4,4.556,1.778,0.8
권혁,2014,삼성,125,34.667,27,4,11,0,38,13,11,2.86,1.1,4.222,1.222,0.833
글로버,2010,SK,405,105,113,18,50,5,85,71,66,5.66,1.55,9.444,5.556,0.714
글로버,2011,SK,454,121,115,11,41,9,122,65,57,4.24,1.29,13.556,4.556,0.722
금민철,2010,넥센,435,120.667,118,10,71,15,86,63,59,4.4,1.57,9.556,7.889,0.763
금민철,2011,넥센,116,32.333,31,3,31,4,16,28,19,5.29,1.92,1.778,3.444,0.761
금민철,2014,넥센,166,41.667,51,4,30,7,24,35,28,6.05,1.94,2.667,3.333,0.728
김강률,2011,두산,100,25.333,30,2,13,1,20,11,11,3.91,1.7,2.222,1.444,0.801
김강률,2012,두산,121,34.333,28,1,17,2,27,11,11,2.88,1.31,3,1.889,0.789
김강률,2013,두산,74,19.667,18,1,17,0,17,8,7,3.2,1.78,1.889,1.889,0.833
김강률,2014,두산,71,16.667,25,5,7,0,13,16,15,8.1,1.92,1.444,0.778,0.68
김건한,2010,KIA,310,77,87,5,34,7,61,53,45,5.26,1.57,6.778,3.778,0.686
김건한,2011,KIA,247,67.333,67,5,30,9,42,39,38,5.08,1.44,4.667,3.333,0.687
김건한,2012,삼성,137,34,41,2,15,3,27,23,20,5.29,1.65,3,1.667,0.694
김건한,2013,삼성,72,14.333,31,1,11,0,12,20,20,12.56,2.93,1.333,1.222,0.542
김건한,2014,삼성,147,36.333,42,2,9,8,23,27,22,5.45,1.4,2.556,1,0.658
김경태,2011,한화,3,1,0,0,0,0,3,0,0,0,0,0.333,0,NA
김경태,2012,한화,6,1.667,1,0,3,0,0,1,1,5.4,2.4,0,0.333,0.75
김경태,2013,한화,84,23.333,21,1,21,5,15,20,17,6.56,1.8,1.667,2.333,0.658
김광삼,2010,LG,423,111,125,10,50,14,60,74,70,5.68,1.58,6.667,5.556,0.68
김광삼,2011,LG,361,93,108,8,41,4,41,58,49,4.74,1.6,4.556,4.556,0.733
김광삼,2012,LG,405,104.333,114,3,38,9,46,63,57,4.92,1.46,5.111,4.222,0.663
김광수,2010,LG,296,76.667,90,5,31,5,71,33,29,3.4,1.58,7.889,3.444,0.815
김광수,2011,한화,154,37.667,53,3,24,2,24,20,20,4.78,2.04,2.667,2.667,0.789
김광수,2012,한화,74,15.667,30,2,5,1,11,15,14,8.04,2.23,1.222,0.556,0.663
김광수,2013,한화,262,67.667,75,3,16,6,41,45,43,5.72,1.34,4.556,1.778,0.582
김광수,2014,한화,3,0,3,1,0,0,0,3,3,NA,NA,0,0,0
김광현,2010,SK,693,193.667,153,13,84,5,183,56,51,2.37,1.22,20.333,9.333,0.853
김광현,2011,SK,277,74.333,70,6,45,2,61,45,40,4.84,1.55,6.778,5,0.709
김광현,2012,SK,296,81.667,85,9,36,2,65,44,39,4.3,1.48,7.222,4,0.761
김광현,2013,SK,494,133,128,12,68,4,102,72,66,4.47,1.47,11.333,7.556,0.731
김광현,2014,SK,650,173.667,178,10,81,3,145,77,66,3.42,1.49,16.111,9,0.79
김기태,2012,삼성,23,5,8,0,1,0,2,4,4,7.2,1.8,0.222,0.111,0.556
김기태,2013,삼성,18,4.333,5,0,5,0,2,5,4,8.31,2.31,0.222,0.556,0.6
김기태,2014,삼성,39,8.667,13,2,1,0,8,7,7,7.27,1.62,0.889,0.111,0.625
김기표,2010,LG,156,42.667,41,2,13,8,24,21,21,4.43,1.27,2.667,1.444,0.693
김기표,2011,LG,25,5,11,1,1,0,2,7,7,12.6,2.4,0.222,0.111,0.472
김기표,2012,LG,101,26.667,27,2,7,3,13,10,9,3.04,1.28,1.444,0.778,0.819
김기표,2013,LG,14,3.333,3,0,0,0,1,0,0,0,0.9,0.111,0,1
김기표,2014,LG,9,2,2,2,0,1,1,3,3,13.5,1,0.111,0,0
김기현,2014,한화,107,23.333,38,9,7,1,15,21,15,5.79,1.93,1.667,0.778,0.928
김대우,2010,롯데,35,7.667,15,2,3,0,4,12,12,14.09,2.35,0.444,0.333,0.395
김대우,2011,넥센,101,27,26,0,19,4,28,20,18,6,1.67,3.111,2.111,0.633
김대우,2014,넥센,287,73.667,88,9,45,8,66,48,45,5.5,1.81,7.333,5,0.748
김대유,2014,SK,43,11.667,12,1,19,1,14,13,13,10.03,2.66,1.556,2.111,0.621
김동준,2014,넥센,24,6,6,1,8,0,2,4,4,6,2.33,0.222,0.889,0.794
김명성,2011,롯데,37,7.667,14,3,2,0,3,8,8,9.39,2.09,0.333,0.222,0.678
김명성,2013,두산,39,11,7,0,7,0,9,5,5,4.09,1.27,1,0.778,0.643
김명성,2014,두산,25,7.667,4,1,2,0,3,2,2,2.35,0.78,0.333,0.222,0.87
김병현,2012,넥센,240,62,65,6,34,14,43,44,39,5.66,1.6,4.778,3.778,0.707
김병현,2013,넥센,279,75.333,71,7,36,13,43,46,44,5.26,1.42,4.778,4,0.69
김병현,2014,KIA,282,71,88,5,27,13,66,58,56,7.1,1.62,7.333,3,0.595
김사율,2010,롯데,220,57.667,59,4,25,5,38,28,24,3.75,1.46,4.222,2.778,0.779
김사율,2011,롯데,249,66.333,60,4,22,2,54,27,24,3.26,1.24,6,2.444,0.765
김사율,2012,롯데,175,45.333,45,4,11,2,43,16,15,2.98,1.24,4.778,1.222,0.821
김사율,2013,롯데,277,74.333,74,11,34,2,47,35,33,4,1.45,5.222,3.778,0.814
김사율,2014,롯데,314,79.333,95,13,30,3,71,55,51,5.79,1.58,7.889,3.333,0.701
김상수,2010,넥센,175,45,52,5,26,2,35,33,31,6.2,1.73,3.889,2.889,0.671
김상수,2011,넥센,233,59.667,68,3,36,9,74,44,43,6.49,1.74,8.222,4,0.643
김상수,2012,넥센,162,45.667,42,4,39,2,36,24,24,4.73,1.77,4,4.333,0.762
김상수,2013,넥센,102,28.333,27,1,13,2,20,16,16,5.08,1.41,2.222,1.444,0.64
김선규,2010,LG,100,27.333,30,2,14,3,14,19,18,5.93,1.61,1.556,1.556,0.656
김선규,2011,LG,251,66.667,66,4,22,6,28,34,31,4.19,1.32,3.111,2.444,0.713
김선규,2012,LG,66,15.667,23,1,8,2,6,10,10,5.74,1.98,0.667,0.889,0.728
김선규,2013,LG,108,29,31,2,8,5,9,10,9,2.79,1.34,1,0.889,0.85
김선규,2014,LG,77,17.667,25,2,9,6,7,21,14,7.13,1.92,0.778,1,0.699
김선우,2010,두산,589,154.667,163,12,50,8,128,77,69,4.02,1.38,14.222,5.556,0.744
김선우,2011,두산,669,175.667,188,12,35,6,89,68,61,3.13,1.27,9.889,3.889,0.792
김선우,2012,두산,20,5,6,0,0,0,2,0,0,0,1.2,0.222,0,1
김선우,2013,두산,235,60.333,77,6,18,7,20,41,37,5.52,1.57,2.222,2,0.694
김선우,2014,LG,38,8.333,14,2,4,1,3,13,13,14.04,2.16,0.333,0.444,0.37
김선우,2014,두산,623,163.333,182,13,41,8,63,91,82,4.52,1.37,7,4.556,0.7
김성계,2012,KIA,3,1,1,0,0,0,0,0,0,0,1,0,0,1
김성배,2010,넥센,242,66,60,9,22,2,45,35,29,3.95,1.24,5,2.444,0.77
김성배,2010,두산,74,19.333,21,2,5,2,9,13,12,5.59,1.34,1,0.556,0.635
김성배,2011,넥센,341,89.667,89,8,38,3,71,51,48,4.82,1.42,7.889,4.222,0.69
김성배,2011,두산,202,52,66,4,20,1,29,38,34,5.88,1.65,3.222,2.222,0.651
김성배,2012,롯데,193,53.333,46,2,20,4,33,20,19,3.21,1.24,3.667,2.222,0.759
김성배,2013,롯데,213,59,45,1,21,3,58,20,20,3.05,1.12,6.444,2.333,0.725
김성배,2014,롯데,171,40.667,54,7,22,2,32,28,27,5.98,1.87,3.556,2.444,0.748
김성현,2010,넥센,336,90,91,10,41,1,60,51,49,4.9,1.47,6.667,4.556,0.706
김성현,2011,LG,444,117.667,128,10,67,2,68,75,71,5.43,1.66,7.556,7.444,0.689
김성호,2012,롯데,5,11.667,2,1,2,1,1,2,2,10.8,2.4,0.111,0.222,0.833
김수경,2010,넥센,19,3.333,9,1,3,0,4,5,5,13.5,3.6,0.444,0.333,0.66
김수경,2011,넥센,262,69,65,6,22,2,37,27,26,3.39,1.26,4.111,2.444,0.782
김수경,2012,넥센,51,12.667,19,0,4,1,5,3,3,2.13,1.82,0.556,0.444,0.875
김수완,2010,롯데,239,63.667,61,9,16,5,44,32,28,3.96,1.21,4.889,1.778,0.778
김수완,2011,롯데,143,35,46,2,17,1,29,29,26,6.69,1.8,3.222,1.889,0.621
김수완,2012,롯데,151,40.667,37,3,13,1,24,20,17,3.76,1.23,2.667,1.444,0.726
김수완,2013,롯데,188,50.667,57,4,25,2,22,28,23,4.09,1.62,2.444,2.778,0.778
김수완,2014,두산,11,1.333,7,0,1,0,0,5,5,33.75,6,0,0.111,0.375
김승회,2010,두산,149,40.333,38,6,10,2,26,20,19,4.24,1.19,2.889,1.111,0.745
김승회,2011,두산,240,65.333,61,7,33,6,53,39,34,4.68,1.44,5.889,3.667,0.732
김승회,2012,두산,438,120.333,109,9,38,4,62,62,54,4.04,1.22,6.889,4.222,0.701
김승회,2013,롯데,298,73,92,6,29,3,54,49,43,5.3,1.66,6,3.222,0.701
김승회,2014,롯데,201,56,47,4,18,3,40,19,19,3.05,1.16,4.444,2,0.785
김영민,2011,넥센,86,22.667,27,1,15,5,10,17,15,5.96,1.85,1.111,1.667,0.702
김영민,2012,넥센,467,121,143,9,70,3,90,68,63,4.69,1.76,10,7.778,0.752
김영민,2013,넥센,399,101.333,119,7,48,3,55,62,58,5.15,1.65,6.111,5.333,0.699
김영민,2014,넥센,181,45,62,3,29,5,33,43,40,8,2.02,3.667,3.222,0.61
김용주,2010,한화,10,2,6,2,5,1,1,9,9,40.5,5.5,0.111,0.556,0.326
김용주,2013,한화,28,7,8,0,4,0,9,4,3,3.86,1.71,1,0.444,0.75
김원형,2010,SK,11,2.333,3,0,0,0,0,2,0,0,1.29,0,0,1
김유영,2014,롯데,29,7.667,8,0,7,0,2,5,5,5.87,1.96,0.222,0.778,0.667
김윤동,2013,KIA,3,0,3,0,2,0,0,2,2,NA,NA,0,0.222,0.6
김일엽,2010,롯데,169,44.333,46,9,12,3,33,24,24,4.87,1.31,3.667,1.333,0.764
김일엽,2011,롯데,110,28.667,31,3,11,3,21,15,15,4.71,1.47,2.333,1.222,0.735
김일엽,2012,롯데,6,0.667,4,0,1,0,0,4,3,40.5,7.5,0,0.111,0.4
김일엽,2013,한화,29,6.667,9,0,6,3,2,7,7,9.45,2.25,0.222,0.667,0.611
김재현,2010,한화,35,8.667,10,2,2,2,8,5,5,5.19,1.38,0.889,0.222,0.804
김정훈,2010,넥센,30,7.667,10,1,4,1,5,8,8,9.39,1.83,0.556,0.444,0.515
김정훈,2012,넥센,36,10,10,1,5,1,7,8,4,3.6,1.5,0.778,0.556,0.822
김종훈,2012,KIA,23,5.667,9,1,6,0,5,4,4,6.35,2.65,0.556,0.667,0.809
김준,2012,SK,13,3,4,0,1,0,3,0,0,0,1.67,0.333,0.111,1
김준,2013,SK,25,6.333,6,0,2,0,1,2,2,2.84,1.26,0.111,0.222,0.75
김준,2014,KIA,0,0,0,0,1,0,0,0,0,NA,NA,0,0.111,1
김지용,2010,LG,29,8,10,2,3,0,5,7,7,7.88,1.63,0.556,0.333,0.588
김지훈,2014,KIA,53,12.667,19,2,9,0,7,12,12,8.53,2.21,0.778,1,0.635
김진성,2013,NC,123,34,32,5,17,2,28,20,18,4.76,1.44,3.111,1.889,0.75
김진성,2014,NC,180,48.333,40,4,26,2,52,25,22,4.1,1.37,5.778,2.889,0.737
김진우,2011,KIA,33,8.667,6,0,7,1,12,5,5,5.19,1.5,1.333,0.778,0.643
김진우,2013,KIA,503,126.333,147,8,49,13,130,77,70,4.99,1.55,14.444,5.444,0.703
김진우,2014,KIA,348,90.667,100,8,61,7,85,66,60,5.96,1.78,9.444,6.778,0.689
김창훈,2010,두산,27,7.667,4,2,3,0,8,3,3,3.52,0.91,0.889,0.333,0.952
김창훈,2011,두산,47,12.667,11,2,10,2,11,9,9,6.39,1.66,1.222,1.111,0.693
김창훈,2012,두산,66,21.667,9,0,12,2,15,5,5,2.08,0.97,1.667,1.333,0.783
김창훈,2013,두산,10,2.667,4,1,3,1,3,1,1,3.38,2.63,0.333,0.333,1.061
김태영,2011,두산,247,63.667,71,5,20,3,41,30,28,3.96,1.43,4.556,2.222,0.759
김태영,2012,두산,65,17,14,1,8,0,15,6,6,3.18,1.29,1.667,0.889,0.777
김태영,2013,두산,259,67,78,5,23,5,36,46,44,5.91,1.51,4,2.556,0.626
김태영,2014,KIA,201,50.667,56,6,17,5,45,34,32,5.68,1.44,5,1.889,0.661
김태훈,2010,SK,0,0,0,0,1,0,0,0,0,NA,NA,0,0.111,1
김태훈,2011,SK,69,18,18,0,11,1,15,8,8,4,1.61,1.667,1.222,0.733
김태훈,2012,SK,37,8.667,12,0,10,1,6,11,9,9.35,2.54,0.667,1.111,0.609
김혁민,2010,한화,146,40.333,36,7,37,3,21,32,31,6.92,1.81,2.333,4.111,0.68
김혁민,2011,한화,489,128.667,132,18,56,2,109,78,71,4.97,1.46,12.111,6.222,0.722
김혁민,2013,한화,548,146.667,142,25,60,12,96,93,88,5.4,1.38,10.667,6.667,0.704
김혁민,2014,한화,539,146.333,137,9,45,9,102,69,66,4.06,1.24,11.333,5,0.701
김현우,2010,삼성,6,1.667,1,1,1,0,2,1,1,5.4,1.2,0.222,0.111,1.667
김현우,2013,삼성,49,13,11,2,6,0,18,5,5,3.46,1.31,2,0.667,0.845
김현우,2014,삼성,111,31,25,4,8,1,29,8,8,2.32,1.06,3.222,0.889,0.915
김효남,2010,삼성,94,24,24,2,13,1,16,15,11,4.13,1.54,1.778,1.444,0.767
김효남,2011,삼성,14,4.333,4,0,1,0,4,0,0,0,1.15,0.444,0.111,1
김효남,2012,삼성,63,16.333,17,2,3,1,13,5,5,2.76,1.22,1.444,0.333,0.879
김효남,2013,LG,10,3.333,1,0,1,0,2,1,1,2.7,0.6,0.222,0.111,0.5
나승현,2010,롯데,19,2.333,12,2,2,1,2,10,10,38.57,6,0.222,0.222,0.41
나이트,2010,삼성,318,83.333,87,5,42,2,66,47,42,4.54,1.55,7.333,4.667,0.718
나이트,2011,넥센,628,172.333,169,12,98,12,115,98,90,4.7,1.55,12.778,10.889,0.721
나이트,2012,넥센,750,208.667,180,6,53,7,102,60,51,2.2,1.12,11.333,5.889,0.816
나이트,2013,넥센,660,172.667,192,10,79,14,129,96,85,4.43,1.57,14.333,8.778,0.738
나이트,2014,넥센,116,29.333,36,5,22,1,19,22,18,5.52,1.98,2.111,2.444,0.788
노경은,2010,두산,44,9.333,17,1,1,1,8,14,14,13.5,1.93,0.889,0.111,0.284
노경은,2011,두산,243,62.667,71,3,36,2,53,39,36,5.17,1.71,5.889,4,0.697
노경은,2013,두산,672,180.333,171,16,75,6,153,88,77,3.84,1.36,17,8.333,0.762
노경은,2014,두산,519,146,106,6,69,8,133,46,41,2.53,1.2,14.778,7.667,0.813
노성호,2013,NC,219,58,64,9,38,2,62,50,47,7.29,1.76,6.889,4.222,0.624
노성호,2014,NC,178,48.333,44,6,28,2,37,25,24,4.47,1.49,4.111,3.111,0.762
노진용,2014,삼성,2,0.333,1,1,0,0,1,1,1,27,3,0.111,0,0
니코스,2010,넥센,123,32.333,38,3,17,5,25,24,24,6.68,1.7,2.778,1.889,0.645
니퍼트,2011,두산,668,187,150,8,64,10,150,61,53,2.55,1.14,16.667,7.111,0.804
니퍼트,2012,두산,691,194,156,15,68,8,126,70,69,3.2,1.15,14,7.556,0.773
니퍼트,2013,두산,438,118,108,7,34,4,104,52,47,3.58,1.2,11.556,3.778,0.727
니퍼트,2014,두산,692,179.333,186,17,48,6,158,83,76,3.81,1.3,17.556,5.333,0.759
더마트,2010,LG,250,61.333,83,10,37,3,29,58,56,8.22,1.96,3.222,4.111,0.615
데폴라,2010,한화,493,131.667,133,8,58,10,68,74,67,4.58,1.45,7.556,6.444,0.706
데폴라,2011,한화,170,44.333,51,3,24,5,34,29,27,5.48,1.69,3.778,2.667,0.699
라미레,2012,KIA,45,11.667,15,1,3,0,5,5,5,3.86,1.54,0.556,0.333,0.783
라이트,2010,KIA,32,9,5,0,9,2,12,5,5,5,1.56,1.333,1,0.688
레딩,2010,삼성,129,35.333,40,2,11,2,19,20,20,5.09,1.44,2.111,1.222,0.657
레이예,2013,SK,630,173,157,15,91,7,135,99,93,4.84,1.43,15,10.111,0.692
레이예,2014,SK,319,78.333,103,10,38,3,41,64,57,6.55,1.8,4.556,4.222,0.669
로드리,2013,삼성,210,57.333,49,6,30,2,46,29,28,4.4,1.38,5.111,3.333,0.73
로페즈,2010,KIA,639,166,180,22,43,8,83,92,86,4.66,1.34,9.222,4.778,0.724
로페즈,2011,KIA,580,153.667,153,14,26,9,106,71,68,3.98,1.16,11.778,2.889,0.713
로페즈,2012,SK,106,28,26,3,3,1,13,13,12,3.86,1.04,1.444,0.333,0.698
류제국,2013,LG,417,111.667,109,11,50,9,88,50,48,3.87,1.42,9.778,5.556,0.786
류제국,2014,LG,581,147.667,146,13,58,13,128,100,84,5.12,1.38,14.222,6.444,0.669
류택현,2010,LG,23,4.667,10,0,4,1,3,6,4,7.71,3,0.333,0.444,0.733
류택현,2012,LG,86,24.333,20,2,8,1,15,9,9,3.33,1.15,1.667,0.889,0.763
류택현,2013,LG,112,29.333,31,2,6,2,23,10,10,3.07,1.26,2.556,0.667,0.801
류택현,2014,LG,5,1,3,2,0,1,0,3,3,27,3,0,0,0.833
류현진,2010,한화,677,192.667,149,11,45,9,187,42,39,1.82,1.01,20.778,5,0.874
류현진,2011,한화,466,126,101,12,38,1,128,54,47,3.36,1.1,14.222,4.222,0.755
류현진,2014,한화,659,182.667,153,12,46,5,210,58,54,2.66,1.09,23.333,5.111,0.801
리오단,2014,LG,646,168,177,13,37,10,77,80,74,3.96,1.27,8.556,4.111,0.729
리즈,2011,LG,600,164.667,149,11,84,15,122,79,71,3.88,1.41,13.556,9.333,0.761
리즈,2012,LG,556,151.333,138,6,68,9,144,68,62,3.69,1.36,16,7.556,0.741
리즈,2013,LG,713,202.667,153,11,88,20,188,78,69,3.06,1.19,20.889,9.778,0.782
마리오,2012,SK,350,95.333,88,6,39,5,49,38,36,3.4,1.33,5.444,4.333,0.777
마야,2014,두산,242,63,67,6,24,4,54,36,34,4.86,1.44,6,2.667,0.704
마일영,2010,한화,172,43.667,51,9,20,1,26,37,34,7.01,1.63,2.889,2.222,0.64
마일영,2011,한화,262,69.667,75,4,49,3,32,46,45,5.81,1.78,3.556,5.444,0.675
마일영,2012,한화,255,61.667,86,6,18,2,31,46,38,5.55,1.69,3.444,2,0.697
마일영,2013,한화,51,12.333,17,1,6,2,6,9,9,6.57,1.86,0.667,0.667,0.678
마일영,2014,한화,90,20,32,1,9,4,8,20,19,8.55,2.05,0.889,1,0.596
마정길,2010,넥센,210,56.333,51,6,28,6,43,23,19,3.04,1.4,4.778,3.111,0.862
마정길,2011,넥센,169,48.333,37,3,24,7,46,20,18,3.35,1.26,5.111,2.667,0.784
마정길,2013,넥센,123,33,32,1,18,3,31,20,15,4.09,1.52,3.444,2,0.736
마정길,2014,넥센,237,64,57,9,30,12,55,37,34,4.78,1.36,6.111,3.333,0.752
마틴,2014,삼성,513,128,148,10,31,7,84,69,68,4.78,1.4,9.333,3.444,0.686
매그레,2011,SK,207,53.667,63,9,19,4,38,32,32,5.37,1.53,4.222,2.111,0.736
매티스,2011,삼성,235,64.333,59,1,34,0,32,19,18,2.52,1.45,3.556,3.778,0.819
명재철,2013,한화,14,3,6,0,2,1,1,4,4,12,2.67,0.111,0.222,0.556
문광은,2010,SK,63,18.667,13,1,11,0,16,10,10,4.82,1.29,1.778,1.222,0.619
문광은,2011,SK,18,4.667,5,0,2,0,6,1,1,1.93,1.5,0.667,0.222,0.857
문광은,2014,SK,136,32.667,40,7,10,0,23,26,23,6.34,1.53,2.556,1.111,0.672
문동욱,2014,롯데,9,2,3,0,1,1,0,2,2,9,2,0,0.111,0.6
문성현,2010,넥센,244,69.333,63,9,46,1,57,43,38,4.93,1.57,6.333,5.111,0.739
문성현,2011,넥센,483,130.667,129,13,78,4,108,63,63,4.34,1.58,12,8.667,0.768
문성현,2012,넥센,144,38.333,38,0,11,0,31,21,18,4.23,1.28,3.444,1.222,0.633
문성현,2013,넥센,247,64,73,8,22,3,55,35,32,4.5,1.48,6.111,2.444,0.76
문성현,2014,넥센,345,85.333,96,12,48,5,51,59,56,5.91,1.69,5.667,5.333,0.703
문수호,2010,KIA,11,2.667,3,0,1,0,1,2,2,6.75,1.5,0.111,0.111,0.5
문수호,2011,삼성,13,3,5,0,2,0,1,3,3,9,2.33,0.111,0.222,0.571
문수호,2013,NC,28,7,8,0,2,1,6,3,2,2.57,1.43,0.667,0.222,0.818
문수호,2014,NC,36,9,11,3,1,0,9,6,6,6,1.33,1,0.111,0.769
문승원,2012,SK,8,2,2,0,0,1,3,1,1,4.5,1,0.333,0,0.667
문승원,2013,SK,98,24.333,29,5,6,3,13,16,15,5.55,1.44,1.444,0.667,0.742
민경수,2010,LG,12,3,5,0,1,0,3,2,2,6,2,0.333,0.111,0.667
바티스,2011,한화,124,35.667,19,1,22,1,61,8,8,2.02,1.15,6.778,2.444,0.837
바티스,2012,한화,303,86,70,7,52,12,110,35,34,3.56,1.42,12.222,5.778,0.805
바티스,2013,한화,545,143.667,141,9,70,13,150,77,67,4.2,1.47,16.667,7.778,0.743
박건우,2010,LG,116,31,30,2,16,1,22,16,14,4.06,1.48,2.444,1.778,0.747
박건우,2011,LG,5,0.333,3,0,2,0,0,4,3,81,15,0,0.222,0.4
박건우,2012,롯데,18,4.667,5,1,2,0,3,3,3,5.79,1.5,0.333,0.222,0.714
박경태,2010,KIA,128,34.333,35,2,14,1,23,20,19,4.98,1.43,2.556,1.556,0.657
박경태,2011,KIA,200,54.333,53,3,40,3,40,43,40,6.63,1.71,4.444,4.444,0.61
박경태,2012,KIA,133,34.333,41,0,14,2,26,29,28,7.34,1.6,2.889,1.556,0.509
박경태,2013,KIA,246,62.333,70,2,32,2,53,33,31,4.48,1.64,5.889,3.556,0.721
박경태,2014,KIA,117,25.667,49,6,13,2,17,36,35,12.27,2.42,1.889,1.444,0.522
박근홍,2011,KIA,3,1,0,0,1,0,0,0,0,0,1,0,0.111,1
박근홍,2012,삼성,24,7,3,1,5,1,6,1,1,1.29,1.14,0.667,0.556,1.053
박근홍,2013,삼성,48,12,13,0,4,0,13,7,7,5.25,1.42,1.444,0.444,0.588
박근홍,2014,삼성,109,30.333,25,4,28,3,26,16,15,4.45,1.75,2.889,3.111,0.813
박명환,2010,LG,308,76,94,17,31,3,46,62,56,6.63,1.64,5.111,3.444,0.691
박명환,2014,NC,21,5,7,1,8,1,7,5,4,7.2,3,0.778,0.889,0.822
박민규,2010,삼성,20,5,6,0,4,0,6,3,3,5.4,2,0.667,0.444,0.7
박민규,2011,삼성,29,6.667,9,1,6,0,3,6,6,8.1,2.25,0.333,0.667,0.662
박민호,2014,SK,131,31.333,41,3,10,9,12,25,19,5.46,1.63,1.333,1.111,0.735
박성호,2010,KIA,111,28.333,28,4,8,1,38,15,12,3.81,1.27,4.222,0.889,0.796
박성호,2011,KIA,92,23.667,28,1,17,1,20,17,17,6.46,1.9,2.222,1.889,0.65
박성호,2014,KIA,63,13,27,3,7,1,11,15,15,10.38,2.62,1.222,0.778,0.649
박성훈,2010,넥센,133,34,35,2,27,8,25,20,18,4.76,1.82,2.778,3,0.774
박성훈,2011,넥센,25,5.667,7,0,6,1,0,7,6,9.53,2.29,0,0.667,0.571
박성훈,2012,넥센,163,47.667,33,1,24,6,34,13,13,2.45,1.2,3.778,2.667,0.812
박성훈,2013,넥센,105,26.667,31,6,11,4,18,16,15,5.06,1.58,2,1.222,0.824
박성훈,2014,넥센,65,15.667,23,5,7,0,12,14,14,8.04,1.91,1.333,0.778,0.696
박승민,2010,넥센,140,42.333,30,4,16,4,25,11,11,2.34,1.09,2.778,1.778,0.878
박승민,2011,넥센,77,19.667,22,0,10,2,9,15,14,6.41,1.63,1,1.111,0.588
박승민,2012,KIA,5,1.333,1,0,0,0,0,0,0,0,0.75,0,0,1
박시영,2010,롯데,10,2,5,2,3,1,3,5,5,22.5,4,0.333,0.333,0.645
박정배,2010,두산,58,14.667,17,4,5,2,11,10,10,6.14,1.5,1.222,0.556,0.761
박정배,2011,두산,16,4,6,1,1,1,0,4,4,9,1.75,0,0.111,0.606
박정배,2012,SK,270,77.333,52,6,30,4,48,29,27,3.14,1.06,5.333,3.333,0.76
박정배,2013,SK,172,49,40,3,24,4,53,11,9,1.65,1.31,5.889,2.667,0.925
박정배,2014,SK,157,43.333,42,3,23,6,34,29,28,5.82,1.5,3.778,2.556,0.644
박정진,2010,한화,282,79.333,58,3,36,3,80,32,27,3.06,1.18,8.889,4,0.754
박정진,2011,한화,313,86,70,6,28,1,92,33,31,3.24,1.14,10.222,3.111,0.751
박정진,2012,한화,174,49.333,36,4,27,0,45,30,30,5.47,1.28,5,3,0.575
박정진,2013,한화,80,21.667,17,2,14,1,21,15,14,5.82,1.43,2.333,1.556,0.616
박정진,2014,한화,191,49.333,54,5,25,1,51,39,33,6.02,1.6,5.667,2.778,0.644
박종윤,2012,넥센,20,6,4,0,6,1,7,2,2,3,1.67,0.778,0.667,0.818
박종윤,2013,넥센,17,4,5,0,2,1,2,3,3,6.75,1.75,0.222,0.222,0.625
박종훈,2011,SK,23,6.667,4,1,3,0,5,2,2,2.7,1.05,0.556,0.333,0.893
박종훈,2012,SK,69,18,21,0,14,4,16,17,16,8,1.94,1.778,1.556,0.59
박준표,2013,KIA,34,9.667,7,2,3,0,6,4,4,3.72,1.03,0.667,0.333,0.833
박준표,2014,KIA,92,22.667,28,3,11,4,6,22,20,7.94,1.72,0.667,1.222,0.593
박지훈,2012,KIA,219,61.333,55,3,30,5,37,25,23,3.38,1.39,4.111,3.333,0.781
박지훈,2013,KIA,129,29.667,48,6,22,1,27,36,36,10.92,2.36,3,2.444,0.559
박찬호,2012,한화,468,121,134,11,52,11,68,76,68,5.06,1.54,7.556,5.778,0.71
박현준,2010,LG,217,57.667,60,9,27,9,46,45,42,6.55,1.51,5.111,3,0.647
박현준,2011,LG,612,163.667,153,13,68,11,137,88,76,4.18,1.35,15.222,7.556,0.73
박희수,2010,SK,71,17.667,23,2,7,0,15,9,9,4.58,1.7,1.667,0.778,0.772
박희수,2011,SK,228,67,40,3,30,3,76,19,14,1.88,1.04,8.444,3.333,0.858
박희수,2012,SK,275,82,52,2,27,3,93,12,12,1.32,0.96,10.333,3,0.884
박희수,2013,SK,168,47.667,31,1,13,1,46,12,12,2.27,0.92,5.111,1.444,0.757
박희수,2014,SK,75,20.667,17,1,8,4,29,8,8,3.48,1.21,3.222,0.889,0.761
배스,2012,한화,13,1.667,9,1,1,1,1,9,9,48.6,6,0.111,0.111,0.208
배영수,2010,삼성,472,119.667,136,11,37,8,64,69,63,4.74,1.45,7.111,4.111,0.713
배영수,2011,삼성,408,103,127,5,27,6,47,67,62,5.42,1.5,5.222,3,0.641
배영수,2012,삼성,16,3,7,0,0,0,4,3,3,9,2.33,0.444,0,0.571
배영수,2013,삼성,604,151,193,9,38,14,101,83,79,4.71,1.53,11.222,4.222,0.714
배영수,2014,삼성,602,160,159,7,39,3,89,64,57,3.21,1.24,9.889,4.333,0.753
배우열,2010,LG,25,5,11,2,3,1,5,11,11,19.8,2.8,0.556,0.333,0.328
배장호,2010,롯데,219,55.333,75,3,16,8,23,34,28,4.55,1.64,2.556,1.778,0.749
배장호,2011,롯데,39,8.667,15,1,2,1,4,8,8,8.31,1.96,0.444,0.222,0.602
배장호,2014,롯데,102,28,27,1,15,5,9,16,15,4.82,1.5,1,1.667,0.702
배힘찬,2010,넥센,133,35,40,7,21,5,11,28,27,6.94,1.74,1.222,2.333,0.694
배힘찬,2011,넥센,61,15.333,20,0,8,3,14,10,10,5.87,1.83,1.556,0.889,0.677
배힘찬,2014,넥센,31,6.667,11,1,1,0,4,4,4,5.4,1.8,0.444,0.111,0.755
백인식,2013,SK,340,91.333,85,5,36,8,50,40,36,3.55,1.32,5.556,4,0.762
백인식,2014,SK,45,9.333,22,3,7,3,3,19,19,18.32,3.11,0.333,0.778,0.468
백정현,2010,삼성,139,37.333,38,3,24,1,24,20,19,4.58,1.66,2.667,2.667,0.748
백정현,2012,삼성,13,3.667,2,0,4,0,5,2,2,4.91,1.64,0.556,0.444,0.667
백정현,2013,삼성,101,24.333,33,4,13,0,23,19,18,6.66,1.89,2.556,1.444,0.693
백정현,2014,삼성,179,46.333,51,5,17,3,53,28,27,5.24,1.47,5.889,1.889,0.688
밴와트,2014,SK,248,66.667,56,6,26,5,56,27,23,3.11,1.23,6.222,2.889,0.814
밴헤켄,2012,넥센,635,170,166,16,60,3,132,68,62,3.28,1.33,14.667,6.667,0.808
밴헤켄,2013,넥센,621,161.667,178,11,58,10,137,78,67,3.73,1.46,15.222,6.444,0.776
밴헤켄,2014,넥센,716,187,193,9,53,3,178,81,73,3.51,1.32,19.778,5.889,0.745
번사이,2010,넥센,538,140,150,16,82,18,98,91,83,5.34,1.66,10.889,9.111,0.734
벤던헐,2013,삼성,533,143.667,127,11,48,11,137,67,63,3.95,1.22,15.222,5.333,0.721
벤던헐,2014,삼성,563,152.667,125,15,45,5,180,54,54,3.18,1.11,20,5,0.786
변진수,2012,두산,100,31.667,15,0,11,3,18,6,6,1.71,0.82,2,1.222,0.793
변진수,2013,두산,139,38.333,37,2,19,8,20,21,20,4.7,1.46,2.222,2.111,0.719
변진수,2014,두산,124,33.667,35,3,10,4,29,21,19,5.08,1.34,3.222,1.111,0.67
봉중근,2010,LG,645,178.333,166,13,69,14,130,74,71,3.58,1.32,14.444,7.667,0.771
봉중근,2011,LG,57,16.333,13,1,9,5,7,9,9,4.96,1.35,0.778,1,0.703
봉중근,2012,LG,135,38,26,1,10,4,36,5,5,1.18,0.95,4,1.111,0.907
봉중근,2013,LG,206,61,44,2,27,3,54,10,9,1.33,1.16,6,3,0.913
봉중근,2014,LG,193,49.667,51,2,17,4,45,16,16,2.9,1.37,5,1.889,0.809
부시,2012,SK,306,81.333,80,8,31,8,45,45,40,4.43,1.36,5,3.444,0.733
부에노,2010,한화,117,29.667,38,7,19,4,23,33,30,9.1,1.92,2.556,2.111,0.605
부첵,2011,롯데,200,53.333,55,8,21,1,39,32,30,5.06,1.43,4.333,2.333,0.714
빌로우,2013,KIA,176,47,45,1,26,1,38,26,21,4.02,1.51,4.222,2.889,0.722
사도스,2010,롯데,634,169.667,153,17,54,8,120,83,73,3.87,1.22,13.333,6,0.743
사도스,2011,롯데,509,140.333,130,15,52,6,79,64,61,3.91,1.3,8.778,5.778,0.76
사도스,2012,롯데,570,150,154,9,69,6,98,75,72,4.32,1.49,10.889,7.667,0.726
서동환,2011,두산,83,22,25,2,11,4,13,11,11,4.5,1.64,1.444,1.222,0.78
서동환,2012,두산,54,14.667,17,0,12,1,17,14,14,8.59,1.98,1.889,1.333,0.533
서동환,2013,두산,59,16.667,15,0,14,1,4,8,8,4.32,1.74,0.444,1.556,0.733
서동환,2014,삼성,4,1,1,0,0,1,1,0,0,0,1,0.111,0,1
서승화,2010,LG,203,52,65,4,42,5,41,41,39,6.75,2.06,4.556,4.667,0.686
서재응,2010,KIA,523,140,134,10,29,11,68,53,52,3.34,1.16,7.556,3.222,0.763
서재응,2011,KIA,506,130.333,144,7,36,11,84,68,62,4.28,1.38,9.333,4,0.712
서재응,2013,KIA,341,84,116,5,33,4,36,69,61,6.54,1.77,4,3.667,0.63
서재응,2014,KIA,590,160,143,7,51,7,97,51,46,2.59,1.21,10.778,5.667,0.811
성영훈,2010,두산,65,16.333,19,0,4,3,12,10,9,4.96,1.41,1.333,0.444,0.654
세든,2013,SK,685,187.333,169,14,73,11,160,65,62,2.98,1.29,17.778,8.111,0.818
션헨,2012,한화,63,15,24,2,6,0,19,16,14,8.4,2,2.111,0.667,0.588
소사,2012,KIA,544,147.333,137,9,39,8,104,62,58,3.54,1.19,11.556,4.333,0.735
소사,2013,KIA,658,164.667,196,11,68,9,143,111,100,5.47,1.6,15.889,7.556,0.672
소사,2014,넥센,482,125,140,18,45,3,98,66,64,4.61,1.48,10.889,5,0.762
손동욱,2013,KIA,44,11.667,15,2,10,2,10,16,16,12.34,2.14,1.111,1.111,0.455
손민한,2013,NC,218,60.333,56,4,23,3,22,24,23,3.43,1.31,2.444,2.556,0.772
손민한,2014,NC,188,48.333,56,5,14,3,23,20,19,3.54,1.45,2.556,1.556,0.818
손승락,2010,넥센,221,63.333,47,2,17,2,64,20,18,2.56,1.01,7.111,1.889,0.759
손승락,2011,넥센,185,52.333,41,2,13,1,41,12,11,1.89,1.03,4.556,1.444,0.843
손승락,2012,넥센,184,50.333,50,2,15,0,47,12,12,2.15,1.29,5.222,1.667,0.852
손승락,2013,넥센,227,62.667,50,1,20,1,52,17,16,2.3,1.12,5.778,2.222,0.79
손승락,2014,넥센,243,62.333,69,6,11,2,53,30,30,4.33,1.28,5.889,1.222,0.707
손영민,2010,KIA,254,68,73,8,25,7,48,36,35,4.63,1.44,5.333,2.778,0.746
손영민,2011,KIA,315,87.667,73,4,26,11,66,34,30,3.08,1.13,7.333,2.889,0.766
손영민,2012,KIA,62,15.333,18,2,2,3,18,13,13,7.63,1.3,2,0.222,0.495
손정욱,2013,NC,66,20.333,15,2,9,2,10,5,4,1.77,1.18,1.111,1,0.948
손정욱,2014,NC,161,44,40,3,25,1,38,24,23,4.7,1.48,4.222,2.778,0.696
송승준,2010,롯데,622,168,156,20,60,9,113,90,82,4.39,1.29,12.556,6.667,0.726
송승준,2011,롯데,642,172.333,181,17,59,7,126,84,80,4.18,1.39,14,6.556,0.748
송승준,2012,롯데,35,9,9,0,4,0,2,4,0,0,1.44,0.222,0.444,1
송승준,2013,롯데,640,167.667,171,11,64,4,133,74,70,3.76,1.4,14.778,7.111,0.756
송승준,2014,롯데,596,163,158,12,57,8,117,73,60,3.31,1.32,13,6.333,0.79
송신영,2010,넥센,288,77,75,5,40,3,63,38,36,4.21,1.49,7,4.444,0.739
송신영,2011,LG,269,72.333,67,4,20,5,57,19,18,2.24,1.2,6.333,2.222,0.856
송신영,2012,한화,99,23.667,37,3,8,4,17,16,13,4.94,1.9,1.889,0.889,0.804
송신영,2013,넥센,215,61.667,52,1,33,8,43,22,22,3.21,1.38,4.778,3.667,0.775
송신영,2014,넥센,172,42.333,57,7,16,4,28,33,31,6.59,1.72,3.111,1.778,0.685
송윤준,2013,LG,5,1,2,0,0,0,1,1,1,9,2,0.111,0,0.5
송은범,2010,SK,455,125,103,12,48,6,91,38,32,2.3,1.21,10.111,5.333,0.892
송은범,2011,SK,285,78.667,71,10,45,2,55,34,30,3.43,1.47,6.111,5,0.846
송은범,2012,SK,355,97.667,98,6,44,2,72,45,45,4.15,1.45,8,4.889,0.73
송은범,2013,KIA,202,49,71,4,27,0,29,41,40,7.35,2,3.222,3,0.628
송은범,2014,KIA,331,78.667,114,11,43,5,60,73,64,7.32,2,6.667,4.778,0.668
송창식,2010,한화,69,17.667,17,1,5,0,11,8,8,4.08,1.25,1.222,0.556,0.68
송창식,2011,한화,251,61,75,11,23,7,52,43,43,6.34,1.61,5.778,2.556,0.692
송창식,2012,한화,255,74.333,45,7,26,5,66,24,24,2.91,0.96,7.333,2.889,0.785
송창식,2013,한화,259,71,63,3,36,4,67,27,27,3.42,1.39,7.444,4,0.769
송창식,2014,한화,117,29,35,9,14,3,21,24,24,7.45,1.69,2.333,1.556,0.711
송창현,2013,한화,288,82.667,58,9,47,5,46,40,34,3.7,1.27,5.111,5.222,0.78
송창현,2014,한화,314,79.333,104,11,60,3,30,69,59,6.69,2.07,3.333,6.667,0.712
신동훈,2012,LG,13,4,1,0,2,1,6,1,1,2.25,0.75,0.667,0.222,0.75
신동훈,2014,LG,35,10.333,10,0,5,3,4,5,4,3.48,1.45,0.444,0.556,0.778
신승현,2011,SK,19,4,9,0,0,0,3,4,4,9,2.25,0.333,0,0.556
신승현,2012,SK,26,6,8,0,2,1,2,7,7,10.5,1.67,0.222,0.222,0.364
신승현,2013,KIA,200,51.667,49,5,35,8,55,35,28,4.88,1.63,6.111,3.889,0.753
신승현,2014,LG,68,15.333,21,2,9,4,12,15,10,5.87,1.96,1.333,1,0.769
신용운,2011,KIA,18,5.333,2,0,4,1,3,2,1,1.69,1.13,0.333,0.444,0.857
신용운,2013,삼성,136,40,26,5,16,0,36,9,9,2.03,1.05,4,1.778,0.943
신윤호,2014,SK,15,3,8,1,2,0,1,3,3,9,3.33,0.111,0.222,0.814
신재웅,2012,LG,212,57.667,53,5,23,3,30,23,23,3.59,1.32,3.333,2.556,0.778
신재웅,2013,LG,203,56,52,4,18,3,21,21,19,3.05,1.25,2.333,2,0.801
신재웅,2014,LG,235,64,62,7,26,2,46,29,27,3.8,1.38,5.111,2.889,0.786
신정락,2010,LG,100,25.667,25,1,22,6,24,23,18,6.31,1.83,2.667,2.444,0.678
신정락,2011,LG,64,17.667,12,0,8,1,19,4,2,1.02,1.13,2.111,0.889,0.905
신정락,2012,LG,2,0.667,0,0,1,0,0,1,0,0,1.5,0,0.111,1
신정락,2013,LG,466,122.667,128,8,30,16,82,62,58,4.26,1.29,9.111,3.333,0.713
신정락,2014,LG,194,51.333,53,8,16,5,39,38,38,6.66,1.34,4.333,1.778,0.573
신정익,2011,한화,148,35,50,1,12,1,22,27,25,6.43,1.77,2.444,1.333,0.617
신정익,2012,SK,13,3.333,3,1,0,1,0,2,2,5.4,0.9,0,0,0.769
신정익,2012,한화,15,3.333,5,2,1,1,2,7,6,16.2,1.8,0.222,0.111,0.238
신정익,2013,SK,6,1.333,2,1,1,0,0,2,1,6.75,2.25,0,0.111,1.25
신창호,2012,KIA,28,6.667,10,1,5,0,5,7,7,9.45,2.25,0.556,0.556,0.588
신창호,2013,KIA,91,21.333,29,3,15,0,17,14,14,5.91,2.06,1.889,1.667,0.754
신창호,2014,KIA,150,38,40,3,24,2,33,29,26,6.16,1.68,3.667,2.667,0.647
신해수,2010,한화,7,2,2,0,0,0,1,0,0,0,1,0.111,0,1
심규범,2014,롯데,3,1,0,0,0,0,1,0,0,0,0,0.111,0,NA
심동섭,2010,KIA,11,2.667,3,0,2,0,0,2,2,6.75,1.88,0,0.222,0.6
심동섭,2011,KIA,199,55.333,37,1,31,4,67,21,17,2.77,1.23,7.444,3.444,0.779
심동섭,2012,KIA,70,17.333,22,2,13,0,10,17,12,6.23,2.02,1.111,1.444,0.714
심동섭,2013,KIA,92,25,20,1,19,4,27,13,9,3.24,1.56,3,2.111,0.817
심동섭,2014,KIA,169,45.667,44,3,28,3,46,30,28,5.52,1.58,5.111,3.111,0.664
심수창,2010,LG,151,35.667,58,3,15,4,7,30,30,7.57,2.05,0.778,1.667,0.646
심수창,2011,넥센,437,109.667,138,12,42,6,52,67,61,5.01,1.64,5.778,4.667,0.739
심수창,2012,넥센,170,40.667,58,3,21,2,24,36,33,7.3,1.94,2.667,2.333,0.625
심수창,2014,롯데,80,19.667,24,7,8,0,14,20,20,9.15,1.63,1.556,0.889,0.541
심창민,2012,삼성,136,39.333,26,0,17,2,41,8,8,1.83,1.09,4.556,1.889,0.822
심창민,2013,삼성,175,50.333,35,3,19,4,57,15,15,2.68,1.07,6.333,2.111,0.799
심창민,2014,삼성,150,38.333,42,7,26,4,38,33,29,6.81,1.77,4.222,2.889,0.691
아담,2013,NC,342,91.667,93,12,27,1,70,48,42,4.12,1.31,7.778,3,0.758
안규영,2011,두산,91,22.333,33,7,8,1,11,22,22,8.87,1.84,1.222,0.889,0.621
안규영,2012,두산,52,13.667,15,0,6,0,6,6,6,3.95,1.54,0.667,0.667,0.714
안규영,2013,두산,26,5.667,11,3,6,0,3,9,9,14.29,3,0.333,0.667,0.625
안승민,2010,한화,262,63,80,10,15,2,28,43,38,5.43,1.51,3.111,1.667,0.711
안승민,2011,한화,565,139,177,22,30,8,90,101,91,5.89,1.49,10,3.333,0.673
안승민,2012,한화,270,72,69,6,21,5,53,41,38,4.75,1.25,5.889,2.333,0.658
안승민,2013,한화,146,33.667,51,5,9,1,12,31,28,7.49,1.78,1.333,1,0.611
안영명,2010,KIA,274,69.333,80,15,35,3,82,54,52,6.75,1.66,9.111,3.889,0.68
안영명,2011,한화,20,4.333,7,2,2,0,4,6,2,4.15,2.08,0.444,0.222,1.129
안영명,2014,한화,383,97.667,114,8,36,13,64,59,49,4.52,1.54,7.111,4,0.751
안영진,2011,한화,20,5.667,5,1,2,1,1,2,2,3.18,1.24,0.111,0.222,0.909
안영진,2012,한화,22,5.333,7,0,6,1,4,10,4,6.75,2.44,0.444,0.667,0.714
안지만,2010,삼성,324,92,74,6,25,7,95,32,28,2.74,1.08,10.556,2.778,0.799
안지만,2011,삼성,317,86,74,3,20,4,77,30,27,2.83,1.09,8.556,2.222,0.757
안지만,2012,삼성,218,63.333,42,1,20,0,58,12,12,1.71,0.98,6.444,2.222,0.825
안지만,2013,삼성,224,63.667,46,3,23,3,60,23,22,3.11,1.08,6.667,2.556,0.737
안지만,2014,삼성,218,62.333,51,5,30,4,67,27,26,3.75,1.3,7.444,3.333,0.756
앤서니,2012,KIA,656,171.667,174,15,67,7,94,84,73,3.83,1.4,10.444,7.444,0.771
앤서니,2013,KIA,138,36,42,1,15,3,25,18,18,4.5,1.58,2.778,1.667,0.717
앨버스,2014,한화,614,151.333,200,18,40,4,107,108,99,5.89,1.59,11.889,4.444,0.663
양승진,2010,한화,192,45.333,60,10,33,4,37,49,45,8.93,2.05,4.111,3.667,0.627
양승진,2011,LG,9,2.333,2,0,5,0,3,1,1,3.86,3,0.333,0.556,0.857
양승진,2012,LG,4,0.667,3,0,2,0,0,3,3,40.5,7.5,0,0.222,0.4
양현,2011,두산,22,5,8,1,3,0,2,3,3,5.4,2.2,0.222,0.333,0.833
양현종,2010,KIA,621,169.333,169,9,98,6,145,84,80,4.25,1.58,16.111,10.889,0.741
양현종,2011,KIA,404,106.333,116,9,69,4,74,74,73,6.18,1.74,8.222,7.667,0.658
양현종,2012,KIA,156,41,51,3,31,4,26,25,23,5.05,2,2.889,3.444,0.77
양현종,2013,KIA,383,104.667,99,10,43,6,95,38,36,3.1,1.36,10.556,4.778,0.836
양현종,2014,KIA,641,171.333,162,12,77,4,165,85,81,4.25,1.39,18.333,8.556,0.716
양훈,2010,한화,185,46,54,8,21,6,38,35,33,6.46,1.63,4.222,2.333,0.688
양훈,2011,한화,556,143,145,15,60,5,110,75,68,4.28,1.43,12.222,6.667,0.751
양훈,2012,한화,342,93.333,95,7,44,1,44,58,55,5.3,1.49,4.889,4.889,0.653
어센시,2014,KIA,189,46.667,49,5,14,2,56,24,21,4.05,1.35,6.222,1.556,0.759
엄정욱,2010,SK,243,66,62,6,40,3,67,46,46,6.27,1.55,7.444,4.444,0.611
엄정욱,2011,SK,176,50.667,33,4,19,1,64,12,12,2.13,1.03,7.111,2.111,0.865
엄정욱,2012,SK,197,56.333,46,5,24,4,44,21,20,3.2,1.24,4.889,2.667,0.806
엄정욱,2014,SK,13,3,4,1,4,0,3,3,3,9,2.67,0.333,0.444,0.758
여건욱,2013,SK,100,25,29,5,21,2,12,24,24,8.64,2,1.333,2.333,0.622
여건욱,2014,SK,279,69.667,81,16,28,0,50,50,48,6.2,1.56,5.556,3.111,0.704
오넬리,2011,한화,111,29.333,29,4,12,2,24,19,19,5.83,1.4,2.667,1.333,0.642
오상민,2010,LG,179,47,52,9,9,3,28,23,23,4.4,1.3,3.111,1,0.798
오상민,2011,LG,18,5,4,0,1,0,3,1,1,1.8,1,0.333,0.111,0.8
오성민,2011,SK,13,4,2,0,3,0,3,0,0,0,1.25,0.333,0.333,1
오승환,2010,삼성,54,14,13,4,5,0,19,7,7,4.5,1.29,2.111,0.556,0.887
오승환,2011,삼성,193,57,27,2,11,0,76,4,4,0.63,0.67,8.444,1.222,0.966
오승환,2012,삼성,192,55.667,33,1,13,3,81,12,12,1.94,0.83,9,1.444,0.777
오승환,2013,삼성,183,51.667,33,4,10,2,54,13,10,1.74,0.83,6,1.111,0.888
오재영,2010,넥센,164,45.333,39,4,15,2,28,15,12,2.38,1.19,3.111,1.667,0.873
오재영,2011,넥센,151,43.333,38,4,18,1,29,19,17,3.53,1.29,3.222,2,0.778
오재영,2012,넥센,96,26,26,6,13,1,18,15,15,5.19,1.5,2,1.444,0.791
오재영,2013,넥센,148,41.333,28,1,18,1,31,13,11,2.4,1.11,3.444,2,0.789
오재영,2014,넥센,297,74,99,14,33,3,31,59,53,6.45,1.78,3.444,3.667,0.711
오준형,2012,KIA,7,2,1,0,0,0,0,0,0,0,0.5,0,0,1
오준형,2013,KIA,23,5,8,1,1,1,5,4,4,7.2,1.8,0.556,0.111,0.698
오카모,2010,LG,167,48,36,6,29,4,40,17,16,3,1.35,4.444,3.222,0.875
오현택,2010,두산,63,15.333,18,2,6,0,11,12,11,6.46,1.57,1.222,0.667,0.613
오현택,2013,두산,268,73.333,65,6,19,8,65,23,22,2.7,1.15,7.222,2.111,0.837
오현택,2014,두산,271,66.667,81,6,18,5,56,28,27,3.65,1.49,6.222,2,0.805
옥스프,2013,롯데,673,183.333,164,10,69,11,144,79,67,3.29,1.27,16,7.667,0.77
옥스프,2014,롯데,697,184.333,184,20,63,5,130,93,86,4.2,1.34,14.444,7,0.741
올슨,2013,두산,144,38.667,41,2,27,5,35,30,28,6.52,1.76,3.889,3,0.641
왈론드,2010,두산,498,129,143,13,54,10,100,84,71,4.95,1.53,11.111,6,0.72
우규민,2012,LG,356,92.667,96,2,23,9,57,41,34,3.3,1.28,6.333,2.556,0.751
우규민,2013,LG,581,147.333,162,5,31,12,92,67,64,3.91,1.31,10.222,3.444,0.712
우규민,2014,LG,599,153.667,170,11,34,12,103,78,69,4.04,1.33,11.444,3.778,0.733
울프,2014,SK,327,85.333,88,10,27,6,41,48,46,4.85,1.35,4.556,3,0.701
원용묵,2010,두산,27,7.333,7,0,4,0,4,5,4,4.91,1.5,0.444,0.444,0.636
원용묵,2013,두산,4,1,1,0,2,0,0,1,1,9,3,0,0.222,0.667
원종현,2014,NC,264,71,62,7,31,8,73,36,32,4.06,1.31,8.111,3.444,0.757
유경국,2010,LG,6,1,3,0,1,0,1,2,2,18,4,0.111,0.111,0.5
유동훈,2010,KIA,174,47.333,46,1,10,7,32,20,15,2.85,1.18,3.556,1.111,0.779
유동훈,2011,KIA,180,48,51,4,12,4,21,23,21,3.94,1.31,2.333,1.333,0.749
유동훈,2012,KIA,126,34,33,0,10,2,29,20,20,5.29,1.26,3.222,1.111,0.556
유동훈,2013,KIA,201,52.333,56,3,11,8,38,22,17,2.92,1.28,4.222,1.222,0.819
유먼,2012,롯데,653,179.667,156,10,56,1,142,58,51,2.55,1.18,15.778,6.222,0.814
유먼,2013,롯데,721,193.333,186,19,78,5,141,81,76,3.54,1.37,15.667,8.667,0.796
유먼,2014,롯데,609,151.667,196,20,63,3,84,109,100,5.93,1.71,9.333,7,0.692
유원상,2010,한화,554,142.333,164,20,69,2,82,89,87,5.5,1.64,9.111,7.667,0.715
유원상,2011,LG,248,63,75,10,20,2,44,46,44,6.29,1.51,4.889,2.222,0.639
유원상,2012,LG,281,74,70,4,13,2,43,20,18,2.19,1.12,4.778,1.444,0.844
유원상,2013,LG,151,37.667,48,2,11,2,19,23,20,4.78,1.57,2.111,1.222,0.704
유원상,2014,LG,256,68,67,6,23,2,49,35,33,4.37,1.32,5.444,2.556,0.706
유창식,2011,한화,159,39,47,2,25,0,27,39,29,6.69,1.85,3,2.778,0.621
유창식,2012,한화,403,111.333,101,13,79,1,82,61,59,4.77,1.62,9.111,8.778,0.749
유창식,2013,한화,290,71.667,89,4,54,5,47,56,54,6.78,2,5.222,6,0.66
유창식,2014,한화,347,91.333,100,2,72,3,53,54,42,4.14,1.88,5.889,8,0.772
유창준,2013,두산,35,9,9,1,3,0,5,4,4,4,1.33,0.556,0.333,0.755
유창준,2014,두산,19,4,9,0,4,0,1,5,5,11.25,3.25,0.111,0.444,0.615
유희관,2010,두산,15,3.333,5,0,1,1,1,4,4,10.8,1.8,0.111,0.111,0.429
유희관,2013,두산,539,145.333,141,7,52,7,96,60,57,3.53,1.33,10.667,5.778,0.752
유희관,2014,두산,706,177.333,202,21,51,8,112,98,87,4.42,1.43,12.444,5.667,0.751
윤강민,2013,NC,6,1,3,0,1,0,0,3,3,27,4,0,0.111,0.25
윤경영,2010,한화,13,3,4,0,0,1,4,2,2,6,1.33,0.444,0,0.6
윤규진,2011,한화,82,19,30,2,21,3,20,18,18,8.53,2.68,2.222,2.333,0.703
윤규진,2014,한화,275,72,69,11,31,1,73,39,37,4.63,1.39,8.111,3.444,0.748
윤근영,2010,한화,67,16.333,22,1,13,0,8,13,13,7.16,2.14,0.889,1.444,0.655
윤근영,2011,한화,102,25.667,26,1,16,1,25,11,11,3.86,1.64,2.778,1.778,0.769
윤근영,2012,한화,136,38.667,33,2,19,2,25,20,16,3.72,1.34,2.778,2.111,0.742
윤근영,2013,한화,268,72,84,6,45,5,45,50,50,6.25,1.79,5,5,0.669
윤근영,2014,한화,205,49,71,6,23,7,28,41,39,7.16,1.92,3.111,2.556,0.67
윤기호,2010,한화,2,0,2,0,0,0,0,1,1,NA,NA,0,0,0.5
윤기호,2011,한화,9,2,3,0,0,0,0,1,1,4.5,1.5,0,0,0.667
윤기호,2014,한화,3,0,3,0,0,0,0,2,2,NA,NA,0,0,0.333
윤길현,2012,SK,15,3.333,6,1,3,0,1,4,4,10.8,2.7,0.111,0.333,0.658
윤길현,2013,SK,151,43.333,35,5,21,2,47,17,16,3.32,1.29,5.222,2.333,0.824
윤길현,2014,SK,214,57.667,49,7,28,1,63,27,25,3.9,1.34,7,3.111,0.777
윤명준,2012,두산,9,1.333,5,0,3,0,0,3,3,20.25,6,0,0.333,0.625
윤명준,2013,두산,174,45,50,0,15,4,35,20,20,4,1.44,3.889,1.667,0.71
윤명준,2014,두산,277,71.667,78,10,23,1,55,44,42,5.27,1.41,6.111,2.556,0.682
윤석민,2010,KIA,382,101,95,5,36,3,94,48,43,3.83,1.3,10.444,4,0.717
윤석민,2011,KIA,614,172.333,137,10,44,6,178,53,47,2.45,1.05,19.778,4.889,0.809
윤석민,2013,KIA,332,87.667,91,9,28,1,76,41,39,4,1.36,8.444,3.111,0.754
윤석민,2014,KIA,559,153,120,9,33,8,137,60,53,3.12,1,15.222,3.667,0.728
윤성환,2010,삼성,337,80.667,104,12,19,2,54,55,53,5.91,1.52,6,2.111,0.665
윤성환,2011,삼성,536,137.333,151,8,30,3,83,62,54,3.54,1.32,9.222,3.333,0.752
윤성환,2012,삼성,424,114,112,6,26,4,81,36,36,2.84,1.21,9,2.889,0.793
윤성환,2013,삼성,646,170.667,167,16,37,4,122,69,62,3.27,1.2,13.556,4.111,0.787
윤성환,2014,삼성,665,170.333,196,18,37,8,133,87,83,4.39,1.37,14.778,4.111,0.732
윤영삼,2014,넥센,21,4,11,3,6,0,4,12,12,27,4.25,0.444,0.667,0.391
윤지웅,2011,넥센,106,28.667,34,4,14,0,19,15,13,4.08,1.67,2.111,1.556,0.825
윤지웅,2014,LG,143,36,40,4,16,3,34,20,17,4.25,1.56,3.778,1.778,0.787
윤형배,2014,NC,17,3.333,8,3,0,1,3,5,5,13.5,2.4,0.333,0,0.833
윤희상,2010,SK,20,5,6,0,2,0,2,2,2,3.6,1.6,0.222,0.222,0.75
윤희상,2011,SK,186,46.667,55,8,12,3,32,27,25,4.82,1.44,3.556,1.333,0.765
윤희상,2012,SK,52,15,10,1,6,1,8,5,4,2.4,1.07,0.889,0.667,0.833
윤희상,2013,SK,572,151.333,147,17,44,7,120,72,65,3.87,1.26,13.333,4.889,0.763
윤희상,2014,SK,626,163.333,164,10,49,6,100,66,61,3.36,1.3,11.111,5.444,0.771
이경우,2012,롯데,15,3.667,4,1,4,2,3,6,6,14.73,2.18,0.333,0.444,0.465
이규대,2011,삼성,12,3.333,3,0,1,0,0,0,0,0,1.2,0,0.111,1
이대진,2010,KIA,91,22,31,1,19,5,14,21,16,6.55,2.27,1.556,2.111,0.728
이대진,2011,LG,3,1,0,0,2,0,1,0,0,0,2,0.111,0.222,1
이대진,2012,LG,13,3.333,5,0,4,1,0,6,5,13.5,2.7,0,0.444,0.5
이대환,2010,넥센,44,11,11,3,3,0,9,6,6,4.91,1.27,1,0.333,0.816
이대환,2011,LG,89,21.333,25,2,6,2,15,12,12,5.06,1.45,1.667,0.667,0.695
이대환,2012,LG,29,7.667,8,1,1,2,4,4,3,3.52,1.17,0.444,0.111,0.833
이대환,2013,KIA,57,15.333,17,0,7,1,12,7,7,4.11,1.57,1.333,0.778,0.72
이동걸,2011,삼성,4,1.333,0,0,0,0,0,0,0,0,0,0,0,NA
이동걸,2012,삼성,4,1,1,0,0,0,1,1,1,9,1,0.111,0,0
이동걸,2013,삼성,65,16.333,20,1,7,2,11,13,13,7.16,1.65,1.222,0.778,0.58
이동걸,2014,한화,72,20,21,4,7,3,16,15,10,4.5,1.4,1.778,0.778,0.827
이동학,2010,넥센,69,16.333,25,1,8,1,9,17,13,7.16,2.02,1,0.889,0.644
이동현,2010,LG,263,74,65,5,34,3,58,38,29,3.53,1.34,6.444,3.778,0.768
이동현,2010,한화,96,25.333,25,2,23,0,19,19,12,4.26,1.89,2.111,2.556,0.796
이동현,2011,LG,132,33,39,3,22,3,30,29,23,6.27,1.85,3.333,2.444,0.686
이동현,2012,LG,207,56.667,43,1,18,0,56,20,19,3.02,1.08,6.222,2,0.705
이동현,2013,LG,267,72,70,4,25,3,53,29,24,3,1.32,5.889,2.778,0.801
이동현,2014,LG,210,59.333,54,2,21,8,38,18,18,2.73,1.26,4.222,2.333,0.81
이명우,2010,롯데,138,33.333,50,4,8,1,18,25,25,6.75,1.74,2,0.889,0.637
이명우,2011,롯데,90,22.333,29,1,7,2,19,11,9,3.63,1.61,2.111,0.778,0.792
이명우,2012,롯데,194,52.667,51,1,17,2,32,16,15,2.56,1.29,3.556,1.889,0.802
이명우,2013,롯데,191,55.667,41,2,25,1,32,19,19,3.07,1.19,3.556,2.778,0.748
이명우,2014,롯데,177,42.333,64,1,23,1,31,37,33,7.02,2.06,3.444,2.556,0.635
이민호,2013,NC,245,66.333,59,6,34,8,60,31,31,4.21,1.4,6.667,3.778,0.756
이민호,2014,NC,348,88,93,19,38,8,73,53,49,5.01,1.49,8.111,4.222,0.801
이범준,2010,LG,118,28,37,5,19,4,13,31,30,9.64,2,1.444,2.111,0.566
이범준,2011,LG,84,23,21,0,11,1,12,13,10,3.91,1.39,1.333,1.222,0.697
이보근,2010,넥센,262,75,71,5,45,5,35,38,36,4.32,1.55,3.889,5,0.746
이보근,2011,넥센,329,87.667,92,5,42,1,52,37,34,3.49,1.53,5.778,4.667,0.789
이보근,2012,넥센,153,41,42,3,18,4,17,26,24,5.27,1.46,1.889,2,0.669
이보근,2013,넥센,152,39.667,43,2,11,3,18,19,19,4.31,1.36,2,1.222,0.701
이브랜,2013,한화,661,172.333,190,7,65,10,129,110,106,5.54,1.48,14.333,7.222,0.623
이상민,2013,NC,11,2,5,0,1,1,5,2,2,9,3,0.556,0.111,0.714
이상민,2014,넥센,15,3.333,4,0,4,0,4,4,3,8.1,2.4,0.444,0.444,0.625
이상백,2014,SK,56,14.333,13,3,6,2,14,7,7,4.4,1.33,1.556,0.667,0.833
이상열,2010,LG,214,59.667,52,3,20,2,44,23,22,3.32,1.21,4.889,2.222,0.745
이상열,2011,LG,172,44,45,2,12,1,27,23,19,3.89,1.3,3,1.333,0.707
이상열,2012,LG,201,55.667,47,5,16,2,29,24,23,3.72,1.13,3.222,1.778,0.724
이상열,2013,LG,133,33,43,1,12,3,22,15,12,3.27,1.67,2.444,1.333,0.813
이상열,2014,LG,34,8,11,1,3,1,5,7,7,7.88,1.75,0.556,0.333,0.588
이상화,2010,KIA,34,8.667,9,0,6,0,7,6,3,3.12,1.73,0.778,0.667,0.8
이상화,2011,KIA,55,14,13,1,5,1,8,9,7,4.5,1.29,0.889,0.556,0.682
이상화,2012,롯데,12,3.333,6,0,2,0,1,2,2,5.4,2.4,0.111,0.222,0.75
이상화,2013,롯데,102,25.333,32,4,9,0,18,17,14,4.97,1.62,2,1,0.763
이상화,2014,롯데,116,27,42,4,15,3,16,28,28,9.33,2.11,1.778,1.667,0.588
이상훈,2011,SK,1,0.333,0,0,0,1,0,0,0,0,0,0,0,1
이성민,2013,NC,227,57.667,65,8,27,7,33,35,33,5.15,1.6,3.667,3,0.752
이성민,2014,NC,115,28,37,0,16,1,14,22,18,5.79,1.89,1.556,1.778,0.667
이성진,2012,LG,9,2.333,3,2,3,1,1,5,5,19.29,2.57,0.111,0.333,0.476
이수민,2014,삼성,27,7.333,7,0,10,1,7,2,2,2.45,2.32,0.778,1.111,0.889
이승우,2012,LG,324,82.333,104,9,32,5,46,57,54,5.9,1.65,5.111,3.556,0.678
이승호,2010,SK,332,89.667,81,12,51,4,96,44,42,4.22,1.47,10.667,5.667,0.789
이승호,2011,SK,225,64.333,48,3,47,1,50,28,25,3.5,1.48,5.556,5.222,0.773
이승호,2012,롯데,177,48.667,40,1,35,1,27,23,20,3.7,1.54,3,3.889,0.751
이승호,2013,NC,38,9.333,13,2,7,0,5,11,10,9.64,2.14,0.556,0.778,0.581
이영욱,2011,SK,244,66.667,58,8,17,7,46,35,34,4.59,1.13,5.111,1.889,0.678
이영욱,2012,SK,114,32.333,28,3,17,5,15,20,20,5.57,1.39,1.667,1.889,0.655
이영욱,2013,SK,5,1,2,1,0,1,1,3,3,27,2,0.111,0,0
이용찬,2010,두산,149,41.667,34,7,10,1,28,16,15,3.24,1.06,3.111,1.111,0.852
이용찬,2011,두산,491,129,136,7,60,8,99,67,60,4.19,1.52,11,6.667,0.742
이용찬,2013,두산,16,3.333,7,0,3,0,4,1,1,2.7,3,0.444,0.333,0.9
이용찬,2014,두산,199,51,56,3,16,3,47,28,24,4.24,1.41,5.222,1.778,0.72
이용훈,2010,롯데,72,16.333,27,3,4,1,8,15,15,8.27,1.9,0.889,0.444,0.612
이용훈,2011,롯데,19,4,9,0,0,0,1,5,5,11.25,2.25,0.111,0,0.444
이용훈,2012,롯데,381,101.667,102,4,25,3,57,44,34,3.01,1.25,6.333,2.778,0.772
이우선,2010,삼성,254,68.333,68,10,24,2,42,34,33,4.35,1.35,4.667,2.667,0.763
이우선,2011,삼성,188,51,47,5,14,3,35,19,19,3.35,1.2,3.889,1.556,0.789
이우선,2012,삼성,19,5.667,2,1,3,0,5,1,1,1.59,0.88,0.556,0.333,1.111
이우선,2013,삼성,42,11,11,0,5,1,2,4,4,3.27,1.45,0.222,0.556,0.765
이우선,2014,삼성,1,0.333,0,0,1,0,0,0,0,0,3,0,0.111,1
이원재,2010,두산,6,1,4,2,1,0,1,3,3,27,5,0.111,0.111,0.909
이원재,2012,두산,12,3,4,0,3,0,2,4,4,12,2.33,0.222,0.333,0.429
이인복,2014,롯데,22,4.667,8,2,4,1,2,9,8,15.43,2.57,0.222,0.444,0.49
이재곤,2010,롯데,463,124,126,11,31,10,44,63,57,4.14,1.27,4.889,3.444,0.726
이재곤,2011,롯데,226,56.667,74,9,25,5,16,52,40,6.35,1.75,1.778,2.778,0.7
이재곤,2012,롯데,35,7.667,12,1,7,1,4,8,8,9.39,2.48,0.444,0.778,0.645
이재곤,2013,롯데,116,30,33,3,20,9,17,23,23,6.9,1.77,1.889,2.222,0.675
이재영,2010,SK,40,10.667,15,2,10,2,6,9,8,6.75,2.34,0.667,1.111,0.785
이재영,2011,SK,100,29,19,3,8,0,15,9,9,2.79,0.93,1.667,0.889,0.789
이재영,2012,SK,240,65,65,6,35,5,46,32,31,4.29,1.54,5.111,3.889,0.766
이재영,2013,SK,159,43.667,39,5,24,5,35,30,27,5.56,1.44,3.889,2.667,0.672
이재영,2014,SK,179,48,45,7,28,0,42,35,33,6.19,1.52,4.667,3.111,0.633
이재우,2010,두산,21,6.667,2,0,0,0,4,1,1,1.35,0.3,0.444,0,0.5
이재우,2012,두산,8,2.667,1,0,1,0,2,0,0,0,0.75,0.222,0.111,1
이재우,2013,두산,243,66.667,59,5,48,4,44,36,35,4.73,1.61,4.889,5.333,0.731
이재우,2014,두산,147,37.667,41,5,22,3,30,21,21,5.02,1.67,3.333,2.444,0.763
이재학,2010,두산,84,23.333,21,3,13,6,18,14,13,5.01,1.46,2,1.444,0.754
이재학,2013,NC,556,156,123,12,59,14,144,53,50,2.88,1.17,16,6.556,0.815
이재학,2014,NC,576,156,152,16,68,8,131,77,73,4.21,1.41,14.556,7.556,0.754
이정민,2010,롯데,121,29.667,42,3,14,1,11,24,22,6.67,1.89,1.222,1.556,0.663
이정민,2011,롯데,39,9.667,12,3,4,0,6,4,4,3.72,1.66,0.667,0.444,1.017
이정민,2012,롯데,132,33,44,2,12,1,14,21,19,5.18,1.7,1.556,1.333,0.701
이정민,2014,롯데,133,33.333,42,1,15,0,25,14,9,2.43,1.71,2.778,1.667,0.863
이정호,2010,넥센,35,9.667,9,2,8,1,7,6,6,5.59,1.76,0.778,0.889,0.789
이정호,2013,두산,135,33,46,4,20,3,25,35,35,9.55,2,2.778,2.222,0.536
이정호,2014,두산,3,1,0,0,0,0,0,0,0,0,0,0,0,NA
이정훈,2010,롯데,183,46,56,4,19,4,27,39,35,6.85,1.63,3,2.111,0.599
이정훈,2011,넥센,197,52.333,50,1,19,6,31,24,22,3.78,1.32,3.444,2.111,0.72
이정훈,2012,KIA,8,1.333,4,0,1,0,1,3,3,20.25,3.75,0.111,0.111,0.4
이정훈,2012,넥센,168,44.333,45,2,17,5,32,28,23,4.67,1.4,3.556,1.889,0.685
이정훈,2013,넥센,247,69,69,5,24,2,29,25,23,3,1.35,3.222,2.667,0.818
이정훈,2014,넥센,33,7.333,15,2,5,0,2,10,10,12.27,2.73,0.222,0.556,0.581
이지모,2013,롯데,24,6.667,4,0,5,3,5,4,4,5.4,1.35,0.556,0.556,0.667
이창욱,2014,SK,32,7.333,9,0,5,0,3,9,7,8.59,1.91,0.333,0.556,0.5
이태양,2011,넥센,20,5.667,4,0,3,3,3,3,3,4.76,1.24,0.333,0.333,0.7
이태양,2012,넥센,9,3,1,0,4,2,3,2,2,6,1.67,0.333,0.444,0.714
이태양,2012,한화,11,2,5,0,1,0,1,3,3,13.5,3,0.111,0.111,0.5
이태양,2013,NC,288,74.667,78,7,30,10,49,51,47,5.67,1.45,5.444,3.333,0.656
이태양,2013,한화,248,60.667,75,10,23,6,39,44,42,6.23,1.62,4.333,2.556,0.689
이태양,2014,NC,60,15.333,19,3,13,4,9,11,11,6.46,2.09,1,1.444,0.786
이태양,2014,한화,615,153,183,27,41,7,96,100,90,5.29,1.46,10.667,4.556,0.73
이한진,2010,SK,17,3.667,7,0,2,0,0,1,0,0,2.45,0,0.222,1
이한진,2013,SK,13,2.667,5,0,0,1,1,4,4,13.5,1.88,0.111,0,0.333
이한진,2014,SK,47,8.333,17,2,4,0,3,17,8,8.64,2.52,0.333,0.444,0.714
이현승,2010,두산,290,77.667,80,8,25,3,50,45,41,4.75,1.35,5.556,2.778,0.692
이현승,2011,두산,285,74.667,85,8,26,5,50,43,40,4.82,1.49,5.556,2.889,0.725
이현승,2014,두산,226,55,68,2,23,3,39,34,31,5.07,1.65,4.333,2.556,0.691
이현호,2011,두산,1,0,1,0,1,0,0,2,2,NA,NA,0,0.111,0
이현호,2012,두산,6,2,2,0,1,0,1,0,0,0,1.5,0.111,0.111,1
이형범,2013,NC,18,4.667,8,1,3,0,2,4,4,7.71,2.36,0.222,0.333,0.729
이형종,2010,LG,37,9.667,11,1,5,0,5,7,7,6.52,1.66,0.556,0.556,0.616
이혜천,2011,두산,122,34,31,2,17,4,30,27,24,6.35,1.41,3.333,1.889,0.569
이혜천,2012,두산,147,38.667,42,2,21,5,25,33,32,7.45,1.63,2.778,2.333,0.552
이혜천,2013,두산,41,9.333,16,0,7,5,7,12,12,11.57,2.46,0.778,0.778,0.571
이혜천,2014,NC,72,18,22,0,8,2,17,7,6,3,1.67,1.889,0.889,0.813
이희성,2012,LG,22,5.333,7,0,1,0,1,5,5,8.44,1.5,0.111,0.111,0.375
임경완,2010,롯데,162,43.667,46,4,16,4,19,24,16,3.3,1.42,2.111,1.778,0.828
임경완,2011,롯데,239,65.667,60,4,15,6,34,28,23,3.15,1.14,3.778,1.667,0.769
임경완,2012,SK,123,31.667,36,4,13,4,16,20,19,5.4,1.55,1.778,1.444,0.717
임경완,2013,SK,73,17.333,22,0,10,2,10,12,11,5.71,1.85,1.111,1.111,0.676
임경완,2014,SK,66,16.667,21,4,6,2,5,14,10,5.4,1.62,0.556,0.667,0.812
임기영,2012,한화,2,0.667,0,0,0,0,0,0,0,0,0,0,0,NA
임기영,2013,한화,134,34,44,3,17,3,30,18,17,4.5,1.79,3.333,1.889,0.786
임기영,2014,한화,104,22.667,38,6,9,2,17,24,17,6.75,2.07,1.889,1,0.788
임기준,2012,KIA,13,3,5,1,3,0,3,6,6,18,2.67,0.333,0.333,0.303
임성헌,2010,SK,40,8.667,16,5,3,0,3,10,10,10.38,2.19,0.333,0.333,0.75
임정우,2011,SK,19,5.667,3,0,3,0,4,0,0,0,1.06,0.444,0.333,1
임정우,2012,LG,166,41.667,53,1,18,5,26,31,29,6.26,1.7,2.889,2,0.63
임정우,2013,LG,173,50.333,41,3,24,3,39,26,25,4.47,1.29,4.333,2.667,0.674
임정우,2014,LG,274,73.333,79,6,26,5,54,35,34,4.17,1.43,6,2.889,0.748
임준섭,2013,KIA,399,105,116,10,67,8,55,66,61,5.23,1.74,6.111,7.444,0.734
임준섭,2014,KIA,505,130.667,157,15,67,6,54,95,88,6.06,1.71,6,7.444,0.679
임준혁,2011,KIA,16,4,5,0,2,3,3,3,3,6.75,1.75,0.333,0.222,0.7
임준혁,2012,KIA,21,4.667,7,0,6,1,4,4,4,7.71,2.79,0.444,0.667,0.714
임준혁,2013,KIA,7,1,4,0,1,0,1,3,3,27,5,0.111,0.111,0.4
임준혁,2014,KIA,123,32,34,3,18,2,17,24,18,5.06,1.63,1.889,2,0.723
임지섭,2014,LG,54,14.667,15,1,17,1,8,11,11,6.75,2.18,0.889,1.889,0.696
임진우,2010,삼성,56,17,11,2,9,2,10,5,5,2.65,1.18,1.111,1,0.885
임진우,2011,삼성,60,14.333,17,1,4,2,10,7,7,4.4,1.47,1.111,0.444,0.741
임진우,2012,삼성,44,12.333,7,3,6,1,12,7,7,5.11,1.05,1.333,0.667,0.714
임찬규,2011,LG,308,82.667,73,8,61,1,62,45,41,4.46,1.62,6.889,6.778,0.759
임찬규,2012,LG,212,55.667,71,5,23,1,31,29,28,4.53,1.69,3.444,2.556,0.761
임찬규,2013,LG,176,44,51,7,21,0,45,24,23,4.7,1.64,5,2.333,0.788
임창민,2012,넥센,14,4,3,0,3,0,2,2,2,4.5,1.5,0.222,0.333,0.667
임창민,2013,NC,221,64.667,41,10,32,2,63,29,27,3.76,1.13,7,3.556,0.787
임창민,2014,NC,200,53.333,50,5,29,2,53,28,26,4.39,1.48,5.889,3.222,0.743
임창용,2014,삼성,177,44.667,50,4,21,4,52,33,29,5.84,1.59,5.778,2.333,0.663
임치영,2012,SK,37,10.333,9,3,6,2,6,5,5,4.35,1.45,0.667,0.667,0.938
임치영,2013,SK,7,1,5,0,1,0,0,4,4,36,6,0,0.111,0.333
임태훈,2010,두산,502,130.667,134,27,47,12,103,83,77,5.3,1.39,11.444,5.222,0.747
임태훈,2011,두산,68,19,16,3,7,1,13,8,8,3.79,1.21,1.444,0.778,0.808
임태훈,2012,두산,190,50.333,53,5,36,1,33,30,26,4.65,1.77,3.667,4,0.771
임태훈,2013,두산,46,10.333,18,1,11,0,13,13,13,11.32,2.81,1.444,1.222,0.58
임태훈,2014,두산,18,3.667,7,0,6,1,4,4,4,9.82,3.55,0.444,0.667,0.714
임현준,2011,삼성,66,17.333,20,1,12,0,9,8,6,3.12,1.85,1,1.333,0.85
임현준,2014,삼성,2,0,2,0,1,0,0,0,0,NA,NA,0,0.111,1
장민익,2010,두산,63,13.667,25,2,15,0,6,16,16,10.54,2.93,0.667,1.667,0.645
장민익,2011,두산,33,8.667,11,1,3,0,6,3,3,3.12,1.62,0.667,0.333,0.873
장민익,2014,두산,20,5.333,7,0,2,0,1,2,2,3.38,1.69,0.111,0.222,0.778
장민재,2010,한화,61,16.333,16,1,5,1,4,8,8,4.41,1.29,0.444,0.556,0.68
장민재,2011,한화,353,87.667,113,12,49,4,52,62,59,6.06,1.85,5.778,5.444,0.717
장시환,2011,넥센,28,6.333,8,0,4,0,6,5,5,7.11,1.89,0.667,0.444,0.583
장시환,2012,넥센,224,61,63,3,42,4,42,35,34,5.02,1.72,4.667,4.667,0.716
장시환,2013,넥센,24,5.667,7,1,7,0,7,9,9,14.29,2.47,0.778,0.778,0.397
장시환,2014,넥센,29,6.667,9,0,3,0,2,9,9,12.15,1.8,0.222,0.333,0.25
장영석,2011,넥센,8,2,2,0,4,0,0,4,3,13.5,3,0,0.444,0.5
장원삼,2010,삼성,569,151,139,13,44,5,115,62,58,3.46,1.21,12.778,4.889,0.766
장원삼,2011,삼성,458,115,139,13,37,0,68,58,53,4.15,1.53,7.556,4.111,0.779
장원삼,2012,삼성,42,13,3,1,2,0,16,1,1,0.69,0.38,1.778,0.222,1.111
장원삼,2013,삼성,595,154,165,21,42,9,104,85,75,4.38,1.34,11.556,4.667,0.756
장원삼,2014,삼성,592,157,143,9,38,9,127,64,62,3.55,1.15,14.111,4.222,0.722
장원준,2010,롯데,558,144.333,158,24,48,8,113,77,71,4.43,1.43,12.556,5.333,0.793
장원준,2011,롯데,690,180.667,195,7,62,9,129,72,63,3.14,1.42,14.333,6.889,0.792
장원준,2014,롯데,587,155,160,15,67,3,107,87,79,4.59,1.46,11.889,7.444,0.722
장진용,2014,LG,29,7.333,8,1,2,1,5,6,2,2.45,1.36,0.556,0.222,0.938
장현식,2013,NC,11,2,6,0,0,0,0,3,3,13.5,3,0,0,0.5
저마노,2011,삼성,171,45.333,45,3,6,0,29,17,14,2.78,1.13,3.222,0.667,0.791
전병두,2010,SK,246,67.667,55,2,26,2,52,27,23,3.06,1.2,5.778,2.889,0.748
전병두,2011,SK,313,92.333,67,8,56,11,87,44,39,3.8,1.33,9.667,6.222,0.774
전우엽,2010,KIA,162,41,47,5,23,6,37,29,26,5.71,1.71,4.111,2.556,0.725
전유수,2012,SK,138,35.333,40,2,10,2,21,17,17,4.33,1.42,2.333,1.111,0.711
전유수,2013,SK,217,57.667,60,6,23,4,35,28,28,4.37,1.44,3.889,2.556,0.751
전유수,2014,SK,333,84.667,99,11,37,3,72,51,47,5,1.61,8,4.111,0.744
전준호,2010,SK,50,15,9,1,6,1,12,7,6,3.6,1,1.333,0.667,0.685
전준호,2011,SK,39,10,9,1,2,0,5,4,4,3.6,1.1,0.556,0.222,0.729
정대현,2010,SK,160,45,31,1,7,1,47,7,7,1.4,0.84,5.222,0.778,0.851
정대현,2010,두산,58,14.333,16,1,11,1,6,13,11,6.91,1.88,0.667,1.222,0.639
정대현,2011,SK,191,54.667,43,1,25,3,39,12,9,1.48,1.24,4.333,2.778,0.891
정대현,2011,두산,12,2.667,4,0,2,1,2,3,3,10.13,2.25,0.222,0.222,0.571
정대현,2012,두산,130,36.333,38,4,23,3,23,23,21,5.2,1.68,2.556,2.556,0.736
정대현,2012,롯데,93,28.333,12,0,7,1,26,2,2,0.64,0.67,2.889,0.778,0.9
정대현,2013,두산,41,7.333,21,1,6,0,2,15,15,18.41,3.68,0.222,0.667,0.469
정대현,2013,롯데,189,51.333,56,3,21,8,34,21,19,3.33,1.5,3.778,2.333,0.817
정대현,2014,두산,107,27.333,29,2,25,1,21,27,24,7.9,1.98,2.333,2.778,0.594
정대현,2014,롯데,159,42,40,2,13,6,27,19,19,4.07,1.26,3,1.444,0.712
정대훈,2012,한화,31,10.333,4,2,5,3,6,6,6,5.23,0.87,0.667,0.556,0.652
정대훈,2013,한화,58,15,17,0,8,4,2,6,6,3.6,1.67,0.222,0.889,0.793
정대훈,2014,한화,174,42.333,64,4,14,9,14,38,34,7.23,1.84,1.556,1.556,0.651
정민혁,2011,한화,47,9.667,20,3,2,0,3,11,9,8.38,2.28,0.333,0.222,0.73
정민혁,2012,한화,120,30.667,34,6,7,1,19,24,21,6.16,1.34,2.111,0.778,0.625
정민혁,2013,한화,13,3,5,0,3,3,3,4,4,12,2.67,0.333,0.333,0.636
정용운,2010,KIA,37,8,11,1,9,2,5,10,6,6.75,2.5,0.556,1,0.777
정우람,2010,SK,368,102,80,7,44,4,111,41,40,3.53,1.22,12.333,4.889,0.745
정우람,2011,SK,322,94.333,61,3,23,2,68,21,19,1.81,0.89,7.556,2.556,0.819
정우람,2012,SK,173,49,33,0,9,4,55,12,12,2.2,0.86,6.111,1,0.739
정인욱,2010,삼성,231,61,55,9,37,2,60,42,36,5.31,1.51,6.667,4.111,0.713
정인욱,2011,삼성,282,80,56,9,32,4,60,22,20,2.25,1.1,6.667,3.556,0.907
정인욱,2012,삼성,89,25.333,17,0,11,2,16,7,7,2.49,1.11,1.778,1.222,0.767
정재복,2010,LG,92,23,26,2,7,0,17,15,12,4.7,1.43,1.889,0.778,0.695
정재복,2012,LG,110,30.333,35,1,13,1,15,19,19,5.64,1.58,1.667,1.444,0.63
정재원,2010,한화,63,14.333,24,3,4,1,6,14,14,8.79,1.95,0.667,0.444,0.605
정재원,2011,한화,103,27,28,0,23,8,15,26,24,8,1.89,1.667,2.556,0.593
정재원,2012,한화,87,20,29,4,13,2,18,19,19,8.55,2.1,2,1.444,0.651
정재원,2013,한화,45,11,16,1,5,1,6,8,8,6.55,1.91,0.667,0.556,0.68
정재원,2014,한화,25,4.333,12,0,8,3,9,11,11,22.85,4.62,1,0.889,0.522
정재훈,2010,두산,268,78,52,2,28,4,89,16,15,1.73,1.03,9.889,3.111,0.85
정재훈,2011,두산,213,62.667,47,5,22,3,65,23,20,2.87,1.1,7.222,2.444,0.8
정재훈,2012,두산,15,4,3,1,1,0,1,3,2,4.5,1,0.111,0.111,0.769
정재훈,2013,두산,195,52.333,46,3,17,3,38,26,20,3.44,1.2,4.222,1.889,0.744
정재훈,2014,두산,200,53.667,50,6,19,6,56,33,32,5.37,1.29,6.222,2.111,0.646
정진,2013,NC,26,7,6,0,3,0,5,4,3,3.86,1.29,0.556,0.333,0.667
정찬헌,2013,LG,19,5,7,1,1,0,1,3,3,5.4,1.6,0.111,0.111,0.758
정찬헌,2014,LG,194,52.667,57,5,27,5,41,26,26,4.44,1.59,4.556,3,0.768
정태승,2013,롯데,9,2.333,2,0,3,0,0,2,2,7.71,2.14,0,0.333,0.6
정현욱,2010,삼성,263,70.333,66,3,26,4,61,31,25,3.2,1.31,6.778,2.889,0.773
정현욱,2011,삼성,262,72.333,70,4,30,4,52,22,19,2.36,1.38,5.778,3.333,0.864
정현욱,2012,삼성,223,62.667,57,1,21,0,48,25,22,3.16,1.24,5.333,2.333,0.731
정현욱,2013,LG,189,47.667,55,4,25,1,31,23,20,3.78,1.68,3.444,2.778,0.809
정현욱,2014,LG,128,32.333,39,4,15,1,24,17,17,4.73,1.67,2.667,1.667,0.769
정회찬,2011,넥센,5,2,0,0,1,1,0,0,0,0,0.5,0,0.111,1
제춘모,2010,SK,9,3.333,0,0,3,0,4,0,0,0,0.9,0.444,0.333,1
제춘모,2012,SK,69,18.333,20,4,9,1,6,11,11,5.4,1.58,0.667,1,0.779
제춘모,2014,SK,3,0.333,2,0,0,1,0,1,1,27,6,0,0,0.667
조규수,2010,두산,5,1.333,1,0,0,0,0,0,0,0,0.75,0,0,1
조상우,2013,넥센,35,8,11,0,5,0,7,4,4,4.5,2,0.778,0.556,0.75
조상우,2014,넥센,241,69.333,53,2,29,3,73,21,19,2.47,1.18,8.111,3.222,0.803
조승수,2010,두산,153,36.667,51,8,9,3,23,31,28,6.87,1.64,2.556,1,0.676
조승수,2011,두산,24,5.333,7,0,2,1,4,6,6,10.13,1.69,0.444,0.222,0.4
조영민,2011,SK,14,3,6,0,2,1,1,2,2,6,2.67,0.111,0.222,0.778
조영우,2014,한화,54,11,22,4,4,0,8,13,13,10.64,2.36,0.889,0.444,0.637
조정훈,2010,롯데,233,62,59,7,22,3,50,34,34,4.94,1.31,5.556,2.444,0.674
조지훈,2013,한화,136,35.333,30,7,15,3,30,24,24,6.11,1.27,3.333,1.667,0.628
조지훈,2014,한화,4,0.667,2,1,1,1,0,2,2,27,4.5,0,0.111,0.769
조태수,2010,KIA,175,43.333,55,2,11,1,23,21,19,3.95,1.52,2.556,1.222,0.748
조태수,2011,KIA,110,29,31,4,9,0,16,16,16,4.97,1.38,1.778,1,0.698
조태수,2012,KIA,9,2.667,3,1,3,0,1,3,3,10.13,2.25,0.111,0.333,0.652
조현근,2013,삼성,27,6.667,7,1,6,0,3,5,5,6.75,1.95,0.333,0.667,0.69
조현근,2014,삼성,18,5.333,2,0,1,0,3,0,0,0,0.56,0.333,0.111,1
주키치,2011,LG,695,187.667,174,9,53,1,150,86,75,3.6,1.21,16.667,5.889,0.71
주키치,2012,LG,668,177.333,179,6,54,4,96,75,68,3.45,1.31,10.667,6,0.739
주키치,2013,LG,304,75.667,96,6,28,4,49,56,53,6.3,1.64,5.444,3.111,0.627
지승민,2010,두산,29,6.667,9,2,7,1,2,3,3,4.05,2.4,0.222,0.778,0.986
진명호,2010,롯데,32,7.333,14,6,8,0,5,16,16,19.64,3,0.556,0.889,0.441
진명호,2011,롯데,178,48,48,6,26,0,45,32,26,4.88,1.54,5,2.889,0.732
진명호,2012,롯데,211,60,48,8,41,3,54,23,23,3.45,1.48,6,4.556,0.854
진명호,2013,롯데,30,8,11,0,10,1,3,7,7,7.88,2.63,0.333,1.111,0.682
진야곱,2010,두산,0,0,0,0,1,0,0,0,0,NA,NA,0,0.111,1
진해수,2012,KIA,158,41,48,3,19,2,24,29,24,5.27,1.63,2.667,2.111,0.694
진해수,2013,SK,189,48.667,52,4,25,5,40,34,30,5.55,1.58,4.444,2.778,0.681
진해수,2014,SK,204,49,67,8,27,3,37,39,39,7.16,1.92,4.111,3,0.676
차우찬,2010,삼성,457,126.333,106,5,51,5,112,35,30,2.14,1.24,12.444,5.667,0.852
차우찬,2011,삼성,572,148.667,156,22,62,3,114,75,61,3.69,1.47,12.667,6.889,0.841
차우찬,2012,삼성,314,83.667,83,11,48,1,52,59,56,6.02,1.57,5.778,5.333,0.652
차우찬,2013,삼성,431,121.333,100,6,67,6,111,48,44,3.26,1.38,12.333,7.444,0.784
차우찬,2014,삼성,323,82,86,9,42,2,79,57,51,5.6,1.56,8.778,4.667,0.673
차정민,2010,KIA,5,1.667,1,0,1,0,1,1,0,0,1.2,0.111,0.111,1
차정민,2011,KIA,77,19.333,22,7,8,1,12,14,14,6.52,1.55,1.333,0.889,0.802
찰리,2013,NC,685,189,175,6,60,14,116,60,52,2.48,1.24,12.889,6.667,0.819
찰리,2014,NC,633,165.333,184,13,55,9,92,90,70,3.81,1.45,10.222,6.111,0.775
채병용,2012,SK,240,62.667,67,3,22,1,42,22,22,3.16,1.42,4.667,2.444,0.793
채병용,2013,SK,81,20.333,30,2,16,3,12,18,18,7.97,2.26,1.333,1.778,0.671
채병용,2014,SK,519,130,151,27,49,8,87,94,92,6.37,1.54,9.667,5.444,0.682
최금강,2013,NC,132,33.667,32,0,20,4,33,17,16,4.28,1.54,3.667,2.222,0.714
최금강,2014,NC,22,5,9,0,2,0,4,5,5,9,2.2,0.444,0.222,0.545
최대성,2012,롯데,249,67.667,65,5,24,5,50,31,27,3.59,1.32,5.556,2.667,0.77
최대성,2013,롯데,41,9.333,13,1,6,0,9,8,6,5.79,2.04,1,0.667,0.739
최대성,2014,롯데,167,45.333,41,1,25,3,43,17,13,2.58,1.46,4.778,2.778,0.828
최동환,2010,LG,0,0,0,0,2,0,0,0,0,NA,NA,0,0.222,1
최동환,2014,LG,9,2.333,2,1,3,0,2,3,3,11.57,2.14,0.222,0.333,0.556
최병욱,2014,두산,68,16.333,24,4,7,0,9,12,12,6.61,1.9,1,0.778,0.748
최성민,2010,LG,104,32.667,22,1,28,3,17,16,14,3.86,1.53,1.889,3.111,0.756
최성민,2011,LG,77,21.333,18,0,23,3,12,8,8,3.38,1.92,1.333,2.556,0.818
최성훈,2012,LG,279,73.333,85,5,30,4,23,39,36,4.42,1.57,2.556,3.333,0.741
최성훈,2013,LG,11,2,4,1,0,1,2,1,1,4.5,2,0.222,0,1.111
최영필,2010,한화,230,54.333,84,13,22,3,26,46,45,7.45,1.95,2.889,2.444,0.705
최영필,2012,SK,199,53,52,7,10,2,40,27,27,4.58,1.17,4.444,1.111,0.683
최영필,2013,SK,69,17.333,24,2,8,1,11,15,12,6.23,1.85,1.222,0.889,0.695
최영필,2014,KIA,206,53.667,52,6,15,1,45,25,19,3.19,1.25,5,1.667,0.822
최영환,2014,한화,250,64.667,76,9,43,6,42,54,51,7.1,1.84,4.667,4.778,0.658
최우석,2012,한화,21,5.667,4,0,3,1,2,3,2,3.18,1.24,0.222,0.333,0.75
최원재,2010,SK,4,0.667,2,0,0,1,1,1,1,13.5,3,0.111,0,0.667
최원재,2011,SK,4,1.333,1,0,0,0,1,0,0,0,0.75,0.111,0,1
최원제,2012,삼성,3,1,0,0,0,0,0,0,0,0,0,0,0,NA
최원제,2013,삼성,10,2.333,4,0,2,1,1,2,2,7.71,2.57,0.111,0.222,0.714
최인영,2011,LG,10,2.333,4,0,2,0,1,3,3,11.57,2.57,0.111,0.222,0.5
최진호,2011,한화,12,2.667,4,0,3,1,3,3,3,10.13,2.63,0.333,0.333,0.625
최향남,2012,KIA,75,20.333,19,0,6,1,20,10,9,3.98,1.23,2.222,0.667,0.654
최향남,2013,KIA,111,30.333,28,2,8,1,24,16,15,4.45,1.19,2.667,0.889,0.643
최현정,2014,KIA,32,7.333,12,1,4,0,2,8,8,9.82,2.18,0.222,0.444,0.548
최현진,2011,두산,15,4.667,1,1,4,1,3,5,5,9.64,1.07,0.333,0.444,0.217
카도쿠,2010,SK,573,153.667,146,14,52,6,143,65,55,3.22,1.29,15.889,5.778,0.808
카도쿠,2011,삼성,334,86.333,92,9,31,5,62,55,39,4.07,1.42,6.889,3.444,0.771
카리대,2013,삼성,15,2.333,8,0,6,0,1,7,7,27,6,0.111,0.667,0.5
카페얀,2010,한화,244,59,87,9,41,5,33,63,60,9.15,2.17,3.667,4.556,0.606
코리,2011,롯데,277,72.333,83,8,10,4,48,41,34,4.23,1.29,5.333,1.111,0.734
콜론,2010,KIA,393,103.667,97,6,41,9,57,51,45,3.91,1.33,6.333,4.556,0.736
크루세,2010,삼성,375,97.667,106,8,54,5,78,62,57,5.25,1.64,8.667,6,0.702
클레이,2014,한화,169,40,62,8,25,3,20,40,37,8.33,2.18,2.222,2.778,0.673
탈보트,2012,삼성,512,138.333,136,8,54,5,68,63,61,3.97,1.37,7.556,6,0.729
토마스,2014,KIA,186,46.667,55,3,19,1,51,26,23,4.44,1.59,5.667,2.111,0.734
트레비,2011,KIA,471,126.667,120,13,62,3,115,59,49,3.48,1.44,12.778,6.889,0.815
티포드,2014,LG,387,99.667,105,9,51,6,85,64,58,5.24,1.57,9.444,5.667,0.696
페르난,2011,두산,301,78.333,96,5,44,5,66,54,53,6.09,1.79,7.333,4.889,0.667
프록터,2012,두산,204,55.333,43,0,21,1,46,15,11,1.79,1.16,5.111,2.333,0.831
하영민,2014,넥센,255,62.333,84,9,28,0,43,52,50,7.22,1.8,4.778,3.111,0.624
하준호,2010,롯데,17,3,9,2,5,1,2,9,8,24,4.67,0.222,0.556,0.574
한기주,2011,KIA,112,28.667,31,0,11,1,20,13,13,4.08,1.47,2.222,1.222,0.698
한기주,2012,KIA,75,19.667,20,1,8,2,13,8,7,3.2,1.42,1.444,0.889,0.804
한승혁,2013,KIA,81,19,24,0,8,2,15,10,10,4.74,1.68,1.667,0.889,0.706
한승혁,2014,KIA,220,58.667,62,5,48,3,54,47,47,7.21,1.88,6,5.333,0.623
한현희,2012,넥센,241,69.333,54,4,22,11,54,26,24,3.12,1.1,6,2.444,0.774
한현희,2013,넥센,249,67.333,64,7,25,8,56,27,24,3.21,1.32,6.222,2.778,0.837
한현희,2014,넥센,304,78.667,75,6,31,4,83,30,28,3.2,1.35,9.222,3.444,0.807
한희,2010,LG,82,20,23,6,11,3,17,18,18,8.1,1.7,1.889,1.222,0.664
한희,2011,LG,237,67.333,47,3,22,7,51,19,17,2.27,1.02,5.667,2.444,0.822
한희,2012,LG,80,20.333,24,3,6,2,11,12,12,5.31,1.48,1.222,0.667,0.719
함덕주,2013,두산,10,1.333,6,0,2,0,2,5,5,33.75,6,0.222,0.222,0.375
함덕주,2014,두산,95,26.333,24,2,12,1,23,13,13,4.44,1.37,2.556,1.333,0.702
해커,2013,NC,664,178.333,163,12,50,17,127,83,72,3.63,1.19,14.111,5.556,0.741
해커,2014,NC,656,172.667,169,14,62,14,112,86,77,4.01,1.34,12.444,6.889,0.745
핸킨스,2013,두산,242,60.667,79,5,21,3,30,42,42,6.23,1.65,3.333,2.333,0.635
허건엽,2014,SK,16,5,3,0,2,0,1,0,0,0,1,0.111,0.222,1
허유강,2010,한화,187,46.333,65,5,20,8,25,45,39,7.58,1.83,2.778,2.222,0.628
허유강,2014,한화,4,0.667,2,1,0,0,0,1,1,13.5,3,0,0,1.667
허준혁,2010,롯데,151,40,43,5,22,3,30,22,19,4.28,1.63,3.333,2.444,0.803
허준혁,2011,롯데,66,18.667,13,1,8,3,8,10,10,4.82,1.13,0.889,0.889,0.619
허준혁,2012,SK,61,16.333,17,1,13,1,7,7,7,3.86,1.84,0.778,1.444,0.811
허준혁,2012,롯데,25,7.667,4,0,2,0,2,0,0,0,0.78,0.222,0.222,1
허준혁,2013,롯데,60,17.667,14,1,10,2,13,9,9,4.58,1.36,1.444,1.111,0.691
허준혁,2014,두산,32,6.333,17,1,4,2,3,10,10,14.21,3.32,0.333,0.444,0.602
허준혁,2014,롯데,8,2,3,0,1,1,1,3,2,9,2,0.111,0.111,0.6
홀튼,2014,KIA,353,93.667,96,10,48,3,58,54,50,4.8,1.54,6.444,5.333,0.729
홍건희,2011,KIA,22,5.333,7,0,2,1,3,4,4,6.75,1.69,0.333,0.222,0.6
홍상삼,2010,두산,374,96.667,102,17,49,5,86,74,69,6.42,1.56,9.556,5.444,0.658
홍상삼,2011,두산,83,21.333,26,6,10,2,5,16,15,6.33,1.69,0.556,1.111,0.777
홍상삼,2012,두산,225,65.333,35,2,29,2,69,18,14,1.93,0.98,7.667,3.222,0.823
홍상삼,2013,두산,256,72,51,8,45,2,77,22,20,2.5,1.33,8.556,5,0.899
홍상삼,2014,두산,86,21,26,4,20,2,17,21,20,8.57,2.19,1.889,2.222,0.66
홍성민,2012,KIA,210,56,61,5,25,5,32,22,21,3.38,1.54,3.556,2.778,0.833
홍성민,2013,롯데,182,48.667,54,3,18,3,22,20,17,3.14,1.48,2.444,2,0.819
홍성민,2014,롯데,143,36,42,7,12,0,11,23,19,4.75,1.5,1.222,1.333,0.792
홍성용,2014,NC,47,12.667,12,1,8,1,5,7,6,4.26,1.58,0.556,0.889,0.765
황덕균,2013,NC,1,0,1,0,1,1,0,2,2,NA,NA,0,0.111,0.333
황영국,2014,한화,4,1,2,0,1,0,0,1,1,9,3,0,0.111,0.667
황재규,2010,한화,41,9,15,0,9,0,6,10,10,10,2.67,0.667,1,0.583
황재규,2013,한화,138,34.667,37,2,6,2,25,19,16,4.15,1.24,2.778,0.667,0.687
황재규,2014,한화,39,8.333,17,1,5,1,3,16,16,17.28,2.64,0.333,0.556,0.324
히메네,2010,두산,562,152,139,7,62,9,87,65,56,3.32,1.32,9.667,6.889,0.769
