team,name,id,pos,salary
두산,강동연,61295,p,2800
두산,고봉찬,65259,o,2700
두산,고영민,72214,i,7500
두산,구명환,74244,o,2000
두산,국해성,79290,o,2800
두산,김강,77733,i,3000
두산,김강률,77263,p,5600
두산,김경도,64728,o,2700
두산,김경호,64260,o,2700
두산,김명성,61527,p,3400
두산,김민혁,65269,i,2700
두산,김상훈,60265,p,2700
두산,김수완,78550,p,5200
두산,김응민,60288,c,2800
두산,김재호,74206,i,16700
두산,김재환,78224,i,4000
두산,김종원,64294,i,2700
두산,김진형,79234,o,3000
두산,김현수,76290,o,75000
두산,남경호,65264,p,2700
두산,남궁훈,76955,p,NA
두산,노경은,73211,p,23000
두산,니퍼트,61240,p,165000
두산,로메로,65233,i,11000
두산,루츠,65203,i,60500
두산,류지혁,62234,i,2800
두산,마야,64219,p,66000
두산,문진제,64288,i,2700
두산,민병헌,76249,o,28000
두산,박건우,79215,o,3500
두산,박기민,61564,i,2700
두산,박성민,65206,p,2700
두산,박원빈,65208,i,2700
두산,박종기,63292,p,2700
두산,박종욱,65204,c,2700
두산,방건우,65247,p,2700
두산,변진수,62263,p,7300
두산,사공엽,65209,o,2700
두산,서두원,63290,p,2700
두산,성영훈,79222,p,2700
두산,스와잭,65219,p,38500
두산,신민재,65207,i,2700
두산,양의지,76232,c,20000
두산,양종민,79530,i,2800
두산,양현,61268,p,2700
두산,오장훈,79544,i,2900
두산,오재원,77248,i,40000
두산,오재일,75334,i,7300
두산,오현택,79293,p,11000
두산,유민상,62265,i,2800
두산,유창준,63295,p,2800
두산,유희관,79229,p,20000
두산,윤기백,64205,p,2700
두산,윤명준,62242,p,10700
두산,윤태수,71252,o,2200
두산,이용호,77253,p,2700
두산,이원재,77229,p,2800
두산,이재우,71260,p,10000
두산,이정호,61262,p,2900
두산,이현승,76329,p,15500
두산,이현호,61214,p,2800
두산,임태훈,77251,p,7000
두산,장민석,71347,o,10000
두산,장민익,60255,p,3000
두산,장승현,63202,c,2700
두산,장원준,74513,p,1.00E+05
두산,전용훈,64267,p,2700
두산,정수빈,79231,o,22000
두산,정은재,64202,p,2400
두산,정인석,65265,c,2700
두산,정진철,65293,i,2700
두산,정진호,61208,o,3300
두산,조승수,79235,p,2900
두산,조윤성,64187,o,2700
두산,진야곱,78257,p,2800
두산,채지선,65241,p,2700
두산,최병욱,64259,p,3000
두산,최영진,61197,i,3300
두산,최용제,64213,c,2700
두산,최재훈,78288,c,5800
두산,최주환,76267,i,8700
두산,최현진,61228,p,2700
두산,최형록,64244,i,2700
두산,한주성,64255,p,2700
두산,함덕주,63248,p,4500
두산,허경민,79240,i,9800
두산,허준혁,79535,p,4500
두산,홍성흔,99222,i,40000
두산,홍영현,64204,p,2700
두산,홍재용,63298,i,2700
SK,고효준,72523,p,9300
SK,김강민,71837,o,60000
SK,김강석,79704,o,2700
SK,김광현,77829,p,60000
SK,김기현,77869,o,2800
SK,김대유,60337,p,2700
SK,김민식,62864,c,2700
SK,김민형,63064,p,2700
SK,김성현,76802,i,14000
SK,김연훈,77609,i,4200
SK,김웅빈,65898,i,2700
SK,김재현,76869,o,4000
SK,김정빈,63894,p,2700
SK,김제성,63887,c,2700
SK,김태훈,79847,p,2700
SK,나세원,64898,o,2700
SK,나주환,73209,i,20000
SK,문광은,60845,p,4000
SK,박계현,61893,i,4100
SK,박규민,64889,p,2700
SK,박민호,64893,p,3500
SK,박상현,79866,i,2700
SK,박세웅,65844,p,2700
SK,박윤,77848,i,3800
SK,박재상,71857,o,16000
SK,박정권,74846,i,40000
SK,박정배,75250,p,9000
SK,박종훈,60841,p,2700
SK,박진만,96307,i,15000
SK,박철우,64804,i,2800
SK,박희수,76858,p,17000
SK,백인식,78819,p,4200
SK,밴와트,67845,p,57750
SK,봉민호,65802,p,2700
SK,브라운,65823,o,77000
SK,서진용,61895,p,2700
SK,설재훈,62049,o,2700
SK,세든,63810,p,11000
SK,송수근,73853,o,2100
SK,신동민,65897,p,2700
SK,신동훈,62160,p,3800
SK,신재웅,75138,p,15500
SK,신현철,76304,i,3000
SK,안정광,60865,i,2700
SK,엄정욱,70855,p,5000
SK,오수호,79540,p,2700
SK,원용묵,76262,p,2700
SK,유상화,65894,p,2700
SK,유서준,64890,i,2700
SK,유영하,63889,p,2700
SK,윤길현,72862,p,22000
SK,윤석주,79840,p,2700
SK,윤중환,79869,o,2800
SK,윤희상,74838,p,13500
SK,이건욱,64861,p,2700
SK,이대수,72860,i,35000
SK,이명기,76849,o,10000
SK,이상백,60864,p,3000
SK,이승진,64805,p,2700
SK,이양우,62887,o,2400
SK,이윤재,61865,c,2900
SK,이재관,65801,p,2700
SK,이재영,72216,p,15000
SK,이재원,76812,c,17500
SK,이진석,64895,o,2700
SK,이창욱,77854,p,3200
SK,이한진,76822,p,3000
SK,이현석,65869,c,2700
SK,임재현,64803,i,2700
SK,전병두,73228,p,5600
SK,전유수,75340,p,9500
SK,전종훈,65804,p,2700
SK,정상호,71842,c,23000
SK,정우람,74857,p,40000
SK,정의윤,75151,o,9000
SK,조동화,71848,o,30000
SK,조성모,64802,i,2700
SK,조성우,60891,i,3400
SK,조용호,64868,i,2700
SK,조우형,64821,c,2700
SK,조한욱,65827,p,2700
SK,채병용,71845,p,22000
SK,최정,75847,i,1.00E+05
SK,최정민,62893,i,2700
SK,켈리,65856,p,27500
SK,허웅,72324,c,3000
SK,홍명찬,76854,i,2700
SK,홍준표,65803,i,2700
KT,강혜성,64063,p,2400
KT,고영표,64001,p,2700
KT,김건국,76225,p,2600
KT,김기표,76119,p,3500
KT,김동명,77462,i,4000
KT,김량훈,65097,o,2400
KT,김만수,65044,c,2700
KT,김민수,65048,p,2700
KT,김민준,62003,i,2700
KT,김민혁,64004,o,2900
KT,김병희,64104,i,NA
KT,김사연,78753,o,4200
KT,김사율,99563,p,20000
KT,김상현,70646,o,16000
KT,김선민,60496,i,2700
KT,김성윤,64023,o,2700
KT,김영환,63448,i,2700
KT,김재윤,65062,p,2700
KT,김종민,79364,c,3000
KT,김주원,61894,p,2700
KT,김진곤,63088,o,2400
KT,김태훈,65040,i,2700
KT,댄블랙,65052,i,27500
KT,류희운,64029,p,2700
KT,마르테,65005,i,66000
KT,모상기,76469,i,2700
KT,문상철,64007,i,3000
KT,박경수,73113,i,23000
KT,박광현,65095,i,2400
KT,박기혁,70553,i,15000
KT,박두현,65092,c,2700
KT,박용근,77104,i,4000
KT,박충식,65001,p,NA
KT,박태원,65093,i,2700
KT,박휘연,65091,i,2700
KT,배병옥,64166,o,2900
KT,배우열,79191,p,2700
KT,송민섭,64012,o,2700
KT,시스코,64049,p,35200
KT,신명철,71504,i,8000
KT,신석기,78763,i,2700
KT,신용승,62468,o,2900
KT,심우준,64006,i,2700
KT,심재민,64017,p,2700
KT,안상빈,64041,p,2700
KT,안승한,64011,c,2700
KT,안진근,63142,i,2400
KT,양형진,64055,p,2700
KT,어윈,65036,p,49500
KT,엄상백,65056,p,2700
KT,오정복,79453,o,5000
KT,오현민,60051,p,2700
KT,옥스프링,77199,p,22000
KT,윤근영,75730,p,6200
KT,윤도경,78242,c,2700
KT,윤수호,65064,p,2700
KT,윤여운,62537,c,2700
KT,윤요섭,78892,c,6000
KT,이대형,73153,o,30000
KT,이성복,65094,p,2700
KT,이윤학,63137,p,2700
KT,이지찬,64013,i,2800
KT,이창재,65057,p,2700
KT,이창진,64560,i,2900
KT,이해창,60343,c,2700
KT,장성우,78548,c,6500
KT,장성호,96610,i,NA
KT,장시환,77318,p,3300
KT,저마노,61434,p,14300
KT,전민수,78361,o,2400
KT,정다운,65096,i,2700
KT,정대현,60264,p,3200
KT,정성곤,65058,p,2700
KT,조무근,65067,p,2700
KT,조중근,71835,i,NA
KT,주권,65060,p,2700
KT,채선관,61929,p,2700
KT,최대성,74543,p,8500
KT,최원재,60848,p,3000
KT,하준호,78517,o,NA
KT,한덕교,65069,o,2400
KT,한상일,62055,o,2700
KT,한윤섭,78762,i,2700
KT,홍성무,65042,p,2700
KT,홍성용,75149,p,3000
KT,박세웅,64021,p,3600
KT,황덕균,72261,p,3500
KIA,박정우,65620,c,2700
KIA,백용환,78643,c,3600
KIA,손성곤,64607,c,2700
KIA,오두철,62022,c,2700
KIA,이성우,71184,c,5600
KIA,이홍구,63634,c,3100
KIA,차일목,73602,c,15000
KIA,강한울,64610,i,5000
KIA,고영우,63636,i,3200
KIA,김광연,63601,i,2800
KIA,김민우,72303,i,9300
KIA,김주형,74605,i,6100
KIA,박기남,74103,i,10000
KIA,박진두,64697,i,2700
KIA,박찬호,64646,i,2900
KIA,백세웅,61567,i,2700
KIA,송승민,76291,i,NA
KIA,유성광,65621,i,2500
KIA,윤완주,62668,i,3500
KIA,이범호,70756,i,40000
KIA,이인행,60648,i,2700
KIA,장준영,72645,i,2000
KIA,전현태,75706,i,3500
KIA,전은석,62624,i,2700
KIA,정상교,61658,i,2700
KIA,최병연,60658,i,2700
KIA,최용규,78666,i,3400
KIA,최희섭,77623,i,7000
KIA,필,64699,i,55000
KIA,황대인,65610,i,2700
KIA,황수현,63698,i,2700
KIA,김다원,78765,o,5600
KIA,김원섭,71207,o,15000
KIA,김주찬,70410,o,50000
KIA,김호령,65653,o,2700
KIA,나지완,78629,o,25000
KIA,노수광,63704,o,2700
KIA,류은재,76656,,3000
KIA,류현철,64648,,2700
KIA,박준태,64657,o,3400
KIA,서용주,63603,o,2700
KIA,신종길,72559,o,12000
KIA,오준혁,61743,o,2700
KIA,유재혁,61604,o,3100
KIA,윤효섭,79653,o,2700
KIA,이은총,64602,o,2700
KIA,이정현,65622,o,2700
KIA,이호신,77648,o,2900
KIA,임세황,65624,o,2500
KIA,임한용,60655,o,2800
KIA,최근태,65623,o,2500
KIA,고영창,63628,p,2700
KIA,고재황,65615,p,2500
KIA,고지원,65625,p,2500
KIA,곽정철,75668,p,6500
KIA,김광수,70142,p,7000
KIA,김명찬,65696,p,2700
KIA,김성현,65619,p,2500
KIA,김병현,62349,p,20000
KIA,김준,78823,p,2900
KIA,김지훈,64640,p,2900
KIA,김진우,72641,p,15000
KIA,김태영,71255,p,10800
KIA,문경찬,65643,p,2700
KIA,박동민,65617,p,NA
KIA,박상옥,64613,p,2700
KIA,박정수,65639,p,2700
KIA,박준표,63638,p,3200
KIA,박현,78926,p,2100
KIA,서재응,78640,p,12000
KIA,스틴슨,65658,p,44000
KIA,신창호,76140,p,4500
KIA,심동섭,60636,p,9100
KIA,양현종,77637,p,40000
KIA,에반,65630,p,16500
KIA,유창식,61715,p,6400
KIA,윤석민,75620,p,125000
KIA,이다샘,63667,p,2700
KIA,이민우,65616,p,2700
KIA,이범석,75635,p,2800
KIA,이정훈,60635,p,3000
KIA,이종석,65661,p,2700
KIA,이준영,65665,p,2700
KIA,임기준,60634,p,2700
KIA,임준혁,73632,p,5000
KIA,전우엽,78650,p,3100
KIA,정용운,79617,p,2700
KIA,정정환,64612,p,2700
KIA,차명진,64615,p,2700
KIA,최영필,97336,p,13000
KIA,최현정,61267,p,2900
KIA,한기주,76610,p,7500
KIA,한승혁,61666,p,5000
KIA,험버,65659,p,44000
KIA,홍건희,61643,p,2800
KIA,황인준,65614,p,2500
롯데,강동관,65514,c,2700
롯데,강민호,74540,c,1.00E+05
롯데,김준용,64569,c,2700
롯데,김준태,62558,c,2700
롯데,김호준,65522,c,2400
롯데,안중열,64022,c,2800
롯데,오승우,65519,c,2400
롯데,이종하,63564,c,2700
롯데,강동수,65515,i,2700
롯데,강동우,65518,i,2400
롯데,김대륙,65513,i,2700
롯데,김동빈,60766,i,2400
롯데,마상우,64590,i,2700
롯데,문규현,72546,i,8500
롯데,박정현,65505,i,2400
롯데,박종윤,71562,i,20000
롯데,박준서,71815,i,7800
롯데,배성근,64501,i,2700
롯데,손용석,76536,i,2900
롯데,안형권,62002,i,2400
롯데,오승택,60558,i,3300
롯데,오윤석,64504,i,2700
롯데,이기표,65501,i,2400
롯데,이도윤,78007,i,NA
롯데,이여상,76435,i,4500
롯데,전병우,65586,i,2700
롯데,정훈,60523,i,14500
롯데,최준석,71552,i,40000
롯데,허일,61566,i,2400
롯데,황재균,76313,i,31000
롯데,황진수,78566,i,2900
롯데,고도현,63563,o,2900
롯데,김대우,78536,o,3500
롯데,김문호,76509,o,5200
롯데,김민하,61554,o,3300
롯데,김선균,65510,o,2700
롯데,김재유,65506,o,2700
롯데,김주현,77669,o,2900
롯데,김지수,65503,o,2400
롯데,김진솔,63008,o,2400
롯데,박승완,60565,o,2000
롯데,백민기,63559,o,2900
롯데,손아섭,77532,o,50000
롯데,신승철,64502,o,2700
롯데,아두치,65523,o,66000
롯데,오현근,78850,o,2700
롯데,윤세곤,65517,o,2400
롯데,이계성,96468,o,3300
롯데,이병용,77468,o,2400
롯데,이준명,61128,o,2400
롯데,이우민,71565,o,6500
롯데,임재철,99507,o,15000
롯데,임종혁,63554,o,2900
롯데,정준혁,63558,o,2700
롯데,조홍석,63593,o,2900
롯데,황동채,76562,o,3500
롯데,강승현,78552,p,3100
롯데,강영식,70615,p,30000
롯데,구승민,63543,p,2900
롯데,권태양,64507,p,2700
롯데,김성배,73226,p,17000
롯데,김승회,73248,p,19000
롯데,김원중,62528,p,2700
롯데,김유영,64596,p,2900
롯데,김태석,64580,p,2700
롯데,김훈호,65500,p,2700
롯데,나승현,76529,p,3000
롯데,레일리,65546,p,49500
롯데,린드블럼,65543,p,93500
롯데,문동욱,64554,p,2900
롯데,박세웅,64021,p,3600
롯데,박진형,63512,p,2700
롯데,배장호,76540,p,5300
롯데,배제성,65516,p,2700
롯데,석지형,65548,p,2700
롯데,손준영,65589,p,2700
롯데,송승준,77591,p,34000
롯데,심규범,64594,p,2900
롯데,심수창,74167,p,5500
롯데,안태경,65591,p,2700
롯데,유정민,62546,p,2400
롯데,이경우,61569,p,2700
롯데,이명우,72535,p,15500
롯데,이상화,77563,p,3700
롯데,이성민,63935,p,5200
롯데,이웅한,77560,p,2700
롯데,이인복,64565,p,2900
롯데,이재곤,77566,p,4400
롯데,이정민,72551,p,6500
롯데,이지모,62522,p,2800
롯데,이현준,60550,p,2400
롯데,정대현,71801,p,50000
롯데,정재훈,73241,p,35000
롯데,조정훈,75537,p,7000
롯데,조현우,64047,p,2700
롯데,차재용,65509,p,2700
롯데,허준혁,74556,p,3300
롯데,홍성민,62655,p,6000
삼성,강봉규,70224,o,7000
삼성,구자욱,62404,i,2700
삼성,권오준,99445,p,7000
삼성,김건한,71851,p,7000
삼성,김기태,76461,p,3500
삼성,김상수,79402,i,32000
삼성,김재현,64499,i,3100
삼성,김정혁,61463,i,3000
삼성,김태완,74158,i,10500
삼성,김현우,60457,p,5000
삼성,나바로,64440,i,77000
삼성,박근홍,74630,p,6000
삼성,박석민,74465,i,47000
삼성,박찬도,62409,o,3100
삼성,박한이,71432,o,45000
삼성,박해민,62415,o,7000
삼성,백상원,60456,i,3100
삼성,백정현,77446,p,5500
삼성,신용운,72649,p,5000
삼성,심창민,61411,p,10000
삼성,안지만,72463,p,75000
삼성,우동균,78454,o,6000
삼성,윤성환,74454,p,80000
삼성,윤영수,65405,i,2700
삼성,이상훈,60724,o,4000
삼성,이승엽,95436,i,90000
삼성,이영욱,78467,o,6000
삼성,임창용,95657,p,50000
삼성,임현준,61457,p,3500
삼성,장원삼,76355,p,75000
삼성,정인욱,79440,p,6000
삼성,조현근,75268,p,4000
삼성,차우찬,76455,p,30000
삼성,채태인,77463,i,33000
삼성,최선호,64493,o,2700
삼성,최형우,72443,o,60000
삼성,클로이드,65425,p,60500
삼성,피가로,65444,p,66000
삼성,권정웅,65412,c,2700
삼성,김민,62340,c,2700
삼성,김종석,63402,c,2700
삼성,김희석,64492,c,2800
삼성,백종헌,64409,c,2700
삼성,신영재,61394,c,2700
삼성,이정식,74402,c,5000
삼성,이지영,79456,c,15000
삼성,이흥련,63440,c,5000
삼성,정민우,60454,c,2700
삼성,진갑용,97202,c,25000
삼성,차희태,65424,c,2700
삼성,구준범,64498,p,2700
삼성,김건필,78440,p,2700
삼성,김동호,79791,p,2800
삼성,김성한,63056,p,2700
삼성,김영한,65406,p,2700
삼성,김재우,60466,p,2700
삼성,김찬,65411,p,2700
삼성,노진용,78149,p,2900
삼성,류현동,65417,p,2700
삼성,박민규,79448,p,2700
삼성,박제윤,64400,p,2700
삼성,박종철,90012,p,NA
삼성,배진선,64495,p,2700
삼성,서동환,75261,p,3100
삼성,안성무,63027,p,2700
삼성,우병걸,61665,p,2700
삼성,윤대경,63464,p,2800
삼성,이승우,77154,p,2800
삼성,임진우,60441,p,3500
삼성,장필준,77927,p,2700
삼성,홍유상,64496,p,2700
삼성,홍정우,65496,p,2700
삼성,황수범,61496,p,2700
삼성,곽병선,63495,o,2700
삼성,권현규,65403,o,2700
삼성,김민석,65401,o,2700
삼성,문선엽,60464,o,3000
삼성,송준석,64469,o,2700
삼성,이용욱,63020,o,2700
삼성,최민구,65447,o,2700
삼성,허승민,78458,o,2800
삼성,권영철,96461,i,1600
삼성,김경모,78409,i,2700
삼성,김성표,63435,i,2800
삼성,김준호,62413,i,2400
삼성,김호재,64407,i,2800
삼성,박계범,64468,i,2700
삼성,배진호,65414,i,2700
삼성,백승민,64410,i,2700
삼성,이상학,65413,i,2700
삼성,조동찬,72466,i,40000
삼성,차화준,75307,i,2800
삼성,최원제,77466,i,3300
삼성,최정용,65464,i,2700
삼성,허정수,65416,i,2700
NC,강민국,64906,i,2700
NC,강장산,64907,p,2700
NC,고창성,78248,p,6200
NC,김성욱,62934,o,2700
NC,김종호,77454,o,11500
NC,김진성,75867,p,10500
NC,김태진,64984,i,2700
NC,나성범,62947,o,22000
NC,노성호,62920,p,5500
NC,노진혁,62931,i,4300
NC,마낙길,62967,o,2700
NC,모창민,78813,i,14000
NC,문수호,72643,p,3000
NC,민성기,78366,p,2700
NC,박명환,96251,p,4000
NC,박민우,62907,i,9500
NC,박정준,73543,o,5000
NC,박진우,63991,p,2700
NC,배재환,64995,p,2700
NC,손민한,97571,p,12000
NC,손시헌,73213,i,40000
NC,손정욱,63914,p,6600
NC,스튜어트,65931,p,24750
NC,윤강민,63936,p,2700
NC,윤병호,62016,o,2700
NC,이대환,72333,p,2700
NC,이민호,62929,p,8500
NC,이승호,70820,p,35000
NC,이재학,60263,p,18000
NC,이종욱,73339,o,50000
NC,이창섭,60304,i,2700
NC,이태양,61323,p,3300
NC,이혜천,98259,p,9000
NC,이호준,94629,i,45000
NC,임정호,63959,p,2700
NC,임창민,78352,p,8700
NC,조영훈,75441,i,10000
NC,조평호,74358,i,3000
NC,지석훈,73306,i,9000
NC,찰리,63939,p,88000
NC,최금강,62966,p,3300
NC,최재원,63913,o,2700
NC,테임즈,64914,i,88000
NC,해커,63938,p,44000
NC,황윤호,62908,i,2700
NC,김민욱,65904,c,2700
NC,김지호,79443,c,2700
NC,김태군,78122,c,13500
NC,박광열,64944,c,2700
NC,박세웅,62926,c,2700
NC,송동욱,65909,c,2700
NC,용덕한,74223,c,7500
NC,이승재,76553,c,2700
NC,이태원,60102,c,3000
NC,장기훈,65910,c,2700
NC,장혁진,65903,c,2700
NC,정성민,64992,c,2700
NC,구창모,65933,p,2700
NC,김성계,74651,p,2900
NC,김학성,64960,p,2700
NC,류재인,65908,p,2700
NC,류진욱,65949,p,2700
NC,문석종,65901,p,2700
NC,박민석,78243,p,2700
NC,배준빈,65948,p,2700
NC,변강득,76669,p,2700
NC,원종현,76118,p,8000
NC,윤형배,63961,p,2700
NC,이우석,65964,p,2700
NC,이찬우,64989,p,2700
NC,이훈,65958,p,2700
NC,장민호,64993,p,2700
NC,김민호,65906,i,2700
NC,박지원,65907,i,2700
NC,유영진,63903,i,2700
NC,윤대영,63905,i,2700
NC,차화준,79196,i,2700
NC,최승민,65905,i,2700
NC,홍지운,64987,i,2700
NC,구황,64994,o,2700
NC,김준완,63920,o,2700
NC,김태강,64903,o,2700
NC,박으뜸,63967,o,2700
NC,박현욱,62921,o,2700
NC,이정호,65902,o,2700
NC,이지우,64915,o,2700
NC,이지혁,61542,o,2700
LG,강병의,61108,i,2700
LG,김광삼,99152,p,5500
LG,김선규,75852,p,4500
LG,김승훈,65122,i,2700
LG,김영관,62007,i,3800
LG,김용의,78217,o,7000
LG,김웅,62148,p,2700
LG,김재성,65132,c,2700
LG,김재율,61114,i,3000
LG,김정택,64109,p,2700
LG,김지용,60181,p,2700
LG,김창혁,60184,c,2700
LG,김해현,65118,o,2700
LG,나성용,61742,i,2700
LG,노병채,65124,o,2700
LG,루카스,65137,p,77000
LG,류제국,63111,p,23000
LG,류형우,64164,i,2700
LG,문선재,79113,o,5000
LG,박성준,65120,i,2700
LG,박용택,72133,o,80000
LG,박재욱,64100,c,2700
LG,박지규,65136,i,2700
LG,박지웅,65125,i,2700
LG,배민관,60105,p,2700
LG,백승현,65109,i,2700
LG,백창수,60100,i,4300
LG,봉중근,77147,p,45000
LG,서상우,62164,o,2700
LG,소사,62698,p,44000
LG,손주인,72456,i,16000
LG,신민기,65119,o,2700
LG,신승현,70839,p,5000
LG,안익훈,65115,o,2700
LG,양석환,64153,i,2700
LG,양승진,76759,p,2700
LG,양원혁,64117,i,2700
LG,여건욱,79825,p,5000
LG,오세민,64107,p,2700
LG,오지환,79109,i,16000
LG,우경국,60164,p,2700
LG,우규민,73117,p,30000
LG,유강남,61102,c,2700
LG,유원상,76757,p,12000
LG,유재호,60197,o,2700
LG,윤경원,65123,i,2700
LG,윤정우,61652,o,2800
LG,윤지웅,61329,p,7000
LG,윤진호,79198,i,3000
LG,이기중,70169,o,1800
LG,이동현,71118,p,30000
LG,이민재,61194,o,2700
LG,이범준,78119,p,3100
LG,이병규O,97109,o,80000
LG,이병규Y,76100,o,26000
LG,이상규,65117,p,2700
LG,이상열,96720,p,9000
LG,이승현,60146,p,2700
LG,이영재,61145,p,2700
LG,이준형,62463,p,2700
LG,이진영,99810,o,60000
LG,이창호,60949,p,2700
LG,이형종,78135,o,2700
LG,임정우,61891,p,9000
LG,임지섭,64155,p,3500
LG,임훈,74823,o,10500
LG,장준원,64115,i,2700
LG,장진용,74139,p,3500
LG,전인환,79339,p,2700
LG,전일수,91314,p,NA
LG,정규식,64092,c,2700
LG,정다흰,61140,p,2700
LG,정성훈,99606,i,50000
LG,정찬헌,78148,p,8500
LG,정현욱,96462,p,40000
LG,조윤준,62147,c,3500
LG,조학진,65160,p,2700
LG,진재혁,64198,p,2700
LG,진해수,76650,p,9500
LG,채은성,79192,o,5000
LG,최경철,73824,c,13000
LG,최동환,79140,p,3200
LG,최민창,65157,o,2700
LG,최성민,79137,p,3000
LG,최승준,76158,i,4200
LG,최인영,61185,p,2700
LG,한나한,65104,i,77000
LG,한희,79138,p,3200
LG,황목치승,63077,i,4200
LG,히메네스,65103,i,27500
넥센,강백산,65309,o,2700
넥센,강지광,79130,o,2700
넥센,고종욱,61353,o,3100
넥센,구자형,64354,p,2700
넥센,권택형,62359,p,2700
넥센,금민철,75258,p,8800
넥센,김광영,64394,o,2700
넥센,김규민,62356,o,2400
넥센,김대우,61365,p,5500
넥센,김동준,62360,p,3000
넥센,김민성,77564,i,20000
넥센,김민준,63339,o,2700
넥센,김상현,65305,i,1200
넥센,김수산,65304,i,2700
넥센,김영광,64645,p,2700
넥센,김영민,76350,p,9500
넥센,김윤환,64396,p,2700
넥센,김재현,62332,c,2700
넥센,김정록,62001,i,2700
넥센,김정인,65392,p,2700
넥센,김정훈,60339,p,2800
넥센,김지수,79300,i,3900
넥센,김태형,62918,p,2800
넥센,김택형,65343,p,2700
넥센,김하성,64300,i,4000
넥센,김해수,65345,p,2700
넥센,김호연,61392,c,2400
넥센,마정길,72749,p,14000
넥센,문성현,60336,p,11000
넥센,문승환,65303,i,2700
넥센,문우람,61363,o,9000
넥센,박동원,79365,c,6800
넥센,박병호,75125,i,70000
넥센,박병훈,64391,p,2700
넥센,박성훈,75464,p,7000
넥센,박정음,62353,o,2700
넥센,박정준,61396,p,2700
넥센,박주현,65348,p,2700
넥센,박헌도,79356,o,4400
넥센,배힘찬,72321,p,3100
넥센,백승룡,75705,i,3300
넥센,백찬이,65302,p,2700
넥센,밴헤켄,62322,p,71500
넥센,서건창,78168,i,30000
넥센,서동욱,73606,i,7500
넥센,손승락,75321,p,53000
넥센,송성문,65357,i,2700
넥센,송신영,99314,p,15000
넥센,송우현,65362,o,2700
넥센,스나이더,64158,o,29700
넥센,신명수,63363,p,2700
넥센,안태영,74460,i,4400
넥센,양훈,75750,p,13000
넥센,엄일준,63038,o,2000
넥센,오무열,63014,o,2000
넥센,오재영,74359,p,11000
넥센,유대한,65300,p,2000
넥센,유선정,76322,c,3400
넥센,유재신,76368,o,4000
넥센,유한준,74339,o,28000
넥센,윤석민,74215,i,9700
넥센,이규섭,65301,p,2000
넥센,이상민,63960,p,3000
넥센,이성진,65306,i,2700
넥센,이용하,64312,c,2700
넥센,이재림,64395,p,2700
넥센,이정훈,97541,p,5000
넥센,이택근,73342,o,70000
넥센,임규빈,65398,p,2700
넥센,임동휘,64340,i,2700
넥센,임병욱,64346,i,2700
넥센,임태준,77326,c,2900
넥센,임혜동,65393,p,2700
넥센,장시윤,63360,i,2700
넥센,장영석,79334,i,3300
넥센,정요준,65368,p,2700
넥센,정재복,73166,p,3500
넥센,정종수,73232,c,2000
넥센,조덕길,63348,p,2700
넥센,조상우,63342,p,6800
넥센,최원태,65320,p,2700
넥센,피어밴드,65331,p,29700
넥센,하영민,64350,p,4000
넥센,하해웅,63357,p,2400
넥센,한승민,65308,o,2700
넥센,한현희,62363,p,23000
넥센,허승혁,65314,o,2000
넥센,허정협,65399,o,2700
넥센,홍성갑,61366,o,2900
한화,강경학,61700,i,4000
한화,고동진,74745,o,9000
한화,구본범,79748,p,2700
한화,권용관,95158,i,7000
한화,권혁,72447,p,45000
한화,길태곤,60461,p,2700
한화,김강래,63797,p,2700
한화,김경언,71610,o,15000
한화,김기현,62919,p,3300
한화,김민우,65764,p,2700
한화,김범수,65769,p,2700
한화,김병근,62710,p,2700
한화,김선호,64712,i,2700
한화,김성호,64715,o,2700
한화,김승현,63794,i,2700
한화,김용섭,64714,i,2700
한화,김정민,65702,p,2700
한화,김정수,64719,o,2700
한화,김정호,65709,c,2700
한화,김차연,65725,p,2400
한화,김태균,71752,i,150000
한화,김태완,76746,o,9000
한화,김회성,79705,i,4000
한화,노태형,64704,i,2700
한화,로저스,65742,p,77000
한화,마일영,70329,p,15000
한화,모건,65733,o,60500
한화,문재현,61767,p,2700
한화,박노민,74756,c,3500
한화,박상규,78758,o,2700
한화,박성호,79760,p,3600
한화,박정진,99737,p,20000
한화,박준범,65705,c,2700
한화,박철우,65724,p,2400
한화,박한결,63703,i,2700
한화,박한길,64764,p,2700
한화,배영수,70425,p,55000
한화,송광민,76753,i,11000
한화,송은범,73801,p,45000
한화,송주호,60404,o,3200
한화,송창식,74731,p,10000
한화,송창현,63791,p,3600
한화,신성현,64086,i,2700
한화,신세진,65706,p,2700
한화,신정윤,63391,p,2400
한화,안영명,73738,p,15500
한화,엄태용,62748,c,2800
한화,오윤,70312,o,7800
한화,원현식,93732,c,NA
한화,유먼,62597,p,41250
한화,윤규진,73750,p,12000
한화,윤기호,78730,p,2700
한화,윤보성,65708,o,2700
한화,윤승열,62700,i,3200
한화,이도윤,65703,i,2700
한화,이동걸,77452,p,3500
한화,이성열,73136,o,25000
한화,이시찬,74148,i,NA
한화,이양기,73725,o,5500
한화,이용규,74163,o,70000
한화,이종환,60667,o,5600
한화,이주호,64110,c,2700
한화,이준수,77654,c,3500
한화,이창열,64706,i,3000
한화,이태양,60768,p,7500
한화,이희근,78739,c,4300
한화,임경완,98521,p,9000
한화,임석현,65704,p,2700
한화,임성수,65701,p,2400
한화,임익준,77464,i,3300
한화,임준섭,62611,p,9500
한화,장민재,79764,p,3700
한화,장운호,63700,o,3700
한화,전형근,65722,i,2400
한화,정광운,64769,p,2700
한화,정근우,75808,i,70000
한화,정기창,93802,o,NA
한화,정대훈,78760,p,4000
한화,정민혁,77746,p,2900
한화,정범모,76720,c,7000
한화,정유찬,64743,i,2700
한화,정유철,64087,i,2400
한화,정재원,74748,p,3500
한화,정현석,78745,o,7000
한화,조영우,64768,p,2800
한화,조인성,98144,c,40000
한화,조정원,63792,i,2700
한화,조지훈,63730,p,2800
한화,주현상,65707,i,2700
한화,지성준,64717,c,2700
한화,채기영,64085,o,2700
한화,최영환,64718,p,3700
한화,최우석,62741,p,2700
한화,최진행,74729,o,15000
한화,추승우,72139,o,5100
한화,탈보트,62451,p,42900
한화,폭스,65762,o,9350
한화,한상훈,73703,i,20000
한화,허도환,77243,c,8000
한화,허유강,79746,p,3100
한화,황선일,76404,o,2800
한화,황재규,79758,p,3300
KT,블랙,65052,i,27500
