,Year,Coach,Rank,G,W,L,D,WR,AB,R,H,HR,SB,SH,SF,BB,HB,SO,AVG,CG,SHO,IP,HA,HRA,BBA,HBA,K,AR,ER,ERA,E,FA
SAM,1982,¼­¿µ¹«,2,80,54,26,0,0.675,2649,434,705,57,147,36,18,307,30,349,0.266,23,10,704.33,618,57,187,30,305,257,211,2.7,81,0.975
SAM,1983,¼­¿µ¹«,4,100,46,50,4,0.479,3383,448,889,90,69,66,27,314,55,427,0.263,34,10,899.33,833,65,335,58,399,418,342,3.42,99,0.975
SAM,1984,±è¿µ´ö,2,100,55,45,0,0.550,3298,435,889,78,74,62,18,313,63,422,0.27,30,9,886.66,806,48,380,44,476,379,330,3.35,64,0.985
SAM,1985,±è¿µ´ö,1,110,77,32,1,0.706,3644,552,1005,97,116,93,42,402,60,456,0.276,27,15,1001.33,871,62,368,34,496,379,331,2.98,81,0.982
SAM,1986,±è¿µ´ö,2,108,70,37,1,0.654,3617,475,997,74,110,68,31,354,48,465,0.276,34,9,966,848,62,385,29,388,369,317,2.95,80,0.982
SAM,1987,¹Ú¿µ±æ,2,108,64,44,0,0.593,3731,583,1120,105,101,26,40,380,40,448,0.3,26,12,959,926,62,416,45,360,427,381,3.58,78,0.982
SAM,1988,¹Ú¿µ±æ,4,108,56,50,2,0.528,3692,516,1028,85,110,53,24,381,42,493,0.278,22,12,967,953,80,403,40,341,492,449,4.18,76,0.982
SAM,1989,Á¤µ¿Áø,4,120,57,58,5,0.496,4024,580,1094,96,159,56,47,397,45,616,0.272,26,8,1068,1094,84,516,44,469,588,524,4.42,116,0.975
SAM,1990,Á¤µ¿Áø,2,120,66,52,2,0.558,3961,597,1040,131,108,68,31,434,52,532,0.263,20,7,1069.33,1053,102,512,53,475,558,491,4.13,97,0.979
SAM,1991,±è¼º±Ù,3,126,70,55,1,0.560,4182,639,1138,108,126,85,37,510,59,546,0.272,14,7,1128.66,1131,108,484,40,527,579,531,4.23,99,0.98
SAM,1992,±è¼º±Ù,4,126,67,57,2,0.540,4250,633,1128,124,127,58,44,494,73,620,0.265,23,10,1125.66,1085,102,636,52,640,636,569,4.55,122,0.976
SAM,1993,¿ì¿ëµæ,2,126,73,48,5,0.599,4260,615,1154,133,102,54,39,463,68,623,0.271,28,16,1137,991,72,457,50,683,433,373,2.95,97,0.981
SAM,1994,¿ì¿ëµæ,5,126,60,64,2,0.484,4161,541,1081,106,120,79,39,458,64,650,0.26,25,8,1117,1021,85,413,52,657,499,431,3.47,131,0.974
SAM,1995,¿ì¿ëµæ,5,126,60,60,6,0.500,4188,558,1047,94,100,55,32,384,92,723,0.25,18,6,1116,1018,78,450,90,672,555,483,3.9,127,0.974
SAM,1996,¹éÀÎÃµ,6,126,54,67,5,0.448,4136,510,1029,88,135,56,37,423,76,807,0.249,11,7,1117.33,1085,88,527,102,654,581,525,4.23,106,0.979
SAM,1997,¹éÀÎÃµ,4,126,66,53,7,0.552,4305,722,1194,165,137,88,32,456,90,804,0.277,9,5,1131,1107,97,491,95,678,605,532,4.23,99,0.98
SAM,1998,¼­Á¤È¯,3,126,66,58,2,0.532,4263,620,1143,143,117,90,38,446,80,822,0.268,10,1,1128,1120,133,477,69,722,584,541,4.32,79,0.984
SAM,1999,¼­Á¤È¯,4,132,73,57,2,0.562,4555,748,1244,207,140,79,41,483,96,964,0.273,4,5,1195.66,1295,157,502,60,929,748,685,5.16,85,0.983
SAM,2000,±è¿ëÈñ,3,133,69,59,5,0.539,4546,744,1223,177,80,47,43,496,80,967,0.269,6,4,1184.33,1233,130,524,77,880,670,610,4.64,79,0.984
SAM,2001,±èÀÀ¿ë,2,133,81,52,0,0.609,4553,739,1262,162,73,69,42,520,95,814,0.277,7,6,1187.33,1195,132,561,61,844,644,579,4.39,79,0.984
SAM,2002,±èÀÀ¿ë,1,133,82,47,4,0.636,4648,777,1321,191,47,55,34,469,97,804,0.284,2,8,1197.66,1182,148,385,74,987,581,521,3.92,87,0.983
SAM,2003,±èÀÀ¿ë,4,133,76,53,4,0.589,4564,769,1295,213,56,73,38,481,85,661,0.284,2,5,1183,1199,133,494,59,808,613,574,4.37,75,0.985
SAM,2004,±èÀÀ¿ë,2,133,73,52,8,0.584,4509,641,1215,132,50,84,31,460,86,704,0.269,4,9,1196.33,1092,118,505,85,994,564,500,3.76,88,0.983
SAM,2005,¼±µ¿¿­,1,126,74,48,4,0.607,4234,614,1134,111,97,98,34,500,109,748,0.268,2,7,1129.33,1026,109,387,79,875,528,480,3.83,86,0.982
SAM,2006,¼±µ¿¿­,1,126,73,50,3,0.593,4091,538,1043,73,121,90,42,477,79,689,0.255,1,15,1118,1030,100,365,63,781,471,414,3.33,76,0.984
SAM,2007,¼±µ¿¿­,4,126,62,60,4,0.508,4186,497,1062,86,101,95,39,511,63,678,0.254,0,11,1131.66,1091,90,400,58,719,509,466,3.71,87,0.982
SAM,2008,¼±µ¿¿­,4,126,65,61,0,0.516,4180,557,1078,92,59,70,38,505,65,699,0.258,0,6,1123.33,1184,87,416,43,703,596,549,4.4,69,0.986
SAM,2009,¼±µ¿¿­,5,133,64,69,0,0.481,4459,685,1224,146,125,67,43,584,67,789,0.275,3,2,1163.66,1226,141,609,56,905,700,644,4.98,80,0.984
SAM,2010,¼±µ¿¿­,2,133,79,52,2,0.594,4436,681,1207,118,158,111,44,621,75,916,0.272,2,7,1193.66,1168,103,453,54,951,575,523,3.94,92,0.982
SAM,2011,·ùÁßÀÏ,1,133,79,50,4,0.612,4437,625,1150,95,158,73,43,522,69,940,0.259,1,12,1196.33,1191,92,395,38,841,513,445,3.35,75,0.985
SAM,2012,·ùÁßÀÏ,1,133,80,51,2,0.611,4436,628,1205,89,125,91,47,500,86,813,0.272,3,13,1187.66,1085,65,384,37,885,473,448,3.39,67,0.987
SAM,2013,·ùÁßÀÏ,1,128,75,51,2,0.595,4370,669,1235,113,95,84,41,453,93,818,0.283,2,5,1146.66,1119,98,411,60,955,545,507,3.98,76,0.984
SAM,2014,·ùÁßÀÏ,1,128,78,47,3,0.624,4464,812,1345,161,161,76,43,507,62,743,0.301,3,6,1144,1217,120,395,61,996,621,575,4.52,77,0.984
NEX,2008,ÀÌ±¤È¯,7,126,50,76,0,0.397,4317,499,1149,70,97,51,33,396,37,713,0.266,4,10,1125.33,1159,91,465,70,729,609,554,4.43,100,0.98
NEX,2009,±è½ÃÁø,6,133,60,72,1,0.451,4486,683,1219,153,192,64,48,547,63,905,0.272,0,5,1174.33,1231,176,565,61,840,762,705,5.4,90,0.982
NEX,2010,±è½ÃÁø,7,133,52,78,3,0.391,4452,570,1165,87,135,95,43,480,68,874,0.262,1,2,1185.66,1162,122,614,95,832,652,599,4.55,93,0.982
NEX,2011,±è½ÃÁø,8,133,51,80,2,0.389,4343,512,1065,79,99,103,32,460,51,992,0.245,0,10,1171.33,1167,81,601,76,830,622,568,4.36,96,0.981
NEX,2012,±è½ÃÁø,6,133,61,69,3,0.469,4338,549,1056,102,179,92,43,476,72,892,0.243,3,6,1187.33,1131,80,535,74,853,551,505,3.83,78,0.985
NEX,2013,¿°°æ¿±,4,128,72,54,2,0.571,4294,646,1167,125,131,76,42,505,98,912,0.272,0,7,1146.33,1160,75,503,84,860,576,525,4.12,97,0.981
NEX,2014,¿°°æ¿±,2,128,78,48,2,0.619,4434,841,1323,199,100,65,40,523,101,849,0.298,0,3,1131.66,1299,142,516,61,901,716,660,5.25,79,0.984
NC,2013,±è°æ¹®,7,128,52,72,4,0.419,4282,512,1045,86,142,55,31,434,62,955,0.244,5,5,1144.33,1077,96,458,94,857,551,503,3.96,93,0.981
NC,2014,±è°æ¹®,3,128,70,57,1,0.551,4426,737,1249,143,154,44,51,443,67,918,0.282,3,4,1135.66,1174,117,481,73,848,608,541,4.29,87,0.982
MBC,1982,¹éÀÎÃµ,3,80,46,34,0,0.575,2686,419,757,65,134,32,27,268,47,316,0.282,19,9,708,660,52,259,47,392,359,276,3.51,105,0.967
MBC,1983,¹éÀÎÃµ,2,100,55,43,2,0.561,3327,412,847,46,128,70,31,283,60,370,0.255,31,11,908.66,787,45,298,44,366,335,274,2.71,107,0.974
MBC,1984,¾î¿ìÈ«,4,100,51,48,1,0.515,3317,375,840,47,99,47,35,314,40,446,0.253,38,7,897,876,59,275,43,355,374,317,3.18,85,0.979
MBC,1985,¾î¿ìÈ«,5,110,44,65,1,0.404,3624,345,892,37,129,56,29,324,39,452,0.246,27,7,982,902,63,385,44,353,408,354,3.24,94,0.979
MBC,1986,±èµ¿¿±,3,108,59,41,8,0.590,3644,434,964,37,116,89,35,315,55,428,0.265,11,15,984.33,880,45,341,32,415,361,305,2.79,97,0.978
MBC,1987,±èµ¿¿±,5,108,50,51,7,0.495,3566,388,919,36,91,85,28,296,43,353,0.258,20,9,971.66,966,48,335,50,372,407,363,3.36,92,0.979
MBC,1988,À¯¹é¸¸,6,108,40,64,4,0.389,3652,408,951,42,118,70,23,321,34,384,0.26,36,4,961.33,1038,69,373,46,347,491,423,3.96,105,0.976
MBC,1989,¹è¼º¼­,6,120,49,67,4,0.425,3912,490,985,42,172,85,42,470,40,489,0.252,8,2,1069.66,1139,61,455,46,451,581,508,4.27,122,0.974
LG,1990,¹éÀÎÃµ,1,120,71,49,0,0.592,4024,578,1089,61,140,56,50,465,65,450,0.271,19,14,1083,981,49,410,61,548,457,407,3.38,89,0.981
LG,1991,¹éÀÎÃµ,6,126,53,72,1,0.425,4131,472,1009,53,110,67,29,400,53,476,0.244,27,7,1124.66,1125,90,446,70,622,608,544,4.35,103,0.979
LG,1992,ÀÌ±¤È¯,7,126,53,70,3,0.433,4278,573,1100,108,89,64,31,441,46,574,0.257,21,6,1130.66,1171,83,487,65,648,616,539,4.29,125,0.975
LG,1993,ÀÌ±¤È¯,4,126,66,57,3,0.536,4182,496,1069,74,117,91,26,376,55,594,0.256,19,10,1126.66,1020,71,385,64,655,440,384,3.07,100,0.98
LG,1994,ÀÌ±¤È¯,1,126,81,45,0,0.643,4265,655,1204,88,143,54,41,455,70,573,0.282,24,12,1120,1007,68,332,60,581,452,391,3.14,102,0.979
LG,1995,ÀÌ±¤È¯,3,126,74,48,4,0.603,4137,527,1064,79,121,73,45,421,76,621,0.257,22,6,1122.33,996,62,322,58,607,456,400,3.21,104,0.979
LG,1996,ÀÌ±¤È¯,7,126,50,71,5,0.417,4203,525,1036,98,95,92,26,441,94,666,0.246,7,5,1128.66,1112,88,420,89,653,593,516,4.11,122,0.975
LG,1997,Ãµº¸¼º,2,126,73,51,2,0.587,4153,590,1109,83,136,97,57,422,90,601,0.267,4,10,1121.33,1045,101,369,74,708,512,471,3.78,94,0.981
LG,1998,Ãµº¸¼º,2,126,63,62,1,0.504,4243,609,1131,100,99,77,35,417,68,699,0.267,3,7,1121.33,1132,111,350,78,688,586,521,4.18,103,0.979
LG,1999,Ãµº¸¼º,6,132,61,70,1,0.466,4574,744,1287,145,99,57,43,428,78,772,0.281,2,6,1161.33,1301,157,511,78,813,773,708,5.49,99,0.98
LG,2000,ÀÌ±¤Àº,4,133,67,63,3,0.515,4532,687,1239,122,97,84,46,553,55,805,0.273,7,4,1185.66,1197,113,449,61,886,631,586,4.45,96,0.981
LG,2001,ÀÌ±¤Àº,6,133,58,67,8,0.464,4521,669,1247,85,96,114,41,590,52,759,0.276,0,3,1184.66,1253,127,647,69,765,732,670,5.09,103,0.98
LG,2002,±è¼º±Ù,2,133,66,61,6,0.520,4492,583,1173,100,140,93,37,412,86,951,0.261,2,9,1190.66,1119,135,501,100,896,575,520,3.93,91,0.982
LG,2003,ÀÌ±¤È¯,6,133,60,71,2,0.458,4375,509,1088,106,135,74,40,404,70,781,0.249,2,10,1169.66,1201,120,531,60,794,579,517,3.98,98,0.98
LG,2004,ÀÌ¼øÃ¶,6,133,59,70,4,0.457,4432,588,1150,102,69,73,40,441,95,892,0.259,3,6,1164.33,1235,116,543,64,783,637,557,4.31,104,0.979
LG,2005,ÀÌ¼øÃ¶,6,126,54,71,1,0.432,4222,601,1098,105,149,80,41,349,93,915,0.26,3,7,1102.33,1212,109,480,80,781,666,600,4.9,89,0.981
LG,2006,ÀÌ¼øÃ¶,8,126,47,75,4,0.385,4217,457,1037,81,84,92,32,330,52,813,0.246,3,10,1110,1144,87,439,60,625,574,521,4.22,82,0.983
LG,2007,±èÀç¹Ú,5,126,58,62,6,0.483,4322,532,1160,78,130,89,43,431,48,704,0.268,2,9,1135.66,1181,63,514,52,630,600,547,4.33,94,0.981
LG,2008,±èÀç¹Ú,8,126,46,80,0,0.365,4184,468,1070,66,111,85,50,364,59,765,0.256,1,9,1108.33,1239,82,480,72,631,646,597,4.85,76,0.984
LG,2009,±èÀç¹Ú,7,133,54,75,4,0.406,4505,670,1251,129,141,97,45,552,49,781,0.278,0,3,1175,1316,165,585,91,777,763,707,5.42,84,0.984
LG,2010,¹ÚÁ¾ÈÆ,6,133,57,71,5,0.429,4604,688,1270,121,169,82,44,486,54,907,0.276,3,8,1188,1279,125,560,104,793,746,690,5.23,92,0.982
LG,2011,¹ÚÁ¾ÈÆ,6,133,59,72,2,0.450,4522,579,1203,94,116,86,37,463,49,858,0.266,2,11,1193.66,1173,80,512,71,827,620,550,4.15,97,0.981
LG,2012,±è±âÅÂ,7,133,57,72,4,0.442,4539,544,1184,59,140,80,50,458,53,857,0.261,1,11,1202,1235,65,422,71,735,580,537,4.02,96,0.982
LG,2013,±è±âÅÂ,3,128,74,54,0,0.578,4291,616,1210,59,139,91,42,451,59,806,0.282,4,9,1134.66,1131,74,406,87,822,510,469,3.72,77,0.984
LG,2014,±è±âÅÂ,4,128,62,64,2,0.492,4349,668,1214,90,105,77,57,524,63,817,0.279,2,9,1142.66,1211,104,419,95,810,643,581,4.58,91,0.982
SK,2000,°­º´Ã¶,8,133,44,86,3,0.338,4492,602,1167,105,67,77,35,428,77,858,0.26,1,0,1165.66,1393,195,524,76,718,847,775,5.98,94,0.981
SK,2001,°­º´Ã¶,7,133,60,71,2,0.458,4400,596,1143,113,123,122,26,457,71,770,0.26,11,8,1171.33,1148,155,508,65,908,640,570,4.38,96,0.981
SK,2002,°­º´Ã¶,6,133,61,69,3,0.469,4475,618,1207,158,80,96,34,385,100,815,0.27,5,7,1179,1150,176,402,78,948,638,586,4.47,94,0.981
SK,2003,Á¶¹üÇö,2,133,66,64,3,0.508,4445,644,1208,156,82,127,32,464,89,763,0.272,3,10,1181.33,1190,135,497,83,759,642,583,4.44,90,0.983
SK,2004,Á¶¹üÇö,5,133,61,64,8,0.488,4499,655,1223,138,50,105,35,521,93,818,0.272,3,6,1186.33,1173,116,538,110,891,644,580,4.4,83,0.984
SK,2005,Á¶¹üÇö,3,126,70,50,6,0.583,4230,589,1139,122,101,136,38,495,85,806,0.269,2,10,1137,1005,103,422,99,843,485,431,3.41,80,0.983
SK,2006,Á¶¹üÇö,6,126,60,65,1,0.480,4177,509,1059,99,117,96,33,424,63,859,0.254,0,6,1124,1071,85,446,83,701,535,475,3.8,90,0.982
SK,2007,±è¼º±Ù,1,126,73,48,5,0.603,4236,603,1118,112,136,87,40,442,76,750,0.264,1,10,1139.33,1079,77,445,67,650,465,410,3.24,88,0.982
SK,2008,±è¼º±Ù,1,126,83,43,0,0.659,4332,632,1222,89,170,80,38,491,62,735,0.282,1,10,1151,1053,78,448,55,801,461,412,3.22,102,0.98
SK,2009,±è¼º±Ù,2,133,80,47,6,0.602,4574,732,1303,166,181,128,40,552,84,892,0.285,2,4,1213,1141,130,519,54,1032,550,494,3.67,94,0.982
SK,2010,±è¼º±Ù,1,133,84,47,2,0.632,4439,704,1217,120,161,147,44,485,98,813,0.274,2,11,1198.33,1074,117,543,47,1091,545,494,3.71,81,0.984
SK,2011,±è¼º±Ù,2,133,71,59,3,0.546,4404,584,1157,100,105,147,36,470,67,891,0.263,1,9,1192.33,1001,93,541,65,1006,522,476,3.59,68,0.986
SK,2012,ÀÌ¸¸¼ö,2,133,71,59,3,0.546,4347,564,1120,108,104,118,28,445,58,864,0.258,0,10,1181.33,1114,90,457,70,814,528,502,3.82,63,0.987
SK,2013,ÀÌ¸¸¼ö,6,128,62,63,3,0.496,4278,588,1134,124,144,83,37,465,86,918,0.265,4,8,1139,1091,101,505,70,878,571,527,4.16,84,0.983
SK,2014,ÀÌ¸¸¼ö,5,128,61,65,2,0.484,4423,735,1285,115,139,91,49,447,72,926,0.291,2,3,1129.33,1271,153,522,68,837,760,692,5.51,107,0.978
OB,1982,±è¿µ´ö,1,80,56,24,0,0.700,2745,399,778,57,106,46,18,247,41,254,0.283,32,5,725.33,625,41,289,33,317,318,258,3.2,98,0.971
OB,1983,±è¿µ´ö,5,100,44,55,1,0.444,3330,418,863,50,60,85,22,279,50,352,0.259,27,11,892.33,897,81,315,62,329,432,349,3.52,110,0.974
OB,1984,±è¼º±Ù,3,100,58,41,1,0.586,3183,382,816,53,111,62,34,339,43,367,0.256,14,12,885.33,720,51,331,44,445,298,249,2.53,82,0.98
OB,1985,±è¼º±Ù,4,110,51,57,2,0.472,3667,473,954,67,107,87,31,354,50,442,0.26,25,5,993,882,64,386,40,433,416,346,3.14,91,0.98
OB,1986,±è¼º±Ù,4,108,56,48,4,0.538,3531,369,880,38,78,104,29,336,39,395,0.249,29,17,975.66,820,43,390,29,394,341,283,2.61,95,0.979
OB,1987,±è¼º±Ù,4,108,55,52,1,0.514,3548,415,927,30,73,70,25,342,24,369,0.261,38,10,960.66,906,38,407,32,382,405,348,3.26,97,0.978
OB,1988,±è¼º±Ù,5,108,54,52,2,0.509,3584,418,923,44,87,78,31,321,28,375,0.258,17,13,969.33,933,69,381,35,388,447,402,3.73,81,0.981
OB,1989,ÀÌ±¤È¯,5,120,54,63,3,0.463,3935,447,970,42,135,82,32,389,42,559,0.247,18,10,1072.33,969,60,527,32,543,481,441,3.7,95,0.98
OB,1990,ÀÌ±¤È¯,7,120,35,80,5,0.313,3902,404,901,62,83,66,40,425,37,562,0.231,18,8,1055.66,1075,78,535,58,467,616,554,4.72,102,0.977
OB,1991,ÀÌÀç¿ì,8,126,51,73,2,0.413,4220,501,1054,59,136,91,22,419,35,639,0.25,28,7,1123.66,1093,82,506,55,479,593,526,4.21,117,0.976
OB,1992,À±µ¿±Õ,5,126,56,66,4,0.460,4225,547,1096,110,96,96,32,439,38,607,0.259,30,5,1127,1105,96,493,61,595,582,528,4.22,116,0.977
OB,1993,À±µ¿±Õ,3,126,66,55,5,0.544,4131,473,1066,59,86,118,39,403,48,611,0.258,26,12,1128,949,39,386,49,684,405,362,2.89,98,0.98
OB,1994,À±µ¿±Õ,7,126,53,72,1,0.425,4113,477,1013,75,81,93,33,364,53,712,0.246,28,11,1107.66,1042,56,404,58,670,507,426,3.46,116,0.976
OB,1995,±èÀÎ½Ä,1,126,74,47,5,0.607,4342,629,1154,106,121,62,40,357,52,741,0.266,22,11,1148.33,1031,68,399,56,701,500,437,3.42,106,0.978
OB,1996,±èÀÎ½Ä,8,126,47,73,6,0.397,4163,446,1008,82,78,75,29,327,59,721,0.242,14,11,1119.66,1044,81,441,58,666,520,459,3.69,104,0.979
OB,1997,±èÀÎ½Ä,5,126,57,64,5,0.472,4216,511,1070,84,143,70,31,382,69,718,0.254,8,10,1123,1090,67,453,67,784,551,479,3.84,115,0.977
OB,1998,±èÀÎ½Ä,4,126,61,62,3,0.496,4224,520,1080,102,123,65,34,338,56,713,0.256,15,7,1116.66,1054,88,425,55,774,506,447,3.6,91,0.981
DOO,1999,±èÀÎ½Ä,3,132,76,51,5,0.598,4587,721,1305,141,136,74,41,478,49,693,0.284,4,8,1188,1192,133,521,72,837,657,605,4.58,105,0.98
DOO,2000,±èÀÎ½Ä,2,133,76,57,0,0.571,4590,694,1325,150,115,43,47,475,58,684,0.289,3,4,1172.66,1190,104,517,56,829,616,550,4.22,114,0.977
DOO,2001,±èÀÎ½Ä,1,133,65,63,5,0.508,4583,732,1266,130,132,54,46,560,60,697,0.276,1,3,1180.33,1290,128,546,60,799,733,650,4.96,109,0.979
DOO,2002,±èÀÎ½Ä,5,133,66,65,2,0.504,4498,587,1173,130,106,47,46,434,58,794,0.261,3,6,1183,1139,99,479,60,954,562,517,3.93,88,0.983
DOO,2003,±èÀÎ½Ä,7,133,57,74,2,0.435,4536,563,1251,90,58,63,52,452,62,706,0.276,7,7,1175.66,1194,105,464,79,654,619,554,4.24,90,0.982
DOO,2004,±è°æ¹®,3,133,70,62,1,0.530,4485,606,1200,89,71,55,40,433,96,780,0.268,4,12,1177.66,1144,95,457,75,799,560,508,3.88,88,0.983
DOO,2005,±è°æ¹®,2,126,72,51,3,0.585,4256,596,1147,63,103,81,35,465,85,701,0.27,2,14,1125,1038,90,440,77,818,465,427,3.42,80,0.983
DOO,2006,±è°æ¹®,5,126,63,60,3,0.512,4147,455,1068,55,132,81,27,368,83,635,0.258,7,10,1115.66,968,69,424,69,834,467,416,3.36,95,0.98
DOO,2007,±è°æ¹®,2,126,70,54,2,0.565,4199,578,1103,78,161,68,51,449,88,748,0.263,6,14,1131.33,1067,74,399,75,721,480,432,3.44,73,0.985
DOO,2008,±è°æ¹®,2,126,70,56,0,0.556,4344,647,1198,68,189,36,44,472,78,719,0.276,0,8,1134.66,1115,78,379,69,780,542,490,3.89,92,0.981
DOO,2009,±è°æ¹®,3,133,71,60,2,0.534,4591,722,1286,120,129,26,40,522,86,849,0.28,1,6,1186.33,1221,120,515,75,862,662,607,4.6,83,0.984
DOO,2010,±è°æ¹®,3,133,73,57,3,0.549,4538,731,1276,149,128,54,38,533,89,834,0.281,2,7,1179.66,1190,135,437,85,888,669,606,4.62,91,0.982
DOO,2011,±è°æ¹®,5,133,61,70,2,0.466,4498,614,1221,92,130,73,39,513,81,799,0.271,4,7,1188.66,1231,96,476,75,855,619,563,4.26,81,0.984
DOO,2012,±èÁø¿í,3,133,68,62,3,0.523,4379,524,1139,59,116,102,40,362,54,659,0.26,9,12,1193.33,1053,66,491,57,802,519,475,3.58,78,0.985
DOO,2013,±èÁø¿í,2,128,71,54,3,0.568,4401,699,1271,95,172,82,56,524,79,717,0.289,1,8,1150.33,1183,84,514,76,848,625,584,4.57,61,0.988
DOO,2014,¼ÛÀÏ¼ö,6,128,59,68,1,0.465,4427,687,1299,108,111,81,43,468,64,731,0.293,4,2,1123.66,1311,121,450,58,840,733,678,5.43,81,0.983
LOT,1982,¹Ú¿µ±æ,5,80,31,49,0,0.388,2628,353,674,59,83,41,27,326,40,315,0.256,26,4,713.66,763,69,261,29,362,385,313,3.95,97,0.969
LOT,1983,¹Ú¿µ±æ,6,100,43,56,1,0.434,3291,365,803,77,76,57,25,307,41,423,0.244,29,5,897.66,935,90,260,47,414,464,378,3.79,125,0.969
LOT,1984,°­º´Ã¶,1,100,50,48,2,0.510,3265,405,840,71,108,56,28,326,48,446,0.257,26,3,880.66,865,75,300,40,453,390,324,3.31,96,0.976
LOT,1985,°­º´Ã¶,2,110,59,51,0,0.536,3598,426,920,77,79,106,34,352,47,445,0.256,32,15,992.33,936,60,324,44,513,420,336,3.05,111,0.975
LOT,1986,°­º´Ã¶,5,108,50,52,6,0.490,3603,373,894,37,89,100,19,342,24,357,0.248,33,6,983.66,896,48,325,49,520,360,299,2.74,94,0.979
LOT,1987,¼º±â¿µ,3,108,54,49,5,0.523,3625,432,970,40,99,86,20,390,34,330,0.268,51,14,975.66,971,40,331,34,504,404,364,3.36,77,0.982
LOT,1988,¾î¿ìÈ«,3,108,57,49,2,0.537,3578,482,967,68,127,104,24,347,40,333,0.27,30,9,969.33,968,56,330,32,477,449,391,3.63,92,0.979
LOT,1989,¾î¿ìÈ«,7,120,48,67,5,0.421,3939,419,974,38,100,98,27,519,29,520,0.247,36,7,1076,1072,68,390,50,508,522,467,3.91,99,0.98
LOT,1990,±èÁø¿µ,6,120,44,71,5,0.388,3858,453,946,41,125,119,31,464,48,501,0.245,19,6,1062.66,1062,83,446,56,487,585,524,4.44,102,0.977
LOT,1991,°­º´Ã¶,4,126,61,62,3,0.496,4128,583,1072,73,97,122,47,457,61,515,0.26,37,6,1117.66,1042,68,470,52,637,558,501,4.03,92,0.981
LOT,1992,°­º´Ã¶,1,126,71,55,0,0.563,4205,663,1213,68,130,103,53,483,59,542,0.288,39,7,1113.66,1152,99,410,37,581,581,529,4.28,87,0.982
LOT,1993,°­º´Ã¶,6,126,62,63,1,0.496,4077,452,1013,29,174,114,41,389,53,563,0.248,44,18,1120.66,1088,57,348,30,512,462,415,3.33,95,0.981
LOT,1994,±è¿ëÈñ,6,126,56,67,3,0.456,4175,489,1072,58,175,57,48,378,52,672,0.257,14,8,1112.33,1156,101,419,44,590,604,549,4.44,95,0.981
LOT,1995,±è¿ëÈñ,2,126,68,53,5,0.560,4197,590,1071,65,220,56,59,447,71,726,0.255,19,12,1137.33,1049,83,328,53,642,493,439,3.47,75,0.985
LOT,1996,±è¿ëÈñ,5,126,57,63,6,0.476,4244,566,1161,72,139,82,38,398,50,692,0.274,22,6,1120.66,1127,93,397,55,684,580,518,4.16,93,0.981
LOT,1997,±è¿ëÈñ,8,126,48,77,1,0.385,4066,434,962,75,110,88,29,359,56,801,0.237,9,4,1111.33,1155,116,464,47,640,621,566,4.58,110,0.978
LOT,1998,±è¿ëÈñ,8,126,50,72,4,0.410,4188,536,1070,86,76,89,32,403,68,829,0.255,20,7,1114,1149,115,381,74,693,646,570,4.61,102,0.979
LOT,1999,±è¸í¼º,2,132,75,52,5,0.591,4498,753,1309,145,98,99,52,465,72,815,0.291,15,8,1178,1125,146,431,54,852,590,547,4.18,92,0.982
LOT,2000,±è¸í¼º,5,133,65,64,4,0.504,4557,603,1186,104,92,82,24,449,66,831,0.26,8,14,1196.66,1136,129,442,53,917,579,534,4.02,105,0.98
LOT,2001,±è¸í¼º,8,133,59,70,4,0.457,4521,718,1265,121,106,82,60,585,60,817,0.28,0,3,1171.66,1238,128,523,61,790,670,609,4.68,99,0.981
LOT,2002,¿ì¿ëµæ,8,133,35,97,1,0.265,4512,463,1105,85,76,49,22,324,78,978,0.245,5,7,1168,1269,130,443,83,775,710,612,4.72,117,0.977
LOT,2003,¹éÀÎÃµ,8,133,39,91,3,0.300,4465,491,1143,73,84,83,28,338,73,848,0.256,3,4,1164.33,1302,171,435,93,647,709,648,5.01,104,0.98
LOT,2004,¾ç»ó¹®,8,133,50,72,11,0.410,4462,533,1125,88,129,74,31,416,92,853,0.252,4,8,1190.33,1216,109,449,76,753,608,558,4.22,87,0.983
LOT,2005,¾ç»ó¹®,5,126,58,67,1,0.464,4177,500,1058,83,88,94,20,361,70,856,0.253,2,6,1120.33,1097,91,408,89,817,573,535,4.3,98,0.98
LOT,2006,°­º´Ã¶,7,126,50,73,3,0.407,4137,488,1034,88,62,124,21,418,65,815,0.25,5,9,1118.66,1128,83,410,60,637,541,480,3.86,84,0.983
LOT,2007,°­º´Ã¶,7,126,55,68,3,0.447,4273,533,1152,76,67,104,39,405,73,763,0.27,2,9,1120.66,1164,93,414,69,704,554,513,4.12,82,0.983
LOT,2008,·ÎÀÌ½ºÅÍ,3,126,69,57,0,0.548,4256,624,1200,93,133,62,51,445,76,728,0.282,9,5,1119,1134,70,409,47,671,518,453,3.64,92,0.981
LOT,2009,·ÎÀÌ½ºÅÍ,4,133,66,67,0,0.496,4420,637,1223,121,106,60,49,456,68,816,0.277,6,13,1162.33,1290,139,487,67,722,669,613,4.75,96,0.981
LOT,2010,·ÎÀÌ½ºÅÍ,4,133,69,61,3,0.519,4673,773,1345,185,124,60,41,420,67,873,0.288,7,6,1194,1291,149,419,78,779,710,640,4.82,102,0.981
LOT,2011,¾ç½ÂÈ£,3,133,72,56,5,0.563,4599,713,1324,111,112,61,44,466,64,836,0.288,3,6,1187,1256,113,430,58,787,619,554,4.2,106,0.98
LOT,2012,¾ç½ÂÈ£,4,133,65,62,6,0.512,4481,509,1179,73,119,107,26,375,54,890,0.263,3,9,1190.33,1145,74,469,53,825,518,460,3.48,83,0.984
LOT,2013,±è½ÃÁø,5,128,66,58,4,0.532,4289,556,1118,61,133,74,41,502,72,862,0.261,1,11,1149.33,1148,84,489,62,820,553,502,3.93,98,0.98
LOT,2014,±è½ÃÁø,7,128,58,69,1,0.457,4487,716,1288,121,63,62,41,534,70,964,0.287,0,4,1133.33,1310,127,471,52,781,719,654,5.19,89,0.982
HAE,1982,±èµ¿¿±,4,80,38,42,0,0.475,2665,374,696,84,155,28,21,235,41,296,0.261,24,4,708,698,50,295,39,348,388,298,3.79,102,0.968
HAE,1983,±èÀÀ¿ë,1,100,55,44,1,0.556,3282,422,881,78,130,37,23,292,40,372,0.268,27,11,883.66,803,56,286,45,456,390,311,3.17,117,0.971
HAE,1984,±èÀÀ¿ë,5,100,43,54,3,0.443,3321,369,822,76,87,39,21,313,33,496,0.248,26,8,896.33,833,67,279,40,459,398,315,3.16,108,0.973
HAE,1985,±èÀÀ¿ë,3,110,57,52,1,0.523,3710,483,1009,99,130,60,32,348,33,386,0.272,11,7,988.66,979,83,296,51,450,465,400,3.64,89,0.98
HAE,1986,±èÀÀ¿ë,1,108,67,37,4,0.644,3582,474,929,99,120,76,23,321,39,406,0.259,28,16,982.66,857,41,334,34,531,372,312,2.86,99,0.978
HAE,1987,±èÀÀ¿ë,1,108,55,48,5,0.532,3609,393,910,71,90,68,26,335,44,379,0.252,26,15,982,864,52,372,32,494,401,345,3.16,84,0.981
HAE,1988,±èÀÀ¿ë,1,108,68,38,2,0.639,3604,505,1019,112,136,77,33,345,44,382,0.283,26,11,968.66,849,58,297,37,501,364,308,2.86,98,0.977
HAE,1989,±èÀÀ¿ë,1,120,65,51,4,0.558,3963,500,1011,90,111,57,26,470,48,508,0.255,30,14,1078.66,928,63,400,37,694,442,400,3.34,100,0.978
HAE,1990,±èÀÀ¿ë,3,120,68,49,3,0.579,3952,538,1066,87,101,95,29,466,53,544,0.27,34,16,1067.33,903,75,412,50,701,458,399,3.36,110,0.977
HAE,1991,±èÀÀ¿ë,1,126,79,42,5,0.647,4135,618,1069,144,152,74,35,516,83,588,0.259,34,16,1130.66,925,73,324,53,776,409,363,2.89,90,0.981
HAE,1992,±èÀÀ¿ë,3,126,71,54,1,0.567,4183,701,1139,138,134,54,37,559,70,656,0.272,25,11,1105.33,1101,118,405,69,678,571,517,4.21,105,0.978
HAE,1993,±èÀÀ¿ë,1,126,81,42,3,0.655,4102,513,1030,95,161,71,31,452,48,606,0.251,16,17,1129.33,935,76,372,75,802,420,367,2.92,110,0.978
HAE,1994,±èÀÀ¿ë,4,126,65,59,2,0.524,4254,563,1153,93,164,87,37,333,45,583,0.271,28,9,1119.33,999,92,406,73,737,509,448,3.6,116,0.976
HAE,1995,±èÀÀ¿ë,4,126,64,58,4,0.524,4095,431,989,75,130,86,35,341,77,675,0.242,15,11,1127.66,953,79,354,75,872,434,384,3.06,105,0.979
HAE,1996,±èÀÀ¿ë,1,126,73,51,2,0.587,4168,554,1022,92,170,71,29,463,72,744,0.245,22,15,1133.66,945,98,373,66,805,441,396,3.14,114,0.977
HAE,1997,±èÀÀ¿ë,1,126,75,50,1,0.599,4183,616,1081,133,148,78,30,466,67,722,0.258,11,10,1129,986,108,390,89,794,510,458,3.65,94,0.981
HAE,1998,±èÀÀ¿ë,5,126,61,64,1,0.488,4129,489,1067,94,58,92,33,367,57,669,0.258,6,9,1108.33,1062,121,351,76,870,531,481,3.91,98,0.979
HAE,1999,±èÀÀ¿ë,7,132,60,69,3,0.465,4549,765,1264,210,98,68,26,555,58,871,0.278,3,3,1168.33,1267,182,462,104,782,743,676,5.21,124,0.976
HAE,2000,±èÀÀ¿ë,6,133,57,72,4,0.442,4511,588,1137,86,112,64,33,527,40,866,0.252,10,5,1197.66,1284,177,491,96,881,728,659,4.95,119,0.977
KIA,2001,±è¼ºÇÑ,5,133,60,68,5,0.469,4542,683,1263,142,92,51,43,497,56,774,0.278,10,6,1178.66,1231,160,499,79,743,727,656,5.01,107,0.979
KIA,2002,±è¼ºÇÑ,3,133,78,51,4,0.605,4575,643,1230,120,155,45,35,454,91,914,0.269,10,7,1195,1185,151,370,97,862,580,520,3.92,101,0.98
KIA,2003,±è¼ºÇÑ,3,133,78,50,5,0.609,4448,657,1211,129,146,94,37,505,42,721,0.272,12,10,1178,1092,137,414,101,820,527,474,3.62,70,0.986
KIA,2004,±è¼ºÇÑ,4,133,67,61,5,0.523,4426,643,1182,143,127,82,54,549,79,693,0.267,5,9,1183,1198,119,496,120,773,637,593,4.51,79,0.984
KIA,2005,À¯³²È£,8,126,49,76,1,0.392,4234,541,1102,99,101,79,31,430,74,718,0.26,8,5,1105,1166,138,510,119,786,659,591,4.81,98,0.98
KIA,2006,¼­Á¤È¯,4,126,64,59,3,0.520,4181,476,1067,62,93,102,26,390,55,650,0.255,2,9,1118.33,998,73,442,78,735,451,414,3.33,66,0.986
KIA,2007,¼­Á¤È¯,8,126,51,74,1,0.408,4204,499,1080,73,70,78,45,428,55,630,0.257,2,6,1109.66,1109,103,526,97,670,602,554,4.49,77,0.984
KIA,2008,Á¶¹üÇö,6,126,57,69,0,0.452,4210,503,1095,48,131,85,35,453,48,642,0.26,3,9,1124,1078,65,473,77,733,555,510,4.08,75,0.985
KIA,2009,Á¶¹üÇö,1,133,81,48,4,0.609,4455,706,1191,156,113,74,41,579,66,890,0.267,4,10,1199,1178,108,441,83,893,581,522,3.92,94,0.982
KIA,2010,Á¶¹üÇö,5,133,59,74,0,0.444,4416,611,1148,106,117,109,33,523,85,865,0.26,4,7,1183.66,1227,93,468,81,885,641,577,4.39,86,0.983
KIA,2011,Á¶¹üÇö,4,133,70,63,0,0.526,4373,627,1177,106,113,109,34,554,59,782,0.269,7,10,1163.66,1117,87,457,76,920,580,530,4.1,67,0.986
KIA,2012,¼±µ¿¿­,5,133,62,65,6,0.488,4348,553,1112,54,132,132,47,544,60,790,0.256,11,15,1183.66,1161,69,452,68,822,564,513,3.9,88,0.983
KIA,2013,¼±µ¿¿­,8,128,51,74,3,0.408,4318,587,1125,88,141,78,42,537,75,864,0.261,2,3,1142.33,1307,88,532,76,923,711,650,5.12,71,0.985
KIA,2014,¼±µ¿¿­,8,128,54,74,0,0.422,4443,662,1279,121,121,67,35,416,62,870,0.288,2,5,1121.66,1289,116,561,67,896,788,725,5.82,94,0.98
BIN,1986,¹è¼º¼­,7,108,31,76,1,0.290,3453,333,815,46,79,84,17,420,30,494,0.236,42,8,956,932,90,284,47,407,467,388,3.65,102,0.976
BIN,1987,¹è¼º¼­,6,108,47,57,4,0.454,3547,410,972,48,79,104,23,326,54,423,0.274,51,7,955.33,970,75,281,37,364,454,401,3.78,105,0.975
BIN,1988,±è¿µ´ö,2,108,62,45,1,0.579,3616,506,961,73,83,69,33,332,52,463,0.266,27,14,972,1015,72,298,39,394,441,402,3.72,85,0.98
BIN,1989,±è¿µ´ö,2,120,71,46,3,0.604,4064,595,1121,97,122,64,45,412,48,544,0.276,26,9,1076.66,982,75,433,43,536,476,415,3.47,112,0.975
BIN,1990,±è¿µ´ö,4,120,68,50,2,0.575,3973,610,1074,112,138,70,42,495,47,618,0.27,6,5,1063.33,971,96,419,37,556,481,402,3.4,111,0.975
BIN,1991,±è¿µ´ö,2,126,72,49,5,0.591,4222,644,1155,136,121,84,29,484,51,705,0.274,30,13,1128,1014,75,420,73,601,493,411,3.28,131,0.971
BIN,1992,±è¿µ´ö,2,126,81,43,2,0.651,4198,658,1120,146,104,54,45,511,58,660,0.267,26,15,1120,1024,108,415,52,653,520,458,3.68,132,0.973
BIN,1993,±è¿µ´ö,5,126,61,61,4,0.500,4119,455,982,81,96,73,35,434,54,743,0.238,33,10,1127.66,1035,84,370,49,669,491,434,3.46,99,0.98
HAN,1994,°­º´Ã¶,3,126,65,59,2,0.524,4063,482,1002,68,94,113,36,416,63,696,0.247,22,9,1123.66,1036,95,361,40,745,510,440,3.52,118,0.975
HAN,1995,°­º´Ã¶,6,126,55,71,0,0.437,4161,510,1037,96,97,100,28,403,63,747,0.249,36,11,1119,1091,102,411,55,793,566,502,4.04,98,0.979
HAN,1996,°­º´Ã¶,4,126,70,55,1,0.560,4081,522,1000,90,95,118,35,432,80,836,0.245,21,12,1132.66,1025,98,351,56,949,532,477,3.79,114,0.976
HAN,1997,°­º´Ã¶,7,126,51,73,2,0.413,4077,481,1032,102,98,128,33,381,71,780,0.253,20,12,1115,1024,129,412,50,792,554,503,4.06,77,0.983
HAN,1998,°­º´Ã¶,7,126,55,66,5,0.455,4162,503,1042,123,94,99,21,339,72,783,0.25,8,6,1118.66,1107,114,405,40,840,578,529,4.26,96,0.98
HAN,1999,ÀÌÈñ¼ö,1,132,72,58,2,0.554,4479,731,1268,197,128,59,42,432,77,847,0.283,13,5,1170,1205,171,415,61,866,701,635,4.88,107,0.978
HAN,2000,ÀÌÈñ¼ö,7,133,50,78,5,0.391,4599,680,1270,180,78,45,43,449,66,997,0.276,7,7,1182.66,1248,189,527,83,805,776,689,5.24,120,0.977
HAN,2001,ÀÌ±¤È¯,4,133,61,68,4,0.473,4556,659,1255,148,135,75,34,549,45,877,0.275,7,5,1185,1288,142,541,66,813,733,634,4.82,117,0.977
HAN,2002,ÀÌ±¤È¯,7,133,59,69,5,0.461,4491,603,1148,170,94,52,22,446,49,1064,0.256,8,5,1184.66,1254,146,392,102,953,672,631,4.79,85,0.983
HAN,2003,À¯½Â¾È,5,133,63,65,5,0.492,4458,577,1131,121,78,102,21,542,75,887,0.254,4,8,1192,1184,142,437,68,772,617,579,4.37,75,0.985
HAN,2004,À¯½Â¾È,7,133,53,74,6,0.417,4519,632,1213,140,82,88,33,456,54,923,0.268,3,0,1180.66,1290,170,455,92,699,750,683,5.21,95,0.981
HAN,2005,±èÀÎ½Ä,4,126,64,61,1,0.512,4304,622,1163,159,62,31,31,400,75,824,0.27,2,6,1111,1193,111,389,88,662,603,545,4.41,110,0.978
HAN,2006,±èÀÎ½Ä,2,126,67,57,2,0.540,4170,511,1057,110,65,68,30,442,59,800,0.253,11,14,1121.33,1077,94,373,49,760,475,418,3.35,84,0.983
HAN,2007,±èÀÎ½Ä,3,126,67,57,2,0.540,4128,534,1050,104,48,87,28,506,56,705,0.254,9,5,1119,1084,84,451,53,741,481,440,3.54,76,0.984
HAN,2008,±èÀÎ½Ä,5,126,64,62,0,0.508,4275,592,1086,120,97,52,35,463,57,770,0.254,3,5,1129.66,1136,95,519,49,723,595,556,4.43,61,0.988
HAN,2009,±èÀÎ½Ä,8,133,46,84,3,0.346,4620,657,1241,164,69,43,31,498,81,1017,0.269,4,2,1174,1335,176,569,77,908,805,743,5.7,94,0.981
HAN,2010,ÇÑ´ëÈ­,8,133,49,82,2,0.368,4321,543,1053,104,121,75,33,497,80,943,0.244,6,6,1169.33,1290,146,551,72,806,763,705,5.43,80,0.984
HAN,2011,ÇÑ´ëÈ­,6,133,59,72,2,0.450,4367,568,1112,93,100,130,25,488,74,906,0.255,4,6,1175,1273,128,524,55,938,727,667,5.11,82,0.983
HAN,2012,ÇÑ´ëÈ­,8,133,53,77,3,0.408,4331,509,1077,71,107,100,27,538,61,907,0.249,3,6,1172.33,1148,106,488,68,936,647,593,4.55,73,0.985
HAN,2013,±èÀÀ¿ë,9,128,42,85,1,0.331,4271,480,1106,47,70,54,30,479,80,933,0.259,2,2,1129,1195,98,532,95,822,711,666,5.31,74,0.984
HAN,2014,±èÀÀ¿ë,9,128,49,77,2,0.389,4417,619,1251,104,70,50,43,490,55,839,0.283,2,3,1129,1451,162,537,81,748,889,796,6.35,113,0.977
SSB,1991,±èÀÎ½Ä,6,126,52,71,3,0.425,4114,554,1041,87,130,46,33,475,66,726,0.253,13,7,1099.66,1101,116,556,64,551,638,573,4.69,124,0.974
SSB,1992,±èÀÎ½Ä,8,126,41,84,1,0.329,4081,508,1015,90,89,77,21,528,54,748,0.249,14,5,1091.66,1106,140,516,65,600,686,588,4.85,135,0.972
SSB,1993,½Å¿ë±Õ,7,126,43,78,5,0.361,4005,366,903,46,117,74,21,392,53,733,0.225,24,7,1106,1032,88,528,62,654,551,491,4,93,0.981
SSB,1994,ÇÑµ¿È­,8,126,47,74,5,0.393,4142,494,1027,87,151,100,23,378,45,622,0.248,13,7,1115.66,1169,110,473,74,634,634,587,4.74,84,0.982
SSB,1995,ÇÑµ¿È­,8,126,45,78,3,0.369,4154,476,1054,83,131,103,33,381,37,600,0.254,21,6,1108,1134,124,476,80,622,636,575,4.67,93,0.981
SSB,1996,±è¼º±Ù,3,126,70,54,2,0.563,4112,545,1085,58,85,143,47,427,70,691,0.264,15,19,1125.33,1030,64,420,93,744,460,416,3.33,99,0.98
SSB,1997,±è¼º±Ù,3,126,71,53,2,0.571,4059,602,1090,110,81,137,44,490,51,694,0.269,6,8,1109.66,1075,93,378,87,689,518,471,3.82,86,0.982
SSB,1998,±è¼º±Ù,6,126,58,66,2,0.468,4170,536,1089,101,93,95,34,440,33,758,0.261,5,9,1115.33,1137,111,359,83,631,570,501,4.04,95,0.981
SSB,1999,±è¼º±Ù,8,132,28,97,7,0.224,4462,523,1108,86,126,76,33,418,64,908,0.248,6,4,1163.66,1342,187,481,103,661,826,757,5.85,110,0.978
SSM,1982,¹ÚÇö½Ä,6,80,15,65,0,0.188,2653,302,637,40,74,31,19,221,29,369,0.24,7,0,692,883,93,313,50,175,574,479,6.23,117,0.964
SSM,1983,±èÁø¿µ,3,100,52,47,1,0.525,3344,346,820,62,36,73,18,282,46,412,0.245,56,8,909,848,66,263,36,392,372,307,3.04,88,0.979
SSM,1984,±èÁø¿µ,6,100,38,59,3,0.392,3319,334,788,58,42,75,12,332,34,472,0.237,24,4,899.33,895,83,372,50,461,461,405,4.05,74,0.981
CHE,1985,±èÁø¿µ,6,110,39,70,1,0.358,3648,416,920,73,70,71,22,378,44,457,0.252,37,5,978.33,1130,118,399,60,393,607,529,4.87,106,0.976
CHE,1986,Çã±¸¿¬,6,108,32,74,2,0.302,3449,318,755,66,47,86,22,327,42,518,0.219,23,6,962.33,1001,68,356,57,408,506,427,3.99,101,0.977
CHE,1987,°­ÅÂÁ¤,7,108,41,65,2,0.389,3499,401,848,54,127,82,17,400,27,502,0.242,42,5,956,1063,69,327,36,328,524,463,4.36,91,0.979
TPY,1988,°­ÅÂÁ¤,7,108,34,73,1,0.319,3529,387,920,58,83,96,25,339,26,404,0.261,20,5,942,1013,78,304,37,386,538,478,4.57,93,0.978
TPY,1989,±è¼º±Ù,3,120,62,54,4,0.533,3943,499,981,55,168,99,35,504,40,554,0.249,34,8,1091.66,952,49,440,40,589,440,368,3.03,111,0.978
TPY,1990,±è¼º±Ù,5,120,58,59,3,0.496,3937,486,968,47,133,84,24,447,43,551,0.246,25,12,1082.33,1039,58,462,30,524,511,443,3.68,112,0.975
TPY,1991,¹Ú¿µ±æ,5,126,55,69,2,0.444,4105,426,976,51,142,85,27,423,41,600,0.238,33,8,1125,1083,99,478,42,602,559,503,4.02,103,0.978
TPY,1992,Á¤µ¿Áø,6,126,56,67,3,0.456,4143,518,1061,87,73,117,21,416,48,641,0.256,26,3,1111,1128,125,509,45,653,609,553,4.48,99,0.979
TPY,1993,Á¤µ¿Áø,8,126,34,82,10,0.310,4134,348,928,35,80,104,21,349,39,821,0.224,36,2,1134.66,1095,65,412,39,635,516,451,3.58,104,0.979
TPY,1994,Á¤µ¿Áø,2,126,68,55,3,0.552,4048,485,988,91,66,126,25,385,53,751,0.244,17,10,1121,1110,59,359,44,645,471,436,3.5,84,0.983
TPY,1995,Á¤µ¿Áø,7,126,48,73,5,0.401,4119,467,965,82,93,67,35,389,46,766,0.234,21,9,1112,1109,84,383,47,690,548,484,3.92,99,0.979
HYU,1996,±èÀç¹Ú,2,126,67,54,5,0.552,4127,493,1001,106,112,104,30,396,72,747,0.243,7,12,1140.66,974,76,378,54,749,454,385,3.04,100,0.98
HYU,1997,±èÀç¹Ú,6,126,51,71,4,0.421,4032,497,994,82,112,122,28,424,72,720,0.247,9,6,1108.33,1050,123,423,57,755,582,519,4.21,107,0.978
HYU,1998,±èÀç¹Ú,1,126,81,45,0,0.643,4161,633,1123,142,134,91,38,413,74,820,0.27,11,8,1121,984,98,415,33,875,445,377,3.03,108,0.978
HYU,1999,±èÀç¹Ú,5,132,68,59,5,0.535,4456,699,1210,143,109,127,42,537,98,780,0.272,10,6,1181.33,1268,141,473,60,910,646,587,4.47,106,0.979
HYU,2000,±èÀç¹Ú,1,133,91,40,2,0.695,4481,777,1245,208,104,74,46,548,94,905,0.278,5,11,1189.66,1111,95,451,34,997,528,481,3.64,95,0.982
HYU,2001,±èÀç¹Ú,3,133,72,57,4,0.558,4445,711,1192,169,99,77,29,598,76,911,0.268,6,3,1183.33,1250,98,531,54,757,628,570,4.34,116,0.978
HYU,2002,±èÀç¹Ú,4,133,70,58,5,0.547,4444,658,1160,173,79,99,34,464,99,945,0.261,3,6,1186.33,1219,142,416,64,890,614,558,4.23,82,0.984
HYU,2003,±èÀç¹Ú,1,133,80,51,2,0.611,4483,723,1280,175,75,139,38,543,109,727,0.286,2,4,1190,1245,120,457,62,840,627,546,4.13,112,0.978
HYU,2004,±èÀç¹Ú,1,133,75,53,5,0.586,4480,692,1233,134,100,111,38,607,86,871,0.275,3,8,1187,1193,123,440,59,842,590,535,4.06,78,0.985
HYU,2005,±èÀç¹Ú,7,126,53,70,3,0.431,4190,563,1071,134,81,105,26,458,120,817,0.256,2,9,1115.66,1175,125,422,80,803,647,580,4.68,100,0.979
HYU,2006,±èÀç¹Ú,3,126,70,55,1,0.560,4092,547,1104,92,71,153,32,444,77,628,0.27,2,15,1114.66,1053,69,394,71,816,467,422,3.41,93,0.98
HYU,2007,±è½ÃÁø,6,126,56,69,1,0.448,4260,530,1154,96,51,125,32,443,60,653,0.271,1,2,1127,1104,119,466,48,796,615,552,4.41,96,0.98
